date,temperature,humidity,precipitation,wind_speed,pressure,cloud_cover
2024-09-30 03:00:00,13.6,69.0,0.0,7.9,1008.5,2.0
2024-09-30 04:00:00,13.6,67.0,0.0,8.3,1008.5,6.0
2024-09-30 05:00:00,13.5,65.0,0.0,10.1,1008.5,7.0
2024-09-30 06:00:00,13.8,64.0,0.0,11.5,1008.5,8.0
2024-09-30 07:00:00,14.2,65.0,0.0,13.0,1008.6,7.0
2024-09-30 08:00:00,16.1,59.0,0.0,15.1,1008.8,7.0
2024-09-30 09:00:00,18.0,48.0,0.0,16.6,1009.0,7.0
2024-09-30 10:00:00,19.1,45.0,0.0,15.8,1008.9,6.0
2024-09-30 11:00:00,21.0,41.0,0.0,14.4,1008.7,4.0
2024-09-30 12:00:00,22.8,37.0,0.0,14.0,1008.2,4.0
2024-09-30 13:00:00,24.3,35.0,0.0,14.4,1008.0,3.0
2024-09-30 14:00:00,25.2,33.0,0.0,14.8,1007.6,1.0
2024-09-30 15:00:00,25.6,32.0,0.0,15.1,1007.4,0.0
2024-09-30 16:00:00,25.5,32.0,0.0,15.8,1007.3,0.0
2024-09-30 17:00:00,24.7,33.0,0.0,17.3,1007.2,4.0
2024-09-30 18:00:00,22.8,38.0,0.0,13.0,1007.5,8.0
2024-09-30 19:00:00,21.6,41.0,0.0,15.5,1007.4,8.0
2024-09-30 20:00:00,20.9,43.0,0.0,15.5,1007.5,8.0
2024-09-30 21:00:00,20.2,42.0,0.0,14.4,1007.2,8.0
2024-09-30 22:00:00,19.1,43.0,0.0,13.7,1007.2,3.0
2024-09-30 23:00:00,18.0,45.0,0.0,13.3,1006.7,3.0
2024-10-01 00:00:00,17.5,43.0,0.0,14.8,1006.2,7.0
2024-10-01 01:00:00,17.6,42.0,0.0,16.9,1005.8,5.0
2024-10-01 02:00:00,17.5,41.0,0.0,17.3,1006.0,8.0
2024-10-01 03:00:00,17.6,42.0,0.0,19.4,1005.7,7.0
2024-10-01 04:00:00,17.2,44.0,0.0,19.8,1005.8,3.0
2024-10-01 05:00:00,16.6,45.0,0.0,19.1,1006.1,1.0
2024-10-01 06:00:00,15.8,48.0,0.0,19.8,1006.5,6.0
2024-10-01 07:00:00,15.3,50.0,0.0,20.2,1006.8,7.0
2024-10-01 08:00:00,16.2,49.0,0.0,18.7,1007.0,4.0
2024-10-01 09:00:00,17.5,42.0,0.0,22.7,1007.2,5.0
2024-10-01 10:00:00,19.0,37.0,0.0,23.0,1007.1,7.0
2024-10-01 11:00:00,19.9,37.0,0.0,22.7,1006.6,2.0
2024-10-01 12:00:00,21.2,36.0,0.0,22.0,1006.3,4.0
2024-10-01 13:00:00,22.3,36.0,0.0,20.9,1006.3,0.0
2024-10-01 14:00:00,23.0,35.0,0.0,19.8,1006.0,0.0
2024-10-01 15:00:00,23.5,35.0,0.0,20.2,1005.9,0.0
2024-10-01 16:00:00,23.6,36.0,0.0,22.3,1006.0,0.0
2024-10-01 17:00:00,23.3,38.0,0.0,21.6,1006.3,3.0
2024-10-01 18:00:00,22.0,44.0,0.0,17.6,1006.8,6.0
2024-10-01 19:00:00,21.1,49.0,0.0,18.0,1007.3,8.0
2024-10-01 20:00:00,21.2,48.0,0.0,14.0,1007.5,8.0
2024-10-01 21:00:00,21.3,43.0,0.0,17.3,1007.9,8.0
2024-10-01 22:00:00,20.7,43.0,0.0,15.5,1008.3,7.0
2024-10-01 23:00:00,19.7,48.0,0.0,13.3,1008.4,0.0
2024-10-02 00:00:00,17.7,52.0,0.0,11.9,1008.6,1.0
2024-10-02 01:00:00,16.9,39.0,0.0,14.4,1008.8,1.0
2024-10-02 02:00:00,18.9,28.0,0.0,15.5,1009.3,8.0
2024-10-02 03:00:00,17.9,28.0,0.0,15.1,1009.7,6.0
2024-10-02 04:00:00,16.1,30.0,0.0,14.4,1010.0,4.0
2024-10-02 05:00:00,14.9,32.0,0.0,14.4,1010.3,0.0
2024-10-02 06:00:00,14.0,33.0,0.0,14.0,1010.8,0.0
2024-10-02 07:00:00,13.1,35.0,0.0,14.4,1011.3,0.0
2024-10-02 08:00:00,14.5,35.0,0.0,15.5,1011.7,0.0
2024-10-02 09:00:00,16.6,30.0,0.0,15.1,1012.2,0.0
2024-10-02 10:00:00,18.7,27.0,0.0,16.2,1012.5,0.0
2024-10-02 11:00:00,20.5,23.0,0.0,17.6,1012.5,0.0
2024-10-02 12:00:00,22.0,21.0,0.0,16.9,1012.1,0.0
2024-10-02 13:00:00,22.9,19.0,0.0,15.1,1012.2,0.0
2024-10-02 14:00:00,23.4,18.0,0.0,14.4,1012.2,0.0
2024-10-02 15:00:00,23.5,18.0,0.0,13.3,1012.4,0.0
2024-10-02 16:00:00,23.2,18.0,0.0,11.9,1012.5,0.0
2024-10-02 17:00:00,22.5,19.0,0.0,10.8,1013.1,0.0
2024-10-02 18:00:00,18.4,31.0,0.0,10.4,1013.4,0.0
2024-10-02 19:00:00,16.2,33.0,0.0,12.2,1013.9,0.0
2024-10-02 20:00:00,15.2,36.0,0.0,12.6,1014.2,0.0
2024-10-02 21:00:00,15.3,37.0,0.0,11.5,1014.5,0.0
2024-10-02 22:00:00,14.5,57.0,0.0,11.2,1014.9,0.0
2024-10-02 23:00:00,13.4,75.0,0.0,11.2,1015.3,0.0
2024-10-03 00:00:00,12.3,85.0,0.0,10.1,1015.3,0.0
2024-10-03 01:00:00,11.5,89.0,0.0,10.8,1015.4,0.0
2024-10-03 02:00:00,11.4,89.0,0.0,9.4,1015.5,0.0
2024-10-03 03:00:00,11.0,92.0,0.0,9.0,1015.8,0.0
2024-10-03 04:00:00,10.6,95.0,0.0,9.0,1015.9,0.0
2024-10-03 05:00:00,10.2,97.0,0.0,9.4,1016.0,0.0
2024-10-03 06:00:00,9.3,97.0,0.0,9.7,1015.8,0.0
2024-10-03 07:00:00,9.6,94.0,0.0,8.3,1016.1,0.0
2024-10-03 08:00:00,12.2,71.0,0.0,11.5,1016.4,0.0
2024-10-03 09:00:00,15.1,57.0,0.0,8.3,1016.7,0.0
2024-10-03 10:00:00,17.9,64.0,0.0,10.4,1016.9,1.0
2024-10-03 11:00:00,20.0,60.0,0.0,13.3,1017.0,0.0
2024-10-03 12:00:00,21.5,41.0,0.0,16.9,1016.8,1.0
2024-10-03 13:00:00,22.2,37.0,0.0,16.9,1016.5,7.0
2024-10-03 14:00:00,22.5,36.0,0.0,17.3,1016.4,8.0
2024-10-03 15:00:00,22.5,37.0,0.0,16.6,1016.4,8.0
2024-10-03 16:00:00,22.4,38.0,0.0,15.5,1016.3,8.0
2024-10-03 17:00:00,21.7,41.0,0.0,15.1,1016.3,0.0
2024-10-03 18:00:00,19.8,50.0,0.0,13.7,1016.3,0.0
2024-10-03 19:00:00,18.2,57.0,0.0,15.8,1016.7,0.0
2024-10-03 20:00:00,17.3,65.0,0.0,15.5,1017.3,0.0
2024-10-03 21:00:00,16.3,75.0,0.0,15.1,1017.8,0.0
2024-10-03 22:00:00,15.3,86.0,0.0,12.6,1018.1,0.0
2024-10-03 23:00:00,14.7,79.0,0.0,12.2,1017.8,7.0
2024-10-04 00:00:00,13.8,81.0,0.0,8.6,1018.1,0.0
2024-10-04 01:00:00,13.0,84.0,0.0,8.6,1018.1,0.0
2024-10-04 02:00:00,12.6,84.0,0.0,7.9,1018.0,0.0
2024-10-04 03:00:00,12.2,86.0,0.0,7.9,1017.9,5.0
2024-10-04 04:00:00,12.0,84.0,0.0,7.9,1017.8,8.0
2024-10-04 05:00:00,12.0,82.0,0.0,8.3,1017.7,8.0
2024-10-04 06:00:00,11.9,80.0,0.0,7.9,1017.5,1.0
2024-10-04 07:00:00,11.9,79.0,0.0,9.0,1017.4,6.0
2024-10-04 08:00:00,14.1,70.0,0.0,11.9,1017.5,8.0
2024-10-04 09:00:00,16.6,64.0,0.0,11.2,1017.7,8.0
2024-10-04 10:00:00,18.6,69.0,0.0,11.5,1018.0,8.0
2024-10-04 11:00:00,20.7,68.0,0.0,14.4,1017.9,7.0
2024-10-04 12:00:00,22.0,61.0,0.0,17.6,1017.5,8.0
2024-10-04 13:00:00,23.2,53.0,0.0,17.3,1017.2,8.0
2024-10-04 14:00:00,23.3,53.0,0.0,19.4,1016.8,8.0
2024-10-04 15:00:00,23.7,51.0,0.0,20.2,1016.1,8.0
2024-10-04 16:00:00,23.5,51.0,0.0,20.2,1015.9,8.0
2024-10-04 17:00:00,22.9,52.0,0.0,18.0,1015.6,8.0
2024-10-04 18:00:00,21.2,61.0,0.0,17.3,1015.6,8.0
2024-10-04 19:00:00,19.8,68.0,0.0,17.3,1016.3,7.0
2024-10-04 20:00:00,18.9,72.0,0.0,18.4,1016.4,4.0
2024-10-04 21:00:00,17.7,83.0,0.0,18.0,1016.9,0.0
2024-10-04 22:00:00,16.9,91.0,0.0,16.6,1017.2,0.0
2024-10-04 23:00:00,16.2,95.0,0.0,14.0,1017.2,3.0
2024-10-05 00:00:00,15.9,93.0,0.0,13.3,1016.5,4.0
2024-10-05 01:00:00,15.6,94.0,0.0,12.2,1016.3,1.0
2024-10-05 02:00:00,15.4,96.0,0.0,11.2,1016.3,2.0
2024-10-05 03:00:00,15.3,97.0,0.0,11.9,1015.9,2.0
2024-10-05 04:00:00,15.0,97.0,0.0,11.5,1015.6,4.0
2024-10-05 05:00:00,14.8,97.0,0.0,10.8,1015.9,2.0
2024-10-05 06:00:00,14.5,96.0,0.0,10.8,1015.9,2.0
2024-10-05 07:00:00,14.2,94.0,0.0,10.4,1015.8,7.0
2024-10-05 08:00:00,15.5,85.0,0.0,11.9,1015.9,6.0
2024-10-05 09:00:00,17.6,76.0,0.0,11.9,1016.1,1.0
2024-10-05 10:00:00,19.6,73.0,0.0,14.4,1016.0,0.0
2024-10-05 11:00:00,21.7,66.0,0.0,15.5,1015.6,0.0
2024-10-05 12:00:00,23.2,59.0,0.0,16.2,1015.3,0.0
2024-10-05 13:00:00,24.3,53.0,0.0,15.5,1015.0,0.0
2024-10-05 14:00:00,25.0,48.0,0.0,15.8,1014.4,0.0
2024-10-05 15:00:00,25.3,47.0,0.0,16.2,1014.0,0.0
2024-10-05 16:00:00,25.2,46.0,0.0,16.6,1013.7,0.0
2024-10-05 17:00:00,24.5,48.0,0.0,15.5,1013.5,0.0
2024-10-05 18:00:00,22.5,57.0,0.0,14.8,1013.9,0.0
2024-10-05 19:00:00,20.8,66.0,0.0,15.5,1014.1,0.0
2024-10-05 20:00:00,19.8,73.0,0.0,16.2,1014.3,0.0
2024-10-05 21:00:00,18.7,80.0,0.0,16.6,1014.1,0.0
2024-10-05 22:00:00,17.9,88.0,0.0,15.5,1014.3,0.0
2024-10-05 23:00:00,17.1,93.0,0.0,13.3,1014.4,0.0
2024-10-06 00:00:00,16.8,95.0,0.0,13.0,1014.2,0.0
2024-10-06 01:00:00,16.5,97.0,0.0,12.6,1013.7,0.0
2024-10-06 02:00:00,16.3,97.0,0.0,10.8,1014.0,6.0
2024-10-06 03:00:00,16.1,98.0,0.0,12.2,1013.4,7.0
2024-10-06 04:00:00,16.0,98.0,0.0,12.2,1013.0,7.0
2024-10-06 05:00:00,15.9,99.0,0.0,11.9,1013.0,4.0
2024-10-06 06:00:00,15.8,99.0,0.0,11.9,1012.8,3.0
2024-10-06 07:00:00,15.8,97.0,0.0,12.2,1012.7,0.0
2024-10-06 08:00:00,16.8,93.0,0.0,13.3,1012.9,1.0
2024-10-06 09:00:00,18.5,85.0,0.0,14.8,1012.9,0.0
2024-10-06 10:00:00,20.4,69.0,0.0,16.9,1013.1,5.0
2024-10-06 11:00:00,22.3,51.0,0.0,18.0,1012.8,8.0
2024-10-06 12:00:00,24.0,43.0,0.0,18.4,1012.4,8.0
2024-10-06 13:00:00,25.0,40.0,0.0,18.0,1011.9,4.0
2024-10-06 14:00:00,25.8,37.0,0.0,19.4,1011.1,8.0
2024-10-06 15:00:00,26.0,37.0,0.0,19.4,1010.6,7.0
2024-10-06 16:00:00,25.7,36.0,0.0,19.1,1010.3,8.0
2024-10-06 17:00:00,24.8,37.0,0.0,16.9,1009.8,8.0
2024-10-06 18:00:00,22.6,43.0,0.0,13.0,1009.8,8.0
2024-10-06 19:00:00,20.7,48.0,0.0,13.0,1010.2,8.0
2024-10-06 20:00:00,19.6,50.0,0.0,13.3,1010.4,8.0
2024-10-06 21:00:00,18.6,53.0,0.0,12.6,1010.4,8.0
2024-10-06 22:00:00,17.5,56.0,0.0,11.9,1010.4,8.0
2024-10-06 23:00:00,16.8,59.0,0.0,11.2,1010.5,8.0
2024-10-07 00:00:00,16.3,64.0,0.0,11.5,1009.7,8.0
2024-10-07 01:00:00,15.9,69.0,0.0,10.8,1009.5,8.0
2024-10-07 02:00:00,15.5,77.0,0.0,9.7,1009.2,8.0
2024-10-07 03:00:00,15.3,74.0,0.0,8.6,1008.5,8.0
2024-10-07 04:00:00,14.9,79.0,0.0,7.6,1008.1,8.0
2024-10-07 05:00:00,14.7,82.0,0.0,6.8,1008.0,8.0
2024-10-07 06:00:00,14.4,86.0,0.0,7.2,1008.0,7.0
2024-10-07 07:00:00,14.3,88.0,0.0,9.7,1008.0,1.0
2024-10-07 08:00:00,16.5,89.0,0.9,13.7,1008.4,8.0
2024-10-07 09:00:00,18.3,86.0,0.0,13.3,1007.7,8.0
2024-10-07 10:00:00,19.5,81.0,0.0,15.8,1007.8,8.0
2024-10-07 11:00:00,21.2,70.0,0.0,14.4,1007.5,8.0
2024-10-07 12:00:00,21.9,65.0,0.0,19.1,1007.3,8.0
2024-10-07 13:00:00,19.7,84.0,0.6,23.8,1008.1,8.0
2024-10-07 14:00:00,18.3,90.0,0.6,23.8,1007.4,8.0
2024-10-07 15:00:00,19.1,82.0,0.2,25.6,1007.7,8.0
2024-10-07 16:00:00,18.3,81.0,1.6,28.4,1007.8,6.0
2024-10-07 17:00:00,17.6,79.0,0.2,25.9,1008.0,6.0
2024-10-07 18:00:00,17.5,72.0,0.1,25.2,1008.3,3.0
2024-10-07 19:00:00,15.8,73.0,0.0,22.0,1009.7,7.0
2024-10-07 20:00:00,15.3,71.0,0.0,22.7,1010.7,7.0
2024-10-07 21:00:00,14.2,75.0,0.0,19.8,1011.8,4.0
2024-10-07 22:00:00,13.4,80.0,0.0,19.1,1012.6,4.0
2024-10-07 23:00:00,12.6,80.0,0.0,16.9,1013.0,6.0
2024-10-08 00:00:00,12.5,80.0,0.0,16.2,1013.2,8.0
2024-10-08 01:00:00,12.6,79.0,0.0,15.8,1013.5,8.0
2024-10-08 02:00:00,12.4,80.0,0.0,15.8,1013.9,6.0
2024-10-08 03:00:00,12.5,79.0,0.0,16.9,1014.1,0.0
2024-10-08 04:00:00,12.0,78.0,0.0,19.4,1014.6,1.0
2024-10-08 05:00:00,11.5,77.0,0.0,19.1,1015.3,0.0
2024-10-08 06:00:00,11.0,79.0,0.0,17.6,1015.4,0.0
2024-10-08 07:00:00,10.6,80.0,0.0,18.4,1015.8,0.0
2024-10-08 08:00:00,11.6,74.0,0.0,16.6,1016.4,0.0
2024-10-08 09:00:00,13.5,62.0,0.0,21.6,1016.6,0.0
2024-10-08 10:00:00,15.0,57.0,0.0,24.5,1016.8,0.0
2024-10-08 11:00:00,17.0,49.0,0.0,28.1,1016.7,5.0
2024-10-08 12:00:00,18.0,44.0,0.0,30.6,1016.6,8.0
2024-10-08 13:00:00,18.4,42.0,0.0,30.6,1016.3,6.0
2024-10-08 14:00:00,19.5,39.0,0.0,31.0,1015.4,6.0
2024-10-08 15:00:00,20.4,35.0,0.0,30.6,1015.3,4.0
2024-10-08 16:00:00,20.6,34.0,0.0,27.4,1015.2,1.0
2024-10-08 17:00:00,20.2,34.0,0.0,23.8,1015.2,1.0
2024-10-08 18:00:00,18.5,40.0,0.0,18.0,1015.6,0.0
2024-10-08 19:00:00,16.7,51.0,0.0,16.2,1016.0,0.0
2024-10-08 20:00:00,16.1,54.0,0.0,14.8,1016.1,0.0
2024-10-08 21:00:00,15.1,59.0,0.0,12.6,1016.3,0.0
2024-10-08 22:00:00,13.9,64.0,0.0,10.4,1016.8,0.0
2024-10-08 23:00:00,13.0,68.0,0.0,10.8,1016.9,0.0
2024-10-09 00:00:00,13.7,64.0,0.0,13.7,1016.4,0.0
2024-10-09 01:00:00,12.9,69.0,0.0,13.3,1016.5,0.0
2024-10-09 02:00:00,12.3,74.0,0.0,12.2,1016.9,0.0
2024-10-09 03:00:00,11.8,77.0,0.0,11.2,1016.7,0.0
2024-10-09 04:00:00,11.2,81.0,0.0,9.4,1016.5,0.0
2024-10-09 05:00:00,10.6,86.0,0.0,8.3,1016.6,0.0
2024-10-09 06:00:00,10.0,91.0,0.0,7.6,1016.3,0.0
2024-10-09 07:00:00,9.4,93.0,0.0,7.9,1016.2,0.0
2024-10-09 08:00:00,11.4,84.0,0.0,6.5,1016.4,0.0
2024-10-09 09:00:00,14.0,72.0,0.0,2.2,1016.5,0.0
2024-10-09 10:00:00,16.5,61.0,0.0,4.3,1016.0,0.0
2024-10-09 11:00:00,18.9,53.0,0.0,9.4,1015.7,0.0
2024-10-09 12:00:00,20.3,47.0,0.0,11.2,1015.0,0.0
2024-10-09 13:00:00,21.0,44.0,0.0,12.2,1014.5,0.0
2024-10-09 14:00:00,21.5,41.0,0.0,10.1,1014.2,0.0
2024-10-09 15:00:00,21.7,40.0,0.0,8.3,1014.0,0.0
2024-10-09 16:00:00,21.5,41.0,0.0,7.2,1013.6,0.0
2024-10-09 17:00:00,20.8,44.0,0.0,7.2,1013.0,0.0
2024-10-09 18:00:00,17.0,59.0,0.0,8.6,1012.8,3.0
2024-10-09 19:00:00,15.6,67.0,0.0,8.6,1012.8,8.0
2024-10-09 20:00:00,14.9,74.0,0.0,8.3,1012.5,7.0
2024-10-09 21:00:00,14.1,77.0,0.0,9.4,1012.3,8.0
2024-10-09 22:00:00,15.0,73.0,0.0,9.7,1012.5,6.0
2024-10-09 23:00:00,14.2,86.0,0.0,9.4,1012.4,7.0
2024-10-10 00:00:00,13.9,92.0,0.0,9.4,1012.1,5.0
2024-10-10 01:00:00,13.5,94.0,0.0,9.7,1011.6,8.0
2024-10-10 02:00:00,13.2,95.0,0.0,9.0,1011.4,8.0
2024-10-10 03:00:00,12.7,97.0,0.0,9.4,1011.0,3.0
2024-10-10 04:00:00,11.9,99.0,0.0,9.0,1010.8,7.0
2024-10-10 05:00:00,11.5,100.0,0.0,8.6,1010.8,8.0
2024-10-10 06:00:00,11.9,100.0,0.0,8.3,1010.6,8.0
2024-10-10 07:00:00,12.1,99.0,0.0,8.3,1010.4,8.0
2024-10-10 08:00:00,13.1,97.0,0.0,11.2,1010.4,8.0
2024-10-10 09:00:00,15.6,89.0,0.0,12.2,1010.3,4.0
2024-10-10 10:00:00,18.0,79.0,0.0,13.0,1010.1,4.0
2024-10-10 11:00:00,19.9,70.0,0.0,18.7,1009.7,7.0
2024-10-10 12:00:00,20.9,62.0,0.0,18.4,1009.6,8.0
2024-10-10 13:00:00,22.0,55.0,0.0,17.3,1009.2,8.0
2024-10-10 14:00:00,23.4,46.0,0.0,16.9,1008.6,7.0
2024-10-10 15:00:00,23.5,47.0,0.0,16.9,1008.6,6.0
2024-10-10 16:00:00,22.0,58.0,0.0,18.7,1008.8,3.0
2024-10-10 17:00:00,20.8,66.0,0.0,17.3,1008.9,4.0
2024-10-10 18:00:00,19.2,74.0,0.0,17.3,1009.1,1.0
2024-10-10 19:00:00,17.9,79.0,0.0,16.6,1009.4,1.0
2024-10-10 20:00:00,17.0,83.0,0.0,16.9,1009.8,7.0
2024-10-10 21:00:00,17.0,84.0,0.0,16.6,1010.0,5.0
2024-10-10 22:00:00,16.4,87.0,0.0,14.8,1010.4,2.0
2024-10-10 23:00:00,15.7,91.0,0.0,12.6,1010.5,5.0
2024-10-11 00:00:00,15.6,91.0,0.0,13.0,1010.5,8.0
2024-10-11 01:00:00,15.6,91.0,0.0,12.2,1010.6,8.0
2024-10-11 02:00:00,15.9,93.0,0.0,14.4,1010.8,8.0
2024-10-11 03:00:00,15.9,93.0,0.0,14.0,1010.7,8.0
2024-10-11 04:00:00,15.8,94.0,0.0,12.2,1010.6,8.0
2024-10-11 05:00:00,15.8,94.0,0.0,12.6,1010.7,8.0
2024-10-11 06:00:00,15.7,95.0,0.0,14.0,1010.7,8.0
2024-10-11 07:00:00,15.5,95.0,0.0,14.4,1010.8,8.0
2024-10-11 08:00:00,15.8,92.0,0.0,15.5,1011.3,8.0
2024-10-11 09:00:00,16.5,87.0,0.0,16.9,1011.5,8.0
2024-10-11 10:00:00,17.5,81.0,0.0,17.3,1011.7,8.0
2024-10-11 11:00:00,19.1,73.0,0.0,16.6,1012.0,7.0
2024-10-11 12:00:00,21.5,62.0,0.0,16.9,1011.7,2.0
2024-10-11 13:00:00,22.3,58.0,0.0,15.8,1011.3,2.0
2024-10-11 14:00:00,22.8,55.0,0.0,15.8,1011.1,1.0
2024-10-11 15:00:00,22.8,54.0,0.0,15.1,1011.1,1.0
2024-10-11 16:00:00,22.5,54.0,0.0,14.4,1011.2,2.0
2024-10-11 17:00:00,21.1,63.0,0.0,12.2,1011.6,2.0
2024-10-11 18:00:00,19.3,71.0,0.0,9.4,1011.9,2.0
2024-10-11 19:00:00,18.3,76.0,0.0,11.9,1012.1,2.0
2024-10-11 20:00:00,17.9,79.0,0.0,14.0,1012.4,1.0
2024-10-11 21:00:00,17.3,85.0,0.0,15.1,1012.7,1.0
2024-10-11 22:00:00,16.7,91.0,0.0,15.5,1012.5,7.0
2024-10-11 23:00:00,15.9,94.0,0.0,14.4,1012.5,8.0
2024-10-12 00:00:00,15.5,95.0,0.0,12.6,1012.7,8.0
2024-10-12 01:00:00,15.3,95.0,0.0,10.8,1012.8,8.0
2024-10-12 02:00:00,14.8,96.0,0.0,9.7,1012.9,7.0
2024-10-12 03:00:00,14.4,95.0,0.0,9.4,1012.8,5.0
2024-10-12 04:00:00,14.2,93.0,0.0,11.2,1012.5,8.0
2024-10-12 05:00:00,14.0,89.0,0.0,10.8,1012.9,1.0
2024-10-12 06:00:00,13.7,84.0,0.0,11.5,1012.9,7.0
2024-10-12 07:00:00,13.6,80.0,0.0,12.6,1012.8,8.0
2024-10-12 08:00:00,14.9,77.0,0.0,14.8,1013.6,4.0
2024-10-12 09:00:00,17.0,69.0,0.0,15.1,1013.6,4.0
2024-10-12 10:00:00,18.9,64.0,0.0,15.8,1013.2,8.0
2024-10-12 11:00:00,20.7,59.0,0.0,18.0,1013.5,6.0
2024-10-12 12:00:00,22.1,53.0,0.0,19.8,1013.3,8.0
2024-10-12 13:00:00,22.9,48.0,0.0,19.4,1013.5,8.0
2024-10-12 14:00:00,23.1,46.0,0.0,18.7,1013.3,8.0
2024-10-12 15:00:00,23.0,46.0,0.0,18.7,1013.3,8.0
2024-10-12 16:00:00,22.5,47.0,0.0,18.4,1013.2,8.0
2024-10-12 17:00:00,21.7,50.0,0.0,16.9,1013.0,8.0
2024-10-12 18:00:00,20.3,55.0,0.0,19.1,1013.1,8.0
2024-10-12 19:00:00,19.3,56.0,0.0,19.8,1013.2,8.0
2024-10-12 20:00:00,18.3,56.0,0.0,19.4,1013.7,8.0
2024-10-12 21:00:00,17.8,56.0,0.0,18.7,1013.9,8.0
2024-10-12 22:00:00,16.8,61.0,0.0,18.7,1014.4,8.0
2024-10-12 23:00:00,16.8,54.0,0.1,18.7,1014.1,8.0
2024-10-13 00:00:00,16.0,57.0,0.0,18.0,1014.1,8.0
2024-10-13 01:00:00,15.8,56.0,0.0,18.4,1013.9,8.0
2024-10-13 02:00:00,14.8,65.0,0.2,18.0,1014.1,8.0
2024-10-13 03:00:00,13.8,72.0,0.5,18.0,1014.0,8.0
2024-10-13 04:00:00,14.4,64.0,0.2,18.7,1013.6,8.0
2024-10-13 05:00:00,12.8,78.0,0.6,18.7,1013.6,8.0
2024-10-13 06:00:00,11.9,88.0,1.3,19.1,1013.6,8.0
2024-10-13 07:00:00,11.5,88.0,0.8,19.4,1013.2,8.0
2024-10-13 08:00:00,11.2,88.0,0.4,20.2,1013.4,8.0
2024-10-13 09:00:00,11.1,86.0,0.3,19.4,1013.6,8.0
2024-10-13 10:00:00,11.1,84.0,0.1,19.1,1013.2,8.0
2024-10-13 11:00:00,11.8,79.0,0.0,17.6,1013.4,8.0
2024-10-13 12:00:00,12.2,78.0,0.0,15.8,1013.1,8.0
2024-10-13 13:00:00,13.4,73.0,0.0,15.5,1013.3,8.0
2024-10-13 14:00:00,13.6,72.0,0.0,16.2,1013.1,8.0
2024-10-13 15:00:00,13.5,74.0,0.0,15.8,1012.9,8.0
2024-10-13 16:00:00,13.7,76.0,0.0,15.1,1012.5,8.0
2024-10-13 17:00:00,13.6,77.0,0.0,12.6,1012.5,8.0
2024-10-13 18:00:00,13.1,82.0,0.2,10.4,1012.5,8.0
2024-10-13 19:00:00,12.7,93.0,0.7,11.2,1012.3,8.0
2024-10-13 20:00:00,13.0,93.0,0.4,11.5,1012.5,8.0
2024-10-13 21:00:00,13.0,92.0,1.0,11.9,1012.4,8.0
2024-10-13 22:00:00,12.9,92.0,0.7,11.9,1012.4,8.0
2024-10-13 23:00:00,12.6,92.0,0.3,11.9,1012.1,7.0
2024-10-14 00:00:00,11.1,89.0,0.0,9.4,1012.7,8.0
2024-10-14 01:00:00,11.2,86.0,0.0,6.8,1012.5,6.0
2024-10-14 02:00:00,10.5,91.0,0.0,4.0,1012.9,8.0
2024-10-14 03:00:00,10.7,90.0,0.0,3.2,1012.7,8.0
2024-10-14 04:00:00,11.1,87.0,0.0,3.2,1012.3,8.0
2024-10-14 05:00:00,11.8,88.0,0.0,10.8,1012.6,8.0
2024-10-14 06:00:00,11.6,93.0,0.0,11.2,1012.7,8.0
2024-10-14 07:00:00,11.1,96.0,0.0,10.4,1012.8,8.0
2024-10-14 08:00:00,11.0,96.0,0.0,13.0,1013.6,8.0
2024-10-14 09:00:00,11.7,90.0,0.0,11.9,1013.8,8.0
2024-10-14 10:00:00,13.0,80.0,0.0,12.6,1014.1,8.0
2024-10-14 11:00:00,14.0,72.0,0.0,13.0,1014.4,8.0
2024-10-14 12:00:00,15.0,64.0,0.0,16.2,1014.4,8.0
2024-10-14 13:00:00,16.0,57.0,0.0,16.9,1014.1,5.0
2024-10-14 14:00:00,16.4,54.0,0.0,13.3,1014.0,7.0
2024-10-14 15:00:00,16.8,53.0,0.0,11.2,1013.8,6.0
2024-10-14 16:00:00,16.7,53.0,0.0,13.0,1013.9,8.0
2024-10-14 17:00:00,15.3,64.0,0.0,11.9,1014.1,8.0
2024-10-14 18:00:00,14.3,70.0,0.0,8.3,1014.6,8.0
2024-10-14 19:00:00,13.4,73.0,0.0,7.9,1015.2,3.0
2024-10-14 20:00:00,13.6,71.0,0.0,16.2,1016.2,8.0
2024-10-14 21:00:00,12.3,67.0,0.0,17.3,1016.9,1.0
2024-10-14 22:00:00,10.9,70.0,0.0,13.3,1016.9,0.0
2024-10-14 23:00:00,9.3,78.0,0.0,9.7,1016.9,0.0
2024-10-15 00:00:00,8.2,84.0,0.0,8.3,1017.1,0.0
2024-10-15 01:00:00,7.9,90.0,0.0,10.1,1017.3,6.0
2024-10-15 02:00:00,8.0,86.0,0.0,10.8,1017.5,8.0
2024-10-15 03:00:00,7.8,83.0,0.0,10.4,1017.3,3.0
2024-10-15 04:00:00,7.5,83.0,0.0,11.2,1017.6,0.0
2024-10-15 05:00:00,7.4,83.0,0.0,11.2,1018.0,0.0
2024-10-15 06:00:00,7.0,86.0,0.0,9.0,1018.0,4.0
2024-10-15 07:00:00,6.5,89.0,0.0,7.9,1018.2,1.0
2024-10-15 08:00:00,7.7,83.0,0.0,10.4,1018.8,0.0
2024-10-15 09:00:00,10.0,74.0,0.0,9.0,1019.3,0.0
2024-10-15 10:00:00,12.1,63.0,0.0,8.3,1019.3,0.0
2024-10-15 11:00:00,13.8,55.0,0.0,8.6,1019.3,0.0
2024-10-15 12:00:00,15.0,50.0,0.0,13.3,1019.2,3.0
2024-10-15 13:00:00,15.2,47.0,0.0,14.8,1018.9,3.0
2024-10-15 14:00:00,15.4,45.0,0.0,15.1,1018.8,5.0
2024-10-15 15:00:00,15.4,43.0,0.0,16.6,1018.8,4.0
2024-10-15 16:00:00,14.0,47.0,0.0,16.2,1019.2,8.0
2024-10-15 17:00:00,13.5,47.0,0.0,15.1,1019.7,8.0
2024-10-15 18:00:00,12.8,51.0,0.0,11.2,1020.2,8.0
2024-10-15 19:00:00,12.0,56.0,0.0,7.9,1020.7,8.0
2024-10-15 20:00:00,11.2,62.0,0.0,6.5,1021.1,8.0
2024-10-15 21:00:00,10.6,67.0,0.0,5.4,1021.1,8.0
2024-10-15 22:00:00,9.0,76.0,0.0,6.5,1021.2,6.0
2024-10-15 23:00:00,7.7,84.0,0.0,7.6,1021.1,8.0
2024-10-16 00:00:00,8.5,82.0,0.0,6.1,1021.0,8.0
2024-10-16 01:00:00,7.9,84.0,0.0,6.8,1021.5,8.0
2024-10-16 02:00:00,8.5,79.0,0.0,7.2,1021.5,8.0
2024-10-16 03:00:00,8.4,82.0,0.0,7.9,1021.4,8.0
2024-10-16 04:00:00,8.0,87.0,0.0,8.6,1021.6,8.0
2024-10-16 05:00:00,8.3,87.0,0.0,9.4,1021.7,8.0
2024-10-16 06:00:00,8.4,89.0,0.0,9.0,1021.6,8.0
2024-10-16 07:00:00,8.7,92.0,0.0,9.0,1021.7,8.0
2024-10-16 08:00:00,8.8,93.0,0.1,10.4,1022.1,8.0
2024-10-16 09:00:00,9.4,89.0,0.1,13.7,1022.3,8.0
2024-10-16 10:00:00,10.2,84.0,0.0,14.0,1022.5,8.0
2024-10-16 11:00:00,10.8,79.0,0.0,12.2,1022.6,8.0
2024-10-16 12:00:00,11.6,69.0,0.0,13.0,1022.4,8.0
2024-10-16 13:00:00,13.0,63.0,0.0,12.6,1022.0,6.0
2024-10-16 14:00:00,13.6,59.0,0.0,13.7,1021.8,7.0
2024-10-16 15:00:00,13.3,58.0,0.1,15.1,1021.7,4.0
2024-10-16 16:00:00,13.2,55.0,0.0,16.6,1021.7,3.0
2024-10-16 17:00:00,12.4,56.0,0.0,18.7,1021.8,3.0
2024-10-16 18:00:00,10.8,65.0,0.0,17.3,1022.4,2.0
2024-10-16 19:00:00,9.9,71.0,0.0,15.1,1023.1,3.0
2024-10-16 20:00:00,9.4,74.0,0.0,12.2,1023.2,4.0
2024-10-16 21:00:00,8.7,78.0,0.0,13.3,1023.6,4.0
2024-10-16 22:00:00,8.3,77.0,0.0,12.2,1023.7,1.0
2024-10-16 23:00:00,7.8,76.0,0.0,12.6,1023.8,0.0
2024-10-17 00:00:00,7.2,80.0,0.0,12.2,1023.6,1.0
2024-10-17 01:00:00,6.8,82.0,0.0,13.0,1023.6,7.0
2024-10-17 02:00:00,6.9,81.0,0.0,13.7,1024.0,7.0
2024-10-17 03:00:00,7.5,79.0,0.0,14.8,1023.7,7.0
2024-10-17 04:00:00,8.7,74.0,0.0,17.3,1023.9,7.0
2024-10-17 05:00:00,8.5,74.0,0.0,16.6,1024.3,8.0
2024-10-17 06:00:00,8.4,71.0,0.0,17.3,1024.7,4.0
2024-10-17 07:00:00,7.9,71.0,0.0,17.3,1025.2,8.0
2024-10-17 08:00:00,8.6,71.0,0.0,21.2,1025.4,4.0
2024-10-17 09:00:00,8.9,68.0,0.0,23.4,1025.8,8.0
2024-10-17 10:00:00,9.3,68.0,0.0,25.6,1026.2,4.0
2024-10-17 11:00:00,9.8,65.0,0.0,25.9,1026.3,5.0
2024-10-17 12:00:00,10.3,59.0,0.0,24.5,1026.4,4.0
2024-10-17 13:00:00,11.0,50.0,0.0,25.9,1025.7,8.0
2024-10-17 14:00:00,11.1,47.0,0.0,24.5,1025.8,8.0
2024-10-17 15:00:00,11.0,48.0,0.0,25.6,1025.9,8.0
2024-10-17 16:00:00,10.2,51.0,0.0,24.5,1026.0,8.0
2024-10-17 17:00:00,9.7,52.0,0.0,23.4,1026.3,7.0
2024-10-17 18:00:00,9.1,53.0,0.0,21.6,1026.8,7.0
2024-10-17 19:00:00,8.5,57.0,0.0,21.2,1027.0,7.0
2024-10-17 20:00:00,8.4,59.0,0.0,21.2,1027.2,7.0
2024-10-17 21:00:00,8.1,62.0,0.0,20.9,1027.2,8.0
2024-10-17 22:00:00,7.8,67.0,0.0,21.2,1027.2,7.0
2024-10-17 23:00:00,7.7,69.0,0.0,20.2,1027.1,8.0
2024-10-18 00:00:00,7.6,69.0,0.0,19.1,1026.7,7.0
2024-10-18 01:00:00,7.5,71.0,0.0,19.1,1026.6,8.0
2024-10-18 02:00:00,7.6,71.0,0.0,19.1,1026.7,8.0
2024-10-18 03:00:00,7.1,73.0,0.0,19.8,1026.4,5.0
2024-10-18 04:00:00,6.1,79.0,0.0,18.7,1026.0,2.0
2024-10-18 05:00:00,5.7,82.0,0.0,18.0,1025.9,6.0
2024-10-18 06:00:00,6.4,72.0,0.0,20.5,1025.8,8.0
2024-10-18 07:00:00,6.4,70.0,0.0,20.5,1025.9,8.0
2024-10-18 08:00:00,6.5,68.0,0.0,22.3,1026.0,8.0
2024-10-18 09:00:00,7.0,65.0,0.0,23.4,1026.2,8.0
2024-10-18 10:00:00,7.6,62.0,0.0,22.7,1025.9,8.0
2024-10-18 11:00:00,8.4,60.0,0.0,22.0,1025.7,8.0
2024-10-18 12:00:00,8.7,60.0,0.0,20.5,1025.3,8.0
2024-10-18 13:00:00,9.1,57.0,0.0,20.9,1024.7,8.0
2024-10-18 14:00:00,9.2,55.0,0.0,22.7,1024.3,8.0
2024-10-18 15:00:00,9.3,54.0,0.0,24.1,1023.8,8.0
2024-10-18 16:00:00,9.4,54.0,0.0,23.8,1023.8,8.0
2024-10-18 17:00:00,9.2,57.0,0.0,22.3,1024.0,8.0
2024-10-18 18:00:00,9.0,59.0,0.0,19.4,1024.2,8.0
2024-10-18 19:00:00,8.8,61.0,0.0,19.8,1024.4,8.0
2024-10-18 20:00:00,7.9,68.0,0.0,21.2,1024.5,8.0
2024-10-18 21:00:00,7.2,75.0,0.0,21.6,1024.4,8.0
2024-10-18 22:00:00,6.6,82.0,0.5,20.5,1024.5,8.0
2024-10-18 23:00:00,6.3,89.0,0.5,19.1,1024.0,8.0
2024-10-19 00:00:00,6.2,90.0,0.3,19.4,1023.6,8.0
2024-10-19 01:00:00,5.7,91.0,0.3,20.9,1023.7,8.0
2024-10-19 02:00:00,5.5,91.0,0.4,21.2,1023.6,8.0
2024-10-19 03:00:00,5.4,91.0,0.3,19.8,1023.4,8.0
2024-10-19 04:00:00,5.2,92.0,0.3,21.2,1023.4,8.0
2024-10-19 05:00:00,5.3,89.0,0.1,21.6,1023.8,8.0
2024-10-19 06:00:00,5.2,92.0,0.0,19.1,1023.6,8.0
2024-10-19 07:00:00,5.2,90.0,0.0,18.7,1023.8,8.0
2024-10-19 08:00:00,5.5,89.0,0.0,19.8,1024.3,8.0
2024-10-19 09:00:00,6.0,84.0,0.1,22.0,1024.6,8.0
2024-10-19 10:00:00,6.4,81.0,0.2,23.0,1024.5,8.0
2024-10-19 11:00:00,7.1,75.0,0.2,22.7,1024.6,8.0
2024-10-19 12:00:00,7.4,73.0,0.0,21.6,1024.7,8.0
2024-10-19 13:00:00,8.4,67.0,0.2,22.0,1024.8,8.0
2024-10-19 14:00:00,8.5,64.0,0.0,22.0,1024.8,7.0
2024-10-19 15:00:00,8.8,60.0,0.0,20.9,1025.0,8.0
2024-10-19 16:00:00,8.1,61.0,0.0,21.2,1025.2,8.0
2024-10-19 17:00:00,7.5,66.0,0.0,20.5,1025.4,8.0
2024-10-19 18:00:00,6.9,72.0,0.0,19.1,1025.9,8.0
2024-10-19 19:00:00,6.7,76.0,0.0,16.6,1026.4,8.0
2024-10-19 20:00:00,6.5,78.0,0.0,12.6,1026.4,8.0
2024-10-19 21:00:00,6.2,80.0,0.0,13.7,1026.6,8.0
2024-10-19 22:00:00,6.4,77.0,0.0,13.7,1026.6,8.0
2024-10-19 23:00:00,6.8,70.0,0.0,17.3,1026.3,8.0
2024-10-20 00:00:00,6.2,73.0,0.0,16.9,1026.1,8.0
2024-10-20 01:00:00,6.4,74.0,0.0,17.6,1026.2,8.0
2024-10-20 02:00:00,5.4,73.0,0.0,16.6,1026.2,7.0
2024-10-20 03:00:00,5.4,71.0,0.0,17.6,1026.1,8.0
2024-10-20 04:00:00,5.5,70.0,0.0,17.6,1026.0,8.0
2024-10-20 05:00:00,5.3,72.0,0.0,18.0,1026.4,8.0
2024-10-20 06:00:00,5.1,73.0,0.0,18.0,1026.7,8.0
2024-10-20 07:00:00,4.9,75.0,0.0,17.6,1026.8,8.0
2024-10-20 08:00:00,5.3,72.0,0.0,18.4,1027.4,8.0
2024-10-20 09:00:00,5.6,71.0,0.0,18.4,1027.3,1.0
2024-10-20 10:00:00,7.2,65.0,0.0,21.6,1027.5,8.0
2024-10-20 11:00:00,7.9,64.0,0.0,21.6,1027.8,8.0
2024-10-20 12:00:00,8.2,62.0,0.0,19.8,1027.9,8.0
2024-10-20 13:00:00,9.5,58.0,0.0,19.4,1027.7,8.0
2024-10-20 14:00:00,9.9,57.0,0.0,19.1,1027.7,8.0
2024-10-20 15:00:00,10.7,54.0,0.0,20.2,1027.6,7.0
2024-10-20 16:00:00,11.2,52.0,0.0,21.2,1027.5,3.0
2024-10-20 17:00:00,9.9,59.0,0.0,16.9,1027.6,2.0
2024-10-20 18:00:00,8.3,66.0,0.0,16.6,1027.8,4.0
2024-10-20 19:00:00,7.7,70.0,0.0,16.9,1028.3,8.0
2024-10-20 20:00:00,8.0,69.0,0.0,18.0,1028.3,2.0
2024-10-20 21:00:00,7.5,70.0,0.0,17.6,1028.4,8.0
2024-10-20 22:00:00,7.5,68.0,0.0,16.9,1028.6,4.0
2024-10-20 23:00:00,6.8,70.0,0.0,16.6,1028.8,8.0
2024-10-21 00:00:00,6.7,69.0,0.0,16.6,1028.7,8.0
2024-10-21 01:00:00,7.5,64.0,0.0,18.0,1028.4,7.0
2024-10-21 02:00:00,6.6,69.0,0.0,18.4,1028.3,3.0
2024-10-21 03:00:00,5.5,73.0,0.0,16.2,1028.1,3.0
2024-10-21 04:00:00,5.3,78.0,0.0,16.9,1028.0,3.0
2024-10-21 05:00:00,5.2,82.0,0.0,16.2,1028.2,0.0
2024-10-21 06:00:00,4.9,86.0,0.0,16.9,1028.1,1.0
2024-10-21 07:00:00,4.7,88.0,0.0,16.6,1028.3,0.0
2024-10-21 08:00:00,5.4,85.0,0.0,16.9,1028.2,0.0
2024-10-21 09:00:00,7.1,77.0,0.0,17.6,1028.6,8.0
2024-10-21 10:00:00,8.2,71.0,0.0,19.1,1028.6,8.0
2024-10-21 11:00:00,9.0,67.0,0.0,18.7,1029.0,8.0
2024-10-21 12:00:00,9.3,65.0,0.0,18.7,1029.1,8.0
2024-10-21 13:00:00,12.5,54.0,0.0,18.0,1028.8,0.0
2024-10-21 14:00:00,13.2,50.0,0.0,16.9,1029.1,0.0
2024-10-21 15:00:00,13.5,51.0,0.0,16.9,1029.3,0.0
2024-10-21 16:00:00,13.4,52.0,0.0,16.2,1029.6,0.0
2024-10-21 17:00:00,12.4,57.0,0.0,11.9,1029.6,0.0
2024-10-21 18:00:00,10.2,67.0,0.0,10.4,1029.9,0.0
2024-10-21 19:00:00,9.1,72.0,0.0,10.1,1030.3,0.0
2024-10-21 20:00:00,8.4,76.0,0.0,10.1,1030.6,0.0
2024-10-21 21:00:00,8.0,79.0,0.0,10.1,1031.0,0.0
2024-10-21 22:00:00,7.4,82.0,0.0,9.7,1031.3,0.0
2024-10-21 23:00:00,6.2,89.0,0.0,8.3,1030.9,0.0
2024-10-22 00:00:00,5.4,92.0,0.0,9.0,1031.0,0.0
2024-10-22 01:00:00,4.9,93.0,0.0,9.4,1031.1,0.0
2024-10-22 02:00:00,4.5,94.0,0.0,9.0,1031.4,0.0
2024-10-22 03:00:00,4.5,94.0,0.0,8.6,1031.3,0.0
2024-10-22 04:00:00,4.5,95.0,0.0,8.3,1031.1,0.0
2024-10-22 05:00:00,4.1,95.0,0.0,8.3,1031.1,0.0
2024-10-22 06:00:00,3.9,95.0,0.0,8.3,1031.2,0.0
2024-10-22 07:00:00,3.4,95.0,0.0,8.6,1031.0,0.0
2024-10-22 08:00:00,5.0,93.0,0.0,9.4,1031.2,0.0
2024-10-22 09:00:00,7.4,82.0,0.0,7.6,1031.4,0.0
2024-10-22 10:00:00,10.0,73.0,0.0,5.0,1031.3,2.0
2024-10-22 11:00:00,12.3,62.0,0.0,6.1,1031.2,7.0
2024-10-22 12:00:00,13.9,54.0,0.0,7.9,1031.0,2.0
2024-10-22 13:00:00,14.8,50.0,0.0,7.9,1030.6,2.0
2024-10-22 14:00:00,15.6,47.0,0.0,8.3,1030.2,7.0
2024-10-22 15:00:00,15.8,46.0,0.0,9.0,1030.1,3.0
2024-10-22 16:00:00,15.5,47.0,0.0,9.4,1030.0,3.0
2024-10-22 17:00:00,13.3,64.0,0.0,6.8,1029.7,2.0
2024-10-22 18:00:00,12.6,59.0,0.0,7.6,1029.7,0.0
2024-10-22 19:00:00,12.1,62.0,0.0,5.4,1030.0,3.0
2024-10-22 20:00:00,9.7,73.0,0.0,7.6,1030.1,1.0
2024-10-22 21:00:00,8.5,77.0,0.0,7.9,1030.0,5.0
2024-10-22 22:00:00,8.5,75.0,0.0,7.2,1029.9,2.0
2024-10-22 23:00:00,7.7,78.0,0.0,6.1,1030.0,0.0
2024-10-23 00:00:00,6.3,78.0,0.0,6.5,1029.5,0.0
2024-10-23 01:00:00,5.6,79.0,0.0,6.1,1029.3,1.0
2024-10-23 02:00:00,4.8,80.0,0.0,8.3,1029.2,1.0
2024-10-23 03:00:00,4.3,80.0,0.0,10.1,1028.9,2.0
2024-10-23 04:00:00,4.1,79.0,0.0,10.4,1028.5,3.0
2024-10-23 05:00:00,4.6,77.0,0.0,10.1,1028.5,1.0
2024-10-23 06:00:00,4.5,79.0,0.0,10.1,1028.5,0.0
2024-10-23 07:00:00,4.2,83.0,0.0,10.1,1028.2,0.0
2024-10-23 08:00:00,5.5,80.0,0.0,10.4,1028.4,0.0
2024-10-23 09:00:00,8.8,69.0,0.0,10.1,1028.6,0.0
2024-10-23 10:00:00,12.2,59.0,0.0,10.1,1028.6,0.0
2024-10-23 11:00:00,15.0,51.0,0.0,11.9,1028.2,0.0
2024-10-23 12:00:00,16.9,44.0,0.0,14.0,1027.7,2.0
2024-10-23 13:00:00,17.9,40.0,0.0,15.8,1027.2,0.0
2024-10-23 14:00:00,18.3,39.0,0.0,17.3,1026.7,0.0
2024-10-23 15:00:00,18.0,42.0,0.0,18.7,1026.3,0.0
2024-10-23 16:00:00,17.4,46.0,0.0,18.4,1026.0,0.0
2024-10-23 17:00:00,16.0,50.0,0.0,16.6,1025.7,0.0
2024-10-23 18:00:00,13.9,57.0,0.0,15.8,1025.8,0.0
2024-10-23 19:00:00,12.7,60.0,0.0,15.5,1026.3,0.0
2024-10-23 20:00:00,11.7,64.0,0.0,14.4,1026.5,0.0
2024-10-23 21:00:00,11.1,71.0,0.0,14.4,1026.7,0.0
2024-10-23 22:00:00,10.4,78.0,0.0,13.0,1027.0,1.0
2024-10-23 23:00:00,10.8,81.0,0.0,14.8,1027.2,8.0
2024-10-24 00:00:00,12.6,80.0,0.0,18.0,1027.5,8.0
2024-10-24 01:00:00,12.4,77.0,0.0,19.1,1027.5,6.0
2024-10-24 02:00:00,11.6,75.0,0.0,18.4,1028.0,0.0
2024-10-24 03:00:00,9.8,85.0,0.0,18.4,1028.1,0.0
2024-10-24 04:00:00,8.9,88.0,0.0,16.2,1028.3,0.0
2024-10-24 05:00:00,8.0,92.0,0.0,15.1,1028.8,2.0
2024-10-24 06:00:00,7.7,93.0,0.0,14.0,1028.7,8.0
2024-10-24 07:00:00,7.4,93.0,0.0,14.0,1028.9,5.0
2024-10-24 08:00:00,7.6,92.0,0.0,14.0,1029.3,8.0
2024-10-24 09:00:00,9.1,84.0,0.0,14.8,1029.8,0.0
2024-10-24 10:00:00,10.6,75.0,0.0,15.5,1029.8,0.0
2024-10-24 11:00:00,12.4,65.0,0.0,15.5,1029.6,0.0
2024-10-24 12:00:00,13.5,58.0,0.0,14.0,1029.3,0.0
2024-10-24 13:00:00,14.4,52.0,0.0,14.4,1028.8,0.0
2024-10-24 14:00:00,14.8,50.0,0.0,16.2,1028.5,0.0
2024-10-24 15:00:00,14.7,49.0,0.0,18.4,1028.4,0.0
2024-10-24 16:00:00,14.0,48.0,0.0,18.4,1028.4,0.0
2024-10-24 17:00:00,12.6,53.0,0.0,11.2,1027.6,0.0
2024-10-24 18:00:00,10.4,62.0,0.0,12.2,1028.3,5.0
2024-10-24 19:00:00,9.6,63.0,0.0,12.6,1028.1,1.0
2024-10-24 20:00:00,8.8,62.0,0.0,15.1,1028.4,7.0
2024-10-24 21:00:00,8.1,70.0,0.0,14.8,1028.4,5.0
2024-10-24 22:00:00,7.5,77.0,0.0,13.7,1028.5,1.0
2024-10-24 23:00:00,6.9,82.0,0.0,12.6,1028.3,7.0
2024-10-25 00:00:00,6.4,86.0,0.0,12.2,1028.2,8.0
2024-10-25 01:00:00,6.2,87.0,0.0,12.2,1028.0,8.0
2024-10-25 02:00:00,6.1,89.0,0.0,10.8,1027.5,8.0
2024-10-25 03:00:00,6.3,87.0,0.0,10.4,1027.2,8.0
2024-10-25 04:00:00,6.2,86.0,0.0,10.4,1027.0,8.0
2024-10-25 05:00:00,6.8,81.0,0.0,11.2,1026.9,8.0
2024-10-25 06:00:00,7.1,79.0,0.0,11.9,1026.5,8.0
2024-10-25 07:00:00,7.1,81.0,0.0,12.6,1025.8,8.0
2024-10-25 08:00:00,7.6,78.0,0.0,13.7,1025.9,8.0
2024-10-25 09:00:00,8.6,73.0,0.0,14.8,1026.0,8.0
2024-10-25 10:00:00,9.7,69.0,0.0,15.8,1025.5,8.0
2024-10-25 11:00:00,10.7,65.0,0.0,20.2,1025.2,8.0
2024-10-25 12:00:00,11.2,66.0,0.0,19.1,1024.6,8.0
2024-10-25 13:00:00,12.2,61.0,0.0,21.2,1024.0,8.0
2024-10-25 14:00:00,12.0,62.0,0.0,22.7,1024.4,8.0
2024-10-25 15:00:00,11.9,63.0,0.0,22.3,1024.6,8.0
2024-10-25 16:00:00,11.8,63.0,0.0,19.8,1024.2,8.0
2024-10-25 17:00:00,11.5,70.0,0.0,15.8,1023.8,8.0
2024-10-25 18:00:00,11.1,75.0,0.0,16.2,1024.0,8.0
2024-10-25 19:00:00,10.7,78.0,0.0,16.2,1024.4,8.0
2024-10-25 20:00:00,10.6,79.0,0.0,17.3,1024.4,6.0
2024-10-25 21:00:00,9.8,84.0,0.0,16.9,1024.7,8.0
2024-10-25 22:00:00,10.4,79.0,0.0,17.3,1025.0,8.0
2024-10-25 23:00:00,10.5,80.0,0.0,16.6,1025.2,8.0
2024-10-26 00:00:00,10.3,82.0,0.0,16.2,1025.0,6.0
2024-10-26 01:00:00,9.8,85.0,0.0,13.7,1025.3,7.0
2024-10-26 02:00:00,9.1,89.0,0.0,11.5,1025.7,6.0
2024-10-26 03:00:00,9.1,89.0,0.0,9.7,1025.9,7.0
2024-10-26 04:00:00,8.9,91.0,0.0,7.2,1026.1,8.0
2024-10-26 05:00:00,8.5,94.0,0.0,6.1,1026.3,7.0
2024-10-26 06:00:00,8.4,95.0,0.0,6.1,1026.7,6.0
2024-10-26 07:00:00,8.3,96.0,0.0,6.1,1027.0,8.0
2024-10-26 08:00:00,8.7,96.0,0.0,7.2,1027.4,8.0
2024-10-26 09:00:00,9.7,88.0,0.0,7.6,1027.8,8.0
2024-10-26 10:00:00,10.0,83.0,0.0,6.8,1028.2,8.0
2024-10-26 11:00:00,11.0,74.0,0.0,5.4,1028.5,6.0
2024-10-26 12:00:00,12.2,64.0,0.0,4.3,1028.8,3.0
2024-10-26 13:00:00,12.7,55.0,0.0,6.1,1028.9,0.0
2024-10-26 14:00:00,13.1,51.0,0.0,5.8,1028.6,1.0
2024-10-26 15:00:00,13.2,48.0,0.0,5.0,1028.8,1.0
2024-10-26 16:00:00,12.9,47.0,0.0,5.4,1028.9,1.0
2024-10-26 17:00:00,11.5,56.0,0.0,6.1,1029.0,2.0
2024-10-26 18:00:00,9.3,71.0,0.0,7.2,1029.4,3.0
2024-10-26 19:00:00,8.6,77.0,0.0,8.3,1029.9,3.0
2024-10-26 20:00:00,8.2,82.0,0.0,6.8,1029.9,7.0
2024-10-26 21:00:00,7.8,85.0,0.0,6.1,1030.0,8.0
2024-10-26 22:00:00,8.2,81.0,0.0,8.3,1030.5,7.0
2024-10-26 23:00:00,6.7,86.0,0.0,8.3,1030.2,0.0
2024-10-27 00:00:00,6.1,90.0,0.0,8.6,1030.3,0.0
2024-10-27 01:00:00,6.2,90.0,0.0,9.4,1030.2,0.0
2024-10-27 02:00:00,6.0,91.0,0.0,8.3,1030.2,0.0
2024-10-27 03:00:00,5.6,93.0,0.0,10.1,1030.3,1.0
2024-10-27 03:00:00,6.1,94.0,0.0,7.6,1030.1,8.0
2024-10-27 04:00:00,6.4,96.0,0.0,7.9,1030.1,8.0
2024-10-27 05:00:00,7.0,97.0,0.0,8.3,1029.9,8.0
2024-10-27 06:00:00,7.7,96.0,0.0,9.7,1029.7,8.0
2024-10-27 07:00:00,8.1,95.0,0.0,10.4,1029.9,8.0
2024-10-27 08:00:00,9.4,89.0,0.0,13.0,1030.1,8.0
2024-10-27 09:00:00,10.7,81.0,0.0,14.0,1030.2,7.0
2024-10-27 10:00:00,11.2,77.0,0.0,15.5,1030.0,8.0
2024-10-27 11:00:00,12.2,70.0,0.0,16.2,1029.9,8.0
2024-10-27 12:00:00,12.7,66.0,0.0,17.3,1029.2,8.0
2024-10-27 13:00:00,13.4,60.0,0.0,14.8,1028.7,8.0
2024-10-27 14:00:00,13.6,57.0,0.0,14.4,1028.2,7.0
2024-10-27 15:00:00,13.5,56.0,0.0,13.7,1027.8,1.0
2024-10-27 16:00:00,11.9,62.0,0.0,7.9,1027.4,1.0
2024-10-27 17:00:00,8.9,78.0,0.0,7.9,1027.3,2.0
2024-10-27 18:00:00,8.1,84.0,0.0,8.6,1027.2,2.0
2024-10-27 19:00:00,7.9,87.0,0.0,10.8,1026.9,3.0
2024-10-27 20:00:00,8.2,89.0,0.0,14.8,1026.9,6.0
2024-10-27 21:00:00,7.9,91.0,0.0,13.7,1026.7,8.0
2024-10-27 22:00:00,7.6,94.0,0.0,13.3,1026.3,7.0
2024-10-27 23:00:00,7.2,94.0,0.0,13.0,1025.6,3.0
2024-10-28 00:00:00,6.9,94.0,0.0,12.6,1025.5,2.0
2024-10-28 01:00:00,6.6,93.0,0.0,11.9,1025.1,4.0
2024-10-28 02:00:00,6.5,94.0,0.0,11.2,1024.6,5.0
2024-10-28 03:00:00,6.6,94.0,0.0,10.8,1023.9,8.0
2024-10-28 04:00:00,7.4,94.0,0.0,11.5,1023.3,7.0
2024-10-28 05:00:00,7.3,95.0,0.0,10.8,1022.7,8.0
2024-10-28 06:00:00,7.6,95.0,0.0,11.5,1022.3,1.0
2024-10-28 07:00:00,7.7,96.0,0.0,11.9,1022.2,6.0
2024-10-28 08:00:00,9.8,89.0,0.0,14.4,1022.3,8.0
2024-10-28 09:00:00,11.5,84.0,0.0,15.5,1021.7,8.0
2024-10-28 10:00:00,12.4,82.0,0.0,15.8,1021.6,8.0
2024-10-28 11:00:00,12.6,83.0,0.2,15.8,1021.1,8.0
2024-10-28 12:00:00,13.2,80.0,0.0,16.2,1020.7,8.0
2024-10-28 13:00:00,14.3,72.0,0.0,14.8,1020.0,4.0
2024-10-28 14:00:00,15.7,64.0,0.0,15.1,1019.5,1.0
2024-10-28 15:00:00,15.9,62.0,0.0,13.3,1019.4,8.0
2024-10-28 16:00:00,14.7,68.0,0.0,9.0,1019.3,7.0
2024-10-28 17:00:00,12.6,78.0,0.0,7.9,1019.7,8.0
2024-10-28 18:00:00,12.7,79.0,0.0,7.2,1020.0,3.0
2024-10-28 19:00:00,10.7,90.0,0.0,6.8,1020.1,2.0
2024-10-28 20:00:00,9.6,93.0,0.0,7.6,1020.2,4.0
2024-10-28 21:00:00,10.3,92.0,0.0,7.9,1020.3,8.0
2024-10-28 22:00:00,10.7,91.0,0.0,8.3,1020.5,5.0
2024-10-28 23:00:00,10.0,94.0,0.0,8.3,1020.4,0.0
2024-10-29 00:00:00,9.0,94.0,0.0,9.4,1020.2,0.0
2024-10-29 01:00:00,8.1,95.0,0.0,10.4,1020.5,0.0
2024-10-29 02:00:00,7.7,95.0,0.0,10.1,1020.5,0.0
2024-10-29 03:00:00,7.4,95.0,0.0,9.7,1020.4,8.0
2024-10-29 04:00:00,7.1,96.0,0.0,8.6,1020.6,8.0
2024-10-29 05:00:00,7.2,96.0,0.0,8.3,1020.9,1.0
2024-10-29 06:00:00,7.0,97.0,0.0,8.6,1021.1,2.0
2024-10-29 07:00:00,7.9,96.0,0.0,8.6,1021.5,8.0
2024-10-29 08:00:00,9.7,90.0,0.0,7.6,1021.9,8.0
2024-10-29 09:00:00,10.8,85.0,0.0,10.4,1022.1,8.0
2024-10-29 10:00:00,12.6,77.0,0.0,9.4,1022.0,8.0
2024-10-29 11:00:00,14.3,69.0,0.0,11.5,1021.9,8.0
2024-10-29 12:00:00,14.5,70.0,0.0,12.2,1021.7,8.0
2024-10-29 13:00:00,14.2,71.0,0.0,13.3,1021.6,8.0
2024-10-29 14:00:00,14.1,69.0,0.0,14.0,1021.5,8.0
2024-10-29 15:00:00,13.8,69.0,0.0,13.0,1021.5,8.0
2024-10-29 16:00:00,12.8,72.0,0.0,9.7,1021.7,8.0
2024-10-29 17:00:00,10.7,80.0,0.0,9.4,1022.0,1.0
2024-10-29 18:00:00,9.4,81.0,0.0,14.0,1022.4,1.0
2024-10-29 19:00:00,8.5,79.0,0.0,13.0,1022.8,0.0
2024-10-29 20:00:00,7.6,81.0,0.0,11.9,1023.1,0.0
2024-10-29 21:00:00,6.6,87.0,0.0,10.4,1023.3,0.0
2024-10-29 22:00:00,5.5,91.0,0.0,8.3,1023.3,0.0
2024-10-29 23:00:00,5.2,93.0,0.0,9.4,1023.5,0.0
2024-10-30 00:00:00,4.9,94.0,0.0,9.7,1023.6,0.0
2024-10-30 01:00:00,5.2,93.0,0.0,10.8,1023.5,0.0
2024-10-30 02:00:00,4.9,93.0,0.0,11.2,1023.7,2.0
2024-10-30 03:00:00,4.6,94.0,0.0,10.8,1023.6,4.0
2024-10-30 04:00:00,4.4,95.0,0.0,10.4,1023.8,5.0
2024-10-30 05:00:00,3.8,96.0,0.0,9.7,1023.9,8.0
2024-10-30 06:00:00,3.3,97.0,0.0,8.6,1023.7,1.0
2024-10-30 07:00:00,4.0,97.0,0.0,8.6,1024.1,3.0
2024-10-30 08:00:00,6.3,88.0,0.0,8.3,1024.2,8.0
2024-10-30 09:00:00,8.2,79.0,0.0,6.1,1024.1,8.0
2024-10-30 10:00:00,10.2,70.0,0.0,4.7,1024.0,8.0
2024-10-30 11:00:00,11.2,62.0,0.0,3.2,1024.1,8.0
2024-10-30 12:00:00,12.2,57.0,0.0,4.7,1023.6,8.0
2024-10-30 13:00:00,12.6,54.0,0.0,5.4,1023.0,8.0
2024-10-30 14:00:00,12.7,52.0,0.0,5.0,1022.6,8.0
2024-10-30 15:00:00,12.3,51.0,0.0,4.3,1022.3,8.0
2024-10-30 16:00:00,11.5,59.0,0.0,4.7,1021.9,8.0
2024-10-30 17:00:00,10.4,63.0,0.0,6.5,1021.9,8.0
2024-10-30 18:00:00,8.3,71.0,0.0,9.0,1021.9,8.0
2024-10-30 19:00:00,6.6,78.0,0.0,9.0,1021.9,8.0
2024-10-30 20:00:00,5.5,83.0,0.0,7.9,1021.7,8.0
2024-10-30 21:00:00,5.7,80.0,0.0,7.9,1021.5,7.0
2024-10-30 22:00:00,6.8,74.0,0.0,9.0,1021.1,8.0
2024-10-30 23:00:00,8.4,71.0,0.0,10.8,1020.6,8.0
2024-10-31 00:00:00,9.0,73.0,0.0,12.2,1020.2,8.0
2024-10-31 01:00:00,9.5,71.0,0.0,13.0,1019.8,8.0
2024-10-31 02:00:00,9.9,70.0,0.0,13.3,1019.3,8.0
2024-10-31 03:00:00,9.5,73.0,0.0,14.8,1018.8,8.0
2024-10-31 04:00:00,9.9,78.0,0.0,16.2,1018.4,8.0
2024-10-31 05:00:00,9.7,83.0,0.0,17.3,1017.9,7.0
2024-10-31 06:00:00,9.1,89.0,0.0,16.6,1017.8,8.0
2024-10-31 07:00:00,9.2,91.0,0.0,17.6,1017.7,7.0
2024-10-31 08:00:00,10.8,87.0,0.0,20.9,1018.0,8.0
2024-10-31 09:00:00,12.4,82.0,0.0,22.3,1017.8,8.0
2024-10-31 10:00:00,12.8,79.0,0.0,20.5,1017.7,8.0
2024-10-31 11:00:00,13.3,76.0,0.0,20.9,1017.7,8.0
2024-10-31 12:00:00,15.0,67.0,0.0,22.3,1017.2,8.0
2024-10-31 13:00:00,15.1,65.0,0.0,22.3,1016.9,8.0
2024-10-31 14:00:00,14.4,72.0,0.0,21.2,1017.2,8.0
2024-10-31 15:00:00,13.4,81.0,0.1,17.3,1017.5,8.0
2024-10-31 16:00:00,13.2,81.0,0.0,13.0,1017.7,8.0
2024-10-31 17:00:00,12.4,78.0,0.0,13.7,1018.6,8.0
2024-10-31 18:00:00,11.6,76.0,0.0,13.0,1019.2,8.0
2024-10-31 19:00:00,11.3,73.0,0.0,12.6,1019.7,8.0
2024-10-31 20:00:00,10.9,72.0,0.0,12.2,1020.1,8.0
2024-10-31 21:00:00,10.4,73.0,0.0,10.8,1020.3,8.0
2024-10-31 22:00:00,9.2,81.0,0.0,6.1,1019.9,8.0
2024-10-31 23:00:00,7.9,88.0,0.0,6.8,1019.9,8.0
2024-11-01 00:00:00,7.5,90.0,0.0,7.6,1019.9,8.0
2024-11-01 01:00:00,7.3,91.0,0.0,8.3,1019.7,8.0
2024-11-01 02:00:00,7.3,90.0,0.0,7.9,1019.6,8.0
2024-11-01 03:00:00,7.5,91.0,0.0,8.3,1019.2,8.0
2024-11-01 04:00:00,7.8,89.0,0.0,8.6,1018.8,8.0
2024-11-01 05:00:00,8.9,86.0,0.0,11.2,1018.5,8.0
2024-11-01 06:00:00,8.8,93.0,0.0,13.3,1017.9,8.0
2024-11-01 07:00:00,9.0,95.0,0.0,15.1,1017.8,8.0
2024-11-01 08:00:00,10.2,88.0,0.0,15.8,1017.2,8.0
2024-11-01 09:00:00,10.7,82.0,0.0,18.7,1017.1,8.0
2024-11-01 10:00:00,10.9,76.0,0.0,21.2,1016.4,8.0
2024-11-01 11:00:00,13.2,64.0,0.0,25.2,1015.8,8.0
2024-11-01 12:00:00,14.3,60.0,0.0,30.6,1014.9,7.0
2024-11-01 13:00:00,14.9,56.0,0.0,31.3,1014.1,8.0
2024-11-01 14:00:00,15.0,55.0,0.0,31.3,1013.8,8.0
2024-11-01 15:00:00,15.4,54.0,0.0,31.3,1013.2,8.0
2024-11-01 16:00:00,14.8,57.0,0.0,24.1,1012.8,8.0
2024-11-01 17:00:00,13.6,62.0,0.0,25.2,1012.9,8.0
2024-11-01 18:00:00,13.7,63.0,0.0,24.5,1013.0,8.0
2024-11-01 19:00:00,13.4,64.0,0.0,23.8,1012.6,8.0
2024-11-01 20:00:00,13.2,65.0,0.0,23.0,1013.0,7.0
2024-11-01 21:00:00,12.8,67.0,0.0,22.7,1013.0,0.0
2024-11-01 22:00:00,12.4,67.0,0.0,21.6,1013.2,0.0
2024-11-01 23:00:00,12.1,66.0,0.0,22.7,1012.7,0.0
2024-11-02 00:00:00,11.8,67.0,0.0,21.6,1012.4,0.0
2024-11-02 01:00:00,11.4,68.0,0.0,20.5,1012.4,0.0
2024-11-02 02:00:00,11.0,70.0,0.0,19.1,1012.1,0.0
2024-11-02 03:00:00,10.5,73.0,0.0,19.1,1011.6,0.0
2024-11-02 04:00:00,10.8,76.0,0.0,21.2,1010.6,6.0
2024-11-02 05:00:00,10.5,79.0,0.0,21.2,1010.5,8.0
2024-11-02 06:00:00,10.3,80.0,0.0,21.2,1010.2,1.0
2024-11-02 07:00:00,10.5,80.0,0.0,21.6,1010.0,3.0
2024-11-02 08:00:00,12.0,72.0,0.0,19.8,1010.1,5.0
2024-11-02 09:00:00,14.0,63.0,0.0,23.4,1009.7,3.0
2024-11-02 10:00:00,15.9,56.0,0.0,24.5,1009.3,7.0
2024-11-02 11:00:00,16.9,53.0,0.0,25.2,1009.0,8.0
2024-11-02 12:00:00,18.4,48.0,0.0,31.0,1008.6,8.0
2024-11-02 13:00:00,17.1,54.0,0.0,31.0,1009.0,8.0
2024-11-02 14:00:00,11.6,74.0,0.4,31.3,1010.7,8.0
2024-11-02 15:00:00,10.9,64.0,0.0,23.0,1011.5,8.0
2024-11-02 16:00:00,10.7,56.0,0.0,22.0,1012.1,8.0
2024-11-02 17:00:00,10.4,49.0,0.0,26.3,1013.2,5.0
2024-11-02 18:00:00,9.0,49.0,0.0,28.8,1014.5,1.0
2024-11-02 19:00:00,8.2,46.0,0.0,25.9,1015.7,0.0
2024-11-02 20:00:00,6.9,46.0,0.0,24.5,1017.0,0.0
2024-11-02 21:00:00,5.9,47.0,0.0,23.4,1018.0,0.0
2024-11-02 22:00:00,5.3,47.0,0.0,22.0,1018.6,0.0
2024-11-02 23:00:00,5.0,47.0,0.0,21.6,1019.2,0.0
2024-11-03 00:00:00,4.6,50.0,0.0,20.2,1020.1,0.0
2024-11-03 01:00:00,4.4,53.0,0.0,21.2,1020.7,0.0
2024-11-03 02:00:00,4.0,58.0,0.0,22.3,1021.2,5.0
2024-11-03 03:00:00,4.1,62.0,0.0,22.7,1021.5,1.0
2024-11-03 04:00:00,3.8,65.0,0.0,22.7,1021.9,4.0
2024-11-03 05:00:00,3.6,66.0,0.0,23.0,1022.7,5.0
2024-11-03 06:00:00,3.4,65.0,0.0,23.8,1023.2,4.0
2024-11-03 07:00:00,3.5,64.0,0.0,23.8,1024.2,0.0
2024-11-03 08:00:00,4.6,59.0,0.0,28.4,1025.1,3.0
2024-11-03 09:00:00,5.8,52.0,0.0,27.7,1025.2,2.0
2024-11-03 10:00:00,6.6,45.0,0.0,26.6,1025.1,3.0
2024-11-03 11:00:00,7.5,39.0,0.0,26.6,1025.3,1.0
2024-11-03 12:00:00,7.9,36.0,0.0,27.4,1025.3,1.0
2024-11-03 13:00:00,7.9,36.0,0.0,25.9,1025.2,2.0
2024-11-03 14:00:00,7.6,36.0,0.0,22.7,1025.0,0.0
2024-11-03 15:00:00,7.2,39.0,0.0,22.0,1025.5,2.0
2024-11-03 16:00:00,5.9,43.0,0.0,18.0,1025.5,1.0
2024-11-03 17:00:00,4.6,49.0,0.0,12.6,1026.0,0.0
2024-11-03 18:00:00,3.6,54.0,0.0,11.2,1026.6,8.0
2024-11-03 19:00:00,2.8,57.0,0.0,9.4,1026.4,8.0
2024-11-03 20:00:00,3.3,55.0,0.0,8.6,1026.1,8.0
2024-11-03 21:00:00,3.0,57.0,0.0,9.4,1025.7,0.0
2024-11-03 22:00:00,1.8,63.0,0.0,11.2,1025.0,3.0
2024-11-03 23:00:00,1.8,65.0,0.0,13.3,1024.1,5.0
2024-11-04 00:00:00,1.9,70.0,0.0,14.8,1023.4,8.0
2024-11-04 01:00:00,3.0,71.0,0.0,17.3,1021.7,8.0
2024-11-04 02:00:00,3.5,72.0,0.0,20.2,1020.4,8.0
2024-11-04 03:00:00,4.1,69.0,0.0,24.5,1018.3,8.0
2024-11-04 04:00:00,4.1,66.0,0.0,27.7,1016.7,8.0
2024-11-04 05:00:00,3.8,65.0,0.0,29.5,1015.3,8.0
2024-11-04 06:00:00,4.1,61.0,0.0,32.8,1012.9,8.0
2024-11-04 07:00:00,4.4,59.0,0.0,33.8,1011.7,8.0
2024-11-04 08:00:00,4.7,59.0,0.1,34.6,1011.5,8.0
2024-11-04 09:00:00,5.4,55.0,0.0,34.6,1010.2,8.0
2024-11-04 10:00:00,6.8,50.0,0.0,32.0,1009.1,8.0
2024-11-04 11:00:00,7.2,51.0,0.0,29.2,1008.1,5.0
2024-11-04 12:00:00,9.8,47.0,0.0,38.9,1008.0,8.0
2024-11-04 13:00:00,9.3,49.0,0.0,38.5,1008.1,2.0
2024-11-04 14:00:00,8.2,53.0,0.0,38.5,1009.4,2.0
2024-11-04 15:00:00,6.8,52.0,0.0,37.8,1010.8,7.0
2024-11-04 16:00:00,5.9,55.0,0.0,36.0,1011.8,8.0
2024-11-04 17:00:00,4.8,58.0,0.0,37.4,1013.8,6.0
2024-11-04 18:00:00,4.0,60.0,0.0,30.6,1015.0,2.0
2024-11-04 19:00:00,3.3,61.0,0.0,31.7,1016.0,1.0
2024-11-04 20:00:00,2.9,61.0,0.0,31.3,1016.7,0.0
2024-11-04 21:00:00,2.9,59.0,0.0,30.6,1017.5,7.0
2024-11-04 22:00:00,2.8,56.0,0.0,30.2,1018.4,7.0
2024-11-04 23:00:00,2.6,56.0,0.0,31.0,1019.5,8.0
2024-11-05 00:00:00,2.3,57.0,0.0,31.0,1020.7,8.0
2024-11-05 01:00:00,2.1,54.0,0.0,33.1,1021.8,8.0
2024-11-05 02:00:00,2.0,53.0,0.0,32.4,1022.6,8.0
2024-11-05 03:00:00,1.8,54.0,0.0,31.0,1023.4,5.0
2024-11-05 04:00:00,1.0,59.0,0.0,27.4,1024.6,5.0
2024-11-05 05:00:00,0.3,62.0,0.0,24.5,1025.3,6.0
2024-11-05 06:00:00,0.4,60.0,0.0,23.4,1026.1,2.0
2024-11-05 07:00:00,0.5,61.0,0.0,21.2,1026.9,1.0
2024-11-05 08:00:00,1.0,56.0,0.0,23.0,1027.8,0.0
2024-11-05 09:00:00,1.5,54.0,0.0,23.4,1028.4,0.0
2024-11-05 10:00:00,2.6,52.0,0.0,21.6,1028.7,0.0
2024-11-05 11:00:00,3.7,49.0,0.0,21.2,1028.9,0.0
2024-11-05 12:00:00,4.7,45.0,0.0,21.2,1028.7,0.0
2024-11-05 13:00:00,5.3,41.0,0.0,24.1,1028.6,3.0
2024-11-05 14:00:00,5.5,39.0,0.0,22.3,1028.3,0.0
2024-11-05 15:00:00,5.2,41.0,0.0,19.1,1028.2,0.0
2024-11-05 16:00:00,4.1,45.0,0.0,14.8,1028.4,0.0
2024-11-05 17:00:00,3.0,50.0,0.0,13.7,1029.1,0.0
2024-11-05 18:00:00,2.2,55.0,0.0,12.6,1029.5,0.0
2024-11-05 19:00:00,1.5,59.0,0.0,11.5,1029.7,0.0
2024-11-05 20:00:00,1.1,62.0,0.0,12.2,1029.7,0.0
2024-11-05 21:00:00,0.8,65.0,0.0,13.0,1029.8,1.0
2024-11-05 22:00:00,1.5,63.0,0.0,14.4,1029.0,2.0
2024-11-05 23:00:00,1.2,65.0,0.0,14.0,1028.9,6.0
2024-11-06 00:00:00,1.9,61.0,0.0,15.8,1028.8,8.0
2024-11-06 01:00:00,3.0,55.0,0.0,17.3,1028.8,8.0
2024-11-06 02:00:00,3.5,53.0,0.0,18.0,1028.6,8.0
2024-11-06 03:00:00,4.3,52.0,0.0,19.8,1027.6,8.0
2024-11-06 04:00:00,4.5,51.0,0.0,18.7,1027.4,8.0
2024-11-06 05:00:00,4.6,51.0,0.0,19.4,1027.3,8.0
2024-11-06 06:00:00,4.4,54.0,0.0,19.8,1027.3,8.0
2024-11-06 07:00:00,4.0,61.0,0.1,19.8,1027.6,8.0
2024-11-06 08:00:00,3.8,68.0,0.1,17.6,1028.5,8.0
2024-11-06 09:00:00,4.6,64.0,0.0,19.4,1028.1,6.0
2024-11-06 10:00:00,6.4,55.0,0.0,20.2,1028.4,8.0
2024-11-06 11:00:00,6.4,57.0,0.0,19.4,1028.7,8.0
2024-11-06 12:00:00,7.3,54.0,0.0,19.8,1028.6,3.0
2024-11-06 13:00:00,8.2,51.0,0.0,16.9,1028.4,7.0
2024-11-06 14:00:00,8.9,50.0,0.0,16.6,1028.6,4.0
2024-11-06 15:00:00,8.9,51.0,0.0,15.1,1028.9,2.0
2024-11-06 16:00:00,7.6,57.0,0.0,10.8,1029.3,1.0
2024-11-06 17:00:00,5.6,67.0,0.0,9.7,1029.7,1.0
2024-11-06 18:00:00,5.6,72.0,0.0,10.1,1030.2,4.0
2024-11-06 19:00:00,5.9,72.0,0.0,10.8,1030.8,8.0
2024-11-06 20:00:00,6.9,71.0,0.0,11.2,1031.0,8.0
2024-11-06 21:00:00,7.1,74.0,0.0,10.1,1031.4,8.0
2024-11-06 22:00:00,7.1,76.0,0.0,10.4,1031.7,8.0
2024-11-06 23:00:00,7.4,72.0,0.0,11.2,1031.1,8.0
2024-11-07 00:00:00,7.3,74.0,0.0,11.9,1031.3,8.0
2024-11-07 01:00:00,7.3,77.0,0.0,12.2,1031.7,8.0
2024-11-07 02:00:00,7.1,79.0,0.0,12.2,1031.8,8.0
2024-11-07 03:00:00,7.1,78.0,0.0,12.2,1031.7,8.0
2024-11-07 04:00:00,7.2,78.0,0.0,13.0,1031.8,8.0
2024-11-07 05:00:00,7.2,78.0,0.0,13.0,1031.8,8.0
2024-11-07 06:00:00,7.3,78.0,0.0,13.0,1031.8,8.0
2024-11-07 07:00:00,7.0,79.0,0.0,13.3,1032.2,8.0
2024-11-07 08:00:00,7.4,78.0,0.0,14.4,1032.6,8.0
2024-11-07 09:00:00,8.4,73.0,0.0,12.6,1032.3,8.0
2024-11-07 10:00:00,9.6,71.0,0.0,14.0,1032.3,7.0
2024-11-07 11:00:00,10.6,66.0,0.0,12.2,1032.1,5.0
2024-11-07 12:00:00,11.5,63.0,0.0,10.1,1031.5,1.0
2024-11-07 13:00:00,12.1,61.0,0.0,10.8,1031.4,0.0
2024-11-07 14:00:00,12.3,60.0,0.0,10.8,1031.2,0.0
2024-11-07 15:00:00,11.9,61.0,0.0,10.8,1031.2,0.0
2024-11-07 16:00:00,9.7,71.0,0.0,7.2,1031.1,0.0
2024-11-07 17:00:00,7.9,79.0,0.0,8.3,1031.3,0.0
2024-11-07 18:00:00,6.8,85.0,0.0,8.6,1031.7,0.0
2024-11-07 19:00:00,5.7,91.0,0.0,8.6,1031.7,0.0
2024-11-07 20:00:00,4.1,96.0,0.0,9.0,1031.9,2.0
2024-11-07 21:00:00,3.2,97.0,0.0,9.0,1032.0,0.0
2024-11-07 22:00:00,2.9,97.0,0.0,9.0,1032.1,4.0
2024-11-07 23:00:00,3.0,96.0,0.0,8.3,1031.9,1.0
2024-11-08 00:00:00,2.7,91.0,0.0,8.6,1031.3,1.0
2024-11-08 01:00:00,2.2,92.0,0.0,8.6,1031.2,0.0
2024-11-08 02:00:00,2.0,93.0,0.0,8.6,1031.3,8.0
2024-11-08 03:00:00,1.9,93.0,0.0,8.6,1030.7,8.0
2024-11-08 04:00:00,1.9,94.0,0.0,8.6,1030.5,8.0
2024-11-08 05:00:00,2.1,93.0,0.0,9.4,1030.3,8.0
2024-11-08 06:00:00,1.8,93.0,0.0,8.3,1029.8,8.0
2024-11-08 07:00:00,1.8,94.0,0.0,8.6,1029.7,8.0
2024-11-08 08:00:00,3.9,87.0,0.0,10.1,1029.9,8.0
2024-11-08 09:00:00,6.2,77.0,0.0,8.6,1029.7,8.0
2024-11-08 10:00:00,7.7,70.0,0.0,9.7,1029.6,4.0
2024-11-08 11:00:00,9.7,63.0,0.0,11.5,1029.1,0.0
2024-11-08 12:00:00,10.7,60.0,0.0,13.7,1028.4,1.0
2024-11-08 13:00:00,10.9,60.0,0.0,17.6,1028.2,8.0
2024-11-08 14:00:00,10.0,64.0,0.0,20.2,1028.2,8.0
2024-11-08 15:00:00,8.0,74.0,0.0,20.9,1028.9,8.0
2024-11-08 16:00:00,6.9,79.0,0.0,19.8,1029.2,8.0
2024-11-08 17:00:00,6.8,77.0,0.0,20.5,1029.6,8.0
2024-11-08 18:00:00,6.8,77.0,0.0,17.3,1029.7,8.0
2024-11-08 19:00:00,6.9,78.0,0.0,16.6,1029.8,8.0
2024-11-08 20:00:00,7.0,77.0,0.0,17.3,1030.0,8.0
2024-11-08 21:00:00,6.8,80.0,0.0,16.6,1030.1,8.0
2024-11-08 22:00:00,6.7,84.0,0.0,16.6,1030.2,8.0
2024-11-08 23:00:00,6.7,85.0,0.0,15.8,1030.3,8.0
2024-11-09 00:00:00,6.7,85.0,0.0,16.6,1030.4,8.0
2024-11-09 01:00:00,6.2,85.0,0.0,15.1,1030.7,8.0
2024-11-09 02:00:00,6.2,86.0,0.0,15.1,1031.0,8.0
2024-11-09 03:00:00,6.2,86.0,0.0,15.8,1031.1,8.0
2024-11-09 04:00:00,6.2,85.0,0.0,16.9,1031.3,8.0
2024-11-09 05:00:00,6.1,85.0,0.0,16.9,1031.4,8.0
2024-11-09 06:00:00,6.2,86.0,0.0,16.9,1031.4,8.0
2024-11-09 07:00:00,6.2,86.0,0.0,16.9,1031.7,8.0
2024-11-09 08:00:00,6.7,84.0,0.0,16.6,1032.3,8.0
2024-11-09 09:00:00,7.1,82.0,0.0,18.0,1032.6,8.0
2024-11-09 10:00:00,7.7,78.0,0.0,18.4,1032.6,8.0
2024-11-09 11:00:00,8.6,71.0,0.0,18.4,1032.5,8.0
2024-11-09 12:00:00,8.9,67.0,0.0,15.8,1032.1,8.0
2024-11-09 13:00:00,9.4,63.0,0.0,15.8,1032.0,7.0
2024-11-09 14:00:00,9.6,61.0,0.0,15.5,1031.9,7.0
2024-11-09 15:00:00,9.3,62.0,0.0,14.8,1031.9,8.0
2024-11-09 16:00:00,8.8,65.0,0.0,10.8,1031.8,8.0
2024-11-09 17:00:00,8.3,70.0,0.0,9.7,1031.8,6.0
2024-11-09 18:00:00,7.3,75.0,0.0,9.4,1031.8,4.0
2024-11-09 19:00:00,6.2,83.0,0.0,10.4,1031.9,5.0
2024-11-09 20:00:00,6.0,84.0,0.0,10.1,1031.8,4.0
2024-11-09 21:00:00,5.6,87.0,0.0,9.7,1031.9,3.0
2024-11-09 22:00:00,5.2,87.0,0.0,9.4,1031.8,8.0
2024-11-09 23:00:00,5.4,84.0,0.0,10.4,1031.8,8.0
2024-11-10 00:00:00,5.3,84.0,0.0,10.8,1031.7,8.0
2024-11-10 01:00:00,5.4,83.0,0.0,10.8,1031.7,8.0
2024-11-10 02:00:00,5.4,83.0,0.0,11.2,1031.6,8.0
2024-11-10 03:00:00,5.4,82.0,0.0,11.2,1031.3,8.0
2024-11-10 04:00:00,5.3,81.0,0.0,11.9,1031.2,8.0
2024-11-10 05:00:00,4.9,79.0,0.0,10.8,1031.1,4.0
2024-11-10 06:00:00,4.6,79.0,0.0,8.6,1031.0,7.0
2024-11-10 07:00:00,5.1,77.0,0.0,9.7,1031.2,8.0
2024-11-10 08:00:00,5.3,79.0,0.0,11.2,1031.3,8.0
2024-11-10 09:00:00,5.7,73.0,0.0,13.7,1031.3,8.0
2024-11-10 10:00:00,5.9,71.0,0.0,12.6,1031.3,8.0
2024-11-10 11:00:00,6.7,67.0,0.0,11.9,1031.1,8.0
2024-11-10 12:00:00,6.7,66.0,0.0,11.5,1030.6,8.0
2024-11-10 13:00:00,7.7,64.0,0.0,11.5,1029.9,8.0
2024-11-10 14:00:00,7.5,64.0,0.0,11.9,1029.4,8.0
2024-11-10 15:00:00,7.1,65.0,0.0,12.2,1029.3,8.0
2024-11-10 16:00:00,6.4,68.0,0.0,11.5,1029.3,5.0
2024-11-10 17:00:00,5.8,71.0,0.0,9.7,1029.3,5.0
2024-11-10 18:00:00,5.5,74.0,0.0,11.5,1029.5,8.0
2024-11-10 19:00:00,5.5,74.0,0.0,9.7,1029.6,8.0
2024-11-10 20:00:00,5.3,76.0,0.0,7.9,1029.8,8.0
2024-11-10 21:00:00,5.3,78.0,0.0,9.4,1030.1,8.0
2024-11-10 22:00:00,5.2,80.0,0.0,10.4,1030.2,8.0
2024-11-10 23:00:00,5.0,80.0,0.0,10.4,1030.0,8.0
2024-11-11 00:00:00,4.9,83.0,0.0,11.9,1029.8,8.0
2024-11-11 01:00:00,4.8,82.0,0.0,13.3,1029.7,8.0
2024-11-11 02:00:00,4.5,80.0,0.0,13.3,1029.5,8.0
2024-11-11 03:00:00,4.0,80.0,0.0,12.6,1029.2,8.0
2024-11-11 04:00:00,3.4,80.0,0.0,13.3,1029.3,8.0
2024-11-11 05:00:00,3.1,79.0,0.0,13.7,1029.6,8.0
2024-11-11 06:00:00,2.8,79.0,0.0,12.6,1029.7,8.0
2024-11-11 07:00:00,2.8,79.0,0.0,13.0,1029.8,8.0
2024-11-11 08:00:00,3.0,78.0,0.0,15.1,1030.1,8.0
2024-11-11 09:00:00,3.4,76.0,0.0,15.8,1030.2,8.0
2024-11-11 10:00:00,4.0,75.0,0.0,16.2,1030.1,8.0
2024-11-11 11:00:00,4.7,74.0,0.0,14.8,1029.9,8.0
2024-11-11 12:00:00,5.3,71.0,0.0,14.0,1029.4,8.0
2024-11-11 13:00:00,5.7,71.0,0.0,14.4,1029.1,8.0
2024-11-11 14:00:00,5.9,70.0,0.0,14.8,1029.0,8.0
2024-11-11 15:00:00,6.0,71.0,0.0,15.1,1029.0,8.0
2024-11-11 16:00:00,5.9,72.0,0.0,13.0,1029.0,8.0
2024-11-11 17:00:00,5.8,73.0,0.0,13.0,1029.1,8.0
2024-11-11 18:00:00,5.6,73.0,0.0,15.1,1029.5,8.0
2024-11-11 19:00:00,5.4,74.0,0.0,12.6,1029.8,8.0
2024-11-11 20:00:00,5.3,72.0,0.0,13.3,1030.1,8.0
2024-11-11 21:00:00,5.1,69.0,0.0,13.7,1030.3,8.0
2024-11-11 22:00:00,5.0,66.0,0.0,13.3,1030.5,8.0
2024-11-11 23:00:00,5.0,65.0,0.0,11.9,1030.4,8.0
2024-11-12 00:00:00,4.2,69.0,0.0,10.8,1030.2,6.0
2024-11-12 01:00:00,3.8,74.0,0.0,10.8,1030.5,8.0
2024-11-12 02:00:00,3.8,74.0,0.0,10.8,1030.8,7.0
2024-11-12 03:00:00,3.1,76.0,0.0,10.1,1030.9,8.0
2024-11-12 04:00:00,3.3,74.0,0.0,10.8,1031.1,8.0
2024-11-12 05:00:00,2.9,75.0,0.0,11.5,1031.0,8.0
2024-11-12 06:00:00,3.4,72.0,0.0,11.9,1031.3,8.0
2024-11-12 07:00:00,3.4,72.0,0.0,12.6,1031.7,8.0
2024-11-12 08:00:00,4.1,68.0,0.0,15.8,1032.1,7.0
2024-11-12 09:00:00,5.0,64.0,0.0,15.8,1032.4,7.0
2024-11-12 10:00:00,6.2,56.0,0.0,17.3,1032.2,6.0
2024-11-12 11:00:00,6.9,53.0,0.0,18.7,1032.0,8.0
2024-11-12 12:00:00,7.0,52.0,0.0,16.6,1031.7,8.0
2024-11-12 13:00:00,7.0,52.0,0.0,14.4,1031.7,8.0
2024-11-12 14:00:00,7.1,52.0,0.0,13.7,1031.8,8.0
2024-11-12 15:00:00,6.6,55.0,0.0,13.0,1031.9,8.0
2024-11-12 16:00:00,6.0,60.0,0.0,10.8,1032.0,8.0
2024-11-12 17:00:00,5.4,64.0,0.0,12.2,1032.1,8.0
2024-11-12 18:00:00,5.3,63.0,0.0,13.3,1032.2,8.0
2024-11-12 19:00:00,5.1,63.0,0.0,14.4,1032.1,8.0
2024-11-12 20:00:00,4.6,63.0,0.0,12.6,1032.3,8.0
2024-11-12 21:00:00,4.0,67.0,0.0,10.4,1032.4,7.0
2024-11-12 22:00:00,3.5,70.0,0.0,10.1,1032.5,7.0
2024-11-12 23:00:00,3.2,72.0,0.0,9.7,1032.1,8.0
2024-11-13 00:00:00,2.6,76.0,0.0,8.3,1032.0,4.0
2024-11-13 01:00:00,3.0,73.0,0.0,9.0,1032.0,8.0
2024-11-13 02:00:00,2.8,75.0,0.0,9.4,1031.7,8.0
2024-11-13 03:00:00,2.7,75.0,0.0,9.7,1031.4,8.0
2024-11-13 04:00:00,2.7,76.0,0.0,9.0,1031.3,8.0
2024-11-13 05:00:00,2.9,75.0,0.0,10.1,1031.2,8.0
2024-11-13 06:00:00,3.0,76.0,0.0,11.5,1030.9,8.0
2024-11-13 07:00:00,3.1,76.0,0.0,11.9,1030.9,8.0
2024-11-13 08:00:00,3.6,73.0,0.0,11.9,1031.0,8.0
2024-11-13 09:00:00,4.2,70.0,0.0,10.4,1031.0,8.0
2024-11-13 10:00:00,4.9,66.0,0.0,10.8,1030.7,8.0
2024-11-13 11:00:00,5.2,63.0,0.0,7.9,1030.3,8.0
2024-11-13 12:00:00,5.8,61.0,0.0,8.3,1029.5,8.0
2024-11-13 13:00:00,5.6,61.0,0.0,8.3,1029.0,8.0
2024-11-13 14:00:00,5.4,61.0,0.0,7.6,1028.4,8.0
2024-11-13 15:00:00,5.3,62.0,0.0,6.5,1028.2,8.0
2024-11-13 16:00:00,4.7,66.0,0.0,6.1,1027.9,8.0
2024-11-13 17:00:00,4.7,67.0,0.0,6.1,1027.6,8.0
2024-11-13 18:00:00,4.4,70.0,0.0,6.1,1027.3,8.0
2024-11-13 19:00:00,4.1,74.0,0.0,9.0,1027.1,8.0
2024-11-13 20:00:00,3.8,77.0,0.0,9.0,1026.7,8.0
2024-11-13 21:00:00,3.3,83.0,0.6,8.6,1026.7,8.0
2024-11-13 22:00:00,3.0,93.0,0.8,7.9,1026.5,8.0
2024-11-13 23:00:00,2.5,94.0,0.5,9.0,1026.4,8.0
2024-11-14 00:00:00,2.3,96.0,0.3,7.9,1026.2,8.0
2024-11-14 01:00:00,2.3,97.0,0.2,7.9,1025.8,8.0
2024-11-14 02:00:00,2.1,97.0,0.3,6.5,1025.4,8.0
2024-11-14 03:00:00,2.0,97.0,0.0,6.1,1025.0,8.0
2024-11-14 04:00:00,2.1,96.0,0.0,6.5,1024.6,8.0
2024-11-14 05:00:00,2.1,95.0,0.0,5.8,1024.3,8.0
2024-11-14 06:00:00,2.1,94.0,0.0,5.0,1024.0,8.0
2024-11-14 07:00:00,2.2,93.0,0.0,5.0,1024.0,8.0
2024-11-14 08:00:00,2.0,91.0,0.0,5.8,1024.1,8.0
2024-11-14 09:00:00,2.5,87.0,0.0,4.7,1023.8,8.0
2024-11-14 10:00:00,3.1,83.0,0.0,6.5,1023.8,8.0
2024-11-14 11:00:00,3.9,77.0,0.0,9.4,1023.4,8.0
2024-11-14 12:00:00,4.4,74.0,0.0,10.8,1023.0,8.0
2024-11-14 13:00:00,5.2,68.0,0.0,11.5,1022.2,8.0
2024-11-14 14:00:00,5.6,66.0,0.0,11.9,1021.7,8.0
2024-11-14 15:00:00,5.1,71.0,0.0,13.0,1021.3,8.0
2024-11-14 16:00:00,4.6,78.0,0.0,11.2,1020.9,8.0
2024-11-14 17:00:00,4.5,82.0,0.0,10.1,1020.7,8.0
2024-11-14 18:00:00,4.2,85.0,0.0,11.9,1020.6,8.0
2024-11-14 19:00:00,4.2,87.0,0.0,14.4,1020.6,8.0
2024-11-14 20:00:00,3.9,89.0,0.0,15.5,1020.4,8.0
2024-11-14 21:00:00,3.6,90.0,0.0,14.8,1020.5,8.0
2024-11-14 22:00:00,3.2,85.0,0.0,14.0,1020.3,8.0
2024-11-14 23:00:00,2.4,82.0,0.0,11.9,1020.0,7.0
2024-11-15 00:00:00,1.6,81.0,0.0,10.1,1019.9,1.0
2024-11-15 01:00:00,-0.1,90.0,0.0,7.9,1019.9,0.0
2024-11-15 02:00:00,-0.9,92.0,0.0,8.3,1019.6,2.0
2024-11-15 03:00:00,-1.2,91.0,0.0,7.9,1019.2,7.0
2024-11-15 04:00:00,-0.6,89.0,0.0,7.9,1018.9,8.0
2024-11-15 05:00:00,-0.2,85.0,0.0,7.6,1018.8,8.0
2024-11-15 06:00:00,0.3,79.0,0.0,8.3,1018.4,8.0
2024-11-15 07:00:00,0.8,73.0,0.0,7.9,1018.3,8.0
2024-11-15 08:00:00,1.6,66.0,0.0,8.3,1018.4,8.0
2024-11-15 09:00:00,2.6,57.0,0.0,10.8,1018.1,8.0
2024-11-15 10:00:00,3.3,58.0,0.0,13.0,1017.9,8.0
2024-11-15 11:00:00,3.9,61.0,0.0,15.8,1017.4,8.0
2024-11-15 12:00:00,4.0,66.0,0.0,17.3,1016.9,8.0
2024-11-15 13:00:00,4.0,68.0,0.0,15.8,1016.3,8.0
2024-11-15 14:00:00,4.2,66.0,0.0,15.5,1016.1,8.0
2024-11-15 15:00:00,4.4,62.0,0.0,14.4,1016.0,8.0
2024-11-15 16:00:00,4.2,64.0,0.0,9.7,1016.2,8.0
2024-11-15 17:00:00,3.9,66.0,0.0,9.4,1016.4,8.0
2024-11-15 18:00:00,3.6,68.0,0.0,9.0,1016.6,8.0
2024-11-15 19:00:00,3.3,72.0,0.0,6.5,1017.1,8.0
2024-11-15 20:00:00,3.0,77.0,0.0,7.6,1017.4,8.0
2024-11-15 21:00:00,2.9,82.0,0.0,8.6,1017.4,8.0
2024-11-15 22:00:00,2.3,91.0,0.0,9.7,1017.4,8.0
2024-11-15 23:00:00,2.3,95.0,0.0,9.4,1017.7,8.0
2024-11-16 00:00:00,2.8,96.0,0.0,8.6,1017.8,8.0
2024-11-16 01:00:00,2.8,97.0,0.0,8.3,1017.8,8.0
2024-11-16 02:00:00,3.0,97.0,0.0,9.0,1018.1,8.0
2024-11-16 03:00:00,3.2,96.0,0.0,10.1,1018.3,8.0
2024-11-16 04:00:00,3.2,95.0,0.0,13.0,1018.6,8.0
2024-11-16 05:00:00,3.2,94.0,0.1,14.8,1019.1,8.0
2024-11-16 06:00:00,2.9,93.0,0.0,14.8,1019.6,8.0
2024-11-16 07:00:00,2.7,91.0,0.0,14.4,1020.0,8.0
2024-11-16 08:00:00,2.8,86.0,0.0,16.2,1020.8,8.0
2024-11-16 09:00:00,3.0,76.0,0.0,15.5,1021.3,8.0
2024-11-16 10:00:00,3.2,72.0,0.0,14.8,1021.6,8.0
2024-11-16 11:00:00,4.0,63.0,0.0,13.0,1021.6,4.0
2024-11-16 12:00:00,4.7,56.0,0.0,13.0,1021.4,1.0
2024-11-16 13:00:00,5.5,53.0,0.0,13.7,1021.3,5.0
2024-11-16 14:00:00,6.0,53.0,0.0,13.0,1021.4,5.0
2024-11-16 15:00:00,5.6,58.0,0.0,11.5,1021.5,6.0
2024-11-16 16:00:00,4.1,67.0,0.0,5.8,1021.7,3.0
2024-11-16 17:00:00,3.0,73.0,0.0,7.6,1021.9,2.0
2024-11-16 18:00:00,2.6,74.0,0.0,9.0,1021.8,2.0
2024-11-16 19:00:00,2.2,76.0,0.0,9.4,1022.0,1.0
2024-11-16 20:00:00,1.6,79.0,0.0,9.0,1021.9,0.0
2024-11-16 21:00:00,1.1,82.0,0.0,9.0,1022.0,0.0
2024-11-16 22:00:00,0.9,86.0,0.0,10.1,1022.0,1.0
2024-11-16 23:00:00,1.0,89.0,0.0,10.4,1022.2,1.0
2024-11-17 00:00:00,1.0,91.0,0.0,10.4,1022.2,1.0
2024-11-17 01:00:00,3.1,80.0,0.0,11.9,1021.5,8.0
2024-11-17 02:00:00,3.1,81.0,0.0,12.6,1021.4,8.0
2024-11-17 03:00:00,3.1,79.0,0.0,13.3,1021.0,6.0
2024-11-17 04:00:00,2.9,79.0,0.0,13.0,1020.6,7.0
2024-11-17 05:00:00,3.1,77.0,0.0,13.0,1020.4,8.0
2024-11-17 06:00:00,2.9,80.0,0.0,13.0,1020.4,8.0
2024-11-17 07:00:00,2.9,78.0,0.0,13.7,1020.2,8.0
2024-11-17 08:00:00,3.4,75.0,0.0,13.0,1020.3,8.0
2024-11-17 09:00:00,4.6,68.0,0.0,13.7,1020.2,8.0
2024-11-17 10:00:00,5.5,63.0,0.0,14.0,1019.8,8.0
2024-11-17 11:00:00,5.8,65.0,0.0,14.0,1019.0,8.0
2024-11-17 12:00:00,6.5,63.0,0.0,13.7,1018.4,8.0
2024-11-17 13:00:00,7.3,61.0,0.0,13.3,1017.9,8.0
2024-11-17 14:00:00,7.6,60.0,0.0,14.0,1017.3,4.0
2024-11-17 15:00:00,7.4,62.0,0.0,13.7,1017.0,2.0
2024-11-17 16:00:00,4.6,77.0,0.0,8.3,1016.3,1.0
2024-11-17 17:00:00,3.7,81.0,0.0,10.4,1015.8,1.0
2024-11-17 18:00:00,3.7,78.0,0.0,13.3,1015.7,0.0
2024-11-17 19:00:00,3.3,78.0,0.0,13.3,1015.7,0.0
2024-11-17 20:00:00,2.7,84.0,0.0,12.6,1015.5,0.0
2024-11-17 21:00:00,2.3,90.0,0.0,12.2,1015.5,0.0
2024-11-17 22:00:00,1.9,93.0,0.0,10.8,1015.0,0.0
2024-11-17 23:00:00,1.6,96.0,0.0,10.8,1014.5,0.0
2024-11-18 00:00:00,1.6,97.0,0.0,9.0,1014.3,0.0
2024-11-18 01:00:00,1.5,98.0,0.0,9.0,1014.1,0.0
2024-11-18 02:00:00,1.7,98.0,0.0,9.4,1013.7,0.0
2024-11-18 03:00:00,1.9,98.0,0.0,9.7,1013.4,1.0
2024-11-18 04:00:00,2.0,99.0,0.0,9.7,1013.1,3.0
2024-11-18 05:00:00,2.2,99.0,0.0,9.7,1012.8,8.0
2024-11-18 06:00:00,3.0,98.0,0.0,10.1,1012.3,8.0
2024-11-18 07:00:00,4.2,95.0,0.0,12.2,1012.3,8.0
2024-11-18 08:00:00,5.4,92.0,0.0,12.6,1012.3,4.0
2024-11-18 09:00:00,6.9,86.0,0.0,12.2,1012.3,8.0
2024-11-18 10:00:00,7.6,84.0,0.0,12.2,1012.3,8.0
2024-11-18 11:00:00,7.8,83.0,0.0,12.6,1012.1,8.0
2024-11-18 12:00:00,8.2,84.0,0.0,13.3,1011.6,2.0
2024-11-18 13:00:00,9.2,80.0,0.0,11.2,1011.3,4.0
2024-11-18 14:00:00,9.6,78.0,0.0,13.3,1011.1,5.0
2024-11-18 15:00:00,9.2,80.0,0.0,11.9,1011.2,5.0
2024-11-18 16:00:00,7.7,87.0,0.0,10.4,1011.1,8.0
2024-11-18 17:00:00,6.4,91.0,0.0,9.4,1011.5,8.0
2024-11-18 18:00:00,6.9,94.0,0.0,10.4,1011.5,4.0
2024-11-18 19:00:00,6.3,95.0,0.0,9.7,1011.8,4.0
2024-11-18 20:00:00,6.2,96.0,0.0,10.1,1012.2,7.0
2024-11-18 21:00:00,6.4,95.0,0.0,10.1,1012.2,4.0
2024-11-18 22:00:00,6.2,96.0,0.0,9.4,1012.4,2.0
2024-11-18 23:00:00,6.5,97.0,0.0,7.6,1012.1,2.0
2024-11-19 00:00:00,5.5,98.0,0.0,6.8,1012.1,8.0
2024-11-19 01:00:00,5.7,99.0,0.0,6.5,1012.3,8.0
2024-11-19 02:00:00,5.9,100.0,0.0,8.3,1012.7,8.0
2024-11-19 03:00:00,5.4,100.0,0.0,6.8,1012.7,8.0
2024-11-19 04:00:00,2.6,99.0,0.0,7.2,1013.2,0.0
2024-11-19 05:00:00,2.2,98.0,0.0,7.9,1013.6,0.0
2024-11-19 06:00:00,1.5,97.0,0.0,8.3,1013.9,0.0
2024-11-19 07:00:00,1.1,97.0,0.0,8.6,1014.4,1.0
2024-11-19 08:00:00,2.0,94.0,0.0,12.2,1015.2,4.0
2024-11-19 09:00:00,3.6,91.0,0.0,10.8,1016.1,6.0
2024-11-19 10:00:00,5.9,78.0,0.0,13.3,1016.7,0.0
2024-11-19 11:00:00,7.6,65.0,0.0,14.4,1016.7,6.0
2024-11-19 12:00:00,8.7,57.0,0.0,12.6,1016.5,0.0
2024-11-19 13:00:00,9.5,53.0,0.0,13.3,1016.7,1.0
2024-11-19 14:00:00,9.6,54.0,0.0,14.0,1017.0,0.0
2024-11-19 15:00:00,8.8,58.0,0.0,10.1,1017.3,0.0
2024-11-19 16:00:00,5.5,75.0,0.0,6.8,1017.6,0.0
2024-11-19 17:00:00,4.2,86.0,0.0,9.4,1017.9,2.0
2024-11-19 18:00:00,3.6,88.0,0.0,8.6,1018.4,1.0
2024-11-19 19:00:00,2.8,89.0,0.0,8.3,1018.6,0.0
2024-11-19 20:00:00,2.8,88.0,0.0,8.6,1018.9,0.0
2024-11-19 21:00:00,2.8,89.0,0.0,8.6,1019.0,0.0
2024-11-19 22:00:00,2.7,91.0,0.0,9.4,1019.2,1.0
2024-11-19 23:00:00,2.7,92.0,0.0,10.1,1018.9,3.0
2024-11-20 00:00:00,3.4,91.0,0.0,11.2,1018.3,0.0
2024-11-20 01:00:00,3.4,92.0,0.0,11.9,1018.0,0.0
2024-11-20 02:00:00,3.5,92.0,0.0,13.0,1017.6,0.0
2024-11-20 03:00:00,3.5,93.0,0.0,13.7,1017.1,1.0
2024-11-20 04:00:00,3.5,92.0,0.0,15.5,1016.3,8.0
2024-11-20 05:00:00,3.6,91.0,0.0,17.6,1015.9,8.0
2024-11-20 06:00:00,4.0,90.0,0.0,18.7,1015.1,8.0
2024-11-20 07:00:00,4.3,89.0,0.0,19.4,1014.7,8.0
2024-11-20 08:00:00,5.1,85.0,0.0,20.2,1014.3,8.0
2024-11-20 09:00:00,6.5,78.0,0.0,20.5,1013.8,8.0
2024-11-20 10:00:00,8.7,67.0,0.0,26.6,1013.0,8.0
2024-11-20 11:00:00,9.6,72.0,0.0,26.6,1012.2,8.0
2024-11-20 12:00:00,9.7,78.0,0.0,25.2,1011.0,8.0
2024-11-20 13:00:00,10.2,79.0,0.0,24.5,1010.0,8.0
2024-11-20 14:00:00,10.2,81.0,0.0,25.2,1009.3,8.0
2024-11-20 15:00:00,9.4,90.0,0.0,28.8,1008.5,8.0
2024-11-20 16:00:00,9.7,90.0,0.0,28.8,1007.6,8.0
2024-11-20 17:00:00,9.4,91.0,0.0,29.2,1007.3,8.0
2024-11-20 18:00:00,9.1,91.0,0.0,29.2,1006.8,7.0
2024-11-20 19:00:00,9.2,92.0,0.0,29.2,1006.1,6.0
2024-11-20 20:00:00,9.4,93.0,0.0,28.8,1005.4,7.0
2024-11-20 21:00:00,9.4,94.0,0.0,28.4,1004.8,3.0
2024-11-20 22:00:00,9.4,94.0,0.0,26.3,1004.8,8.0
2024-11-20 23:00:00,9.6,90.0,0.0,25.9,1004.1,8.0
2024-11-21 00:00:00,10.0,87.0,0.0,27.0,1003.5,8.0
2024-11-21 01:00:00,10.5,83.0,0.0,28.4,1002.7,8.0
2024-11-21 02:00:00,11.0,78.0,0.0,29.2,1002.0,8.0
2024-11-21 03:00:00,11.2,75.0,0.0,29.5,1001.3,8.0
2024-11-21 04:00:00,11.4,73.0,0.0,29.9,1000.3,8.0
2024-11-21 05:00:00,11.6,71.0,0.0,29.5,999.6,8.0
2024-11-21 06:00:00,10.6,81.0,0.0,31.7,998.9,8.0
2024-11-21 07:00:00,11.6,71.0,0.0,33.8,997.8,8.0
2024-11-21 08:00:00,13.0,65.0,0.0,37.8,996.9,8.0
2024-11-21 09:00:00,13.9,63.0,0.0,40.0,996.0,8.0
2024-11-21 10:00:00,14.7,59.0,0.0,40.7,994.7,8.0
2024-11-21 11:00:00,13.1,72.0,0.0,39.6,994.0,8.0
2024-11-21 12:00:00,12.5,77.0,1.1,41.8,993.0,8.0
2024-11-21 13:00:00,12.6,74.0,4.4,43.2,991.5,8.0
2024-11-21 14:00:00,14.7,60.0,3.4,48.2,990.3,8.0
2024-11-21 15:00:00,12.1,83.0,1.7,42.1,991.1,8.0
2024-11-21 16:00:00,11.5,93.0,2.5,37.1,992.9,8.0
2024-11-21 17:00:00,8.3,93.0,0.6,33.1,995.3,8.0
2024-11-21 18:00:00,4.6,87.0,0.0,25.6,998.1,8.0
2024-11-21 19:00:00,4.2,76.0,0.0,23.0,1000.3,8.0
2024-11-21 20:00:00,3.8,76.0,0.0,23.0,1002.4,8.0
2024-11-21 21:00:00,3.7,76.0,0.0,21.6,1004.7,8.0
2024-11-21 22:00:00,3.5,77.0,0.0,20.2,1006.2,8.0
2024-11-21 23:00:00,3.1,81.0,0.0,21.2,1007.9,8.0
2024-11-22 00:00:00,2.8,83.0,0.0,21.6,1009.7,8.0
2024-11-22 01:00:00,2.3,84.0,0.0,18.7,1011.3,1.0
2024-11-22 02:00:00,1.3,89.0,0.0,14.4,1012.4,0.0
2024-11-22 03:00:00,0.6,92.0,0.0,13.0,1013.5,0.0
2024-11-22 04:00:00,0.0,94.0,0.0,10.4,1014.3,0.0
2024-11-22 05:00:00,-0.5,94.0,0.0,9.4,1015.1,3.0
2024-11-22 06:00:00,-0.8,95.0,0.0,8.6,1016.2,8.0
2024-11-22 07:00:00,-0.7,96.0,0.0,6.5,1017.0,8.0
2024-11-22 08:00:00,1.4,93.0,0.0,15.5,1017.8,8.0
2024-11-22 09:00:00,2.9,85.0,0.0,14.0,1016.8,8.0
2024-11-22 10:00:00,4.1,74.0,0.0,10.8,1017.6,8.0
2024-11-22 11:00:00,5.1,65.0,0.0,23.8,1016.7,2.0
2024-11-22 12:00:00,5.8,60.0,0.0,20.9,1016.6,5.0
2024-11-22 13:00:00,6.0,59.0,0.0,24.8,1015.6,3.0
2024-11-22 14:00:00,6.4,61.0,0.0,27.7,1015.4,6.0
2024-11-22 15:00:00,6.5,59.0,0.0,28.1,1014.7,8.0
2024-11-22 16:00:00,6.2,61.0,0.0,27.0,1013.7,7.0
2024-11-22 17:00:00,5.7,66.0,0.0,29.2,1012.7,8.0
2024-11-22 18:00:00,5.5,73.0,0.0,29.5,1012.6,8.0
2024-11-22 19:00:00,6.2,76.0,0.0,31.7,1011.6,8.0
2024-11-22 20:00:00,6.6,78.0,0.0,32.0,1010.7,8.0
2024-11-22 21:00:00,8.0,77.0,0.0,33.1,1009.3,8.0
2024-11-22 22:00:00,8.8,82.0,0.0,34.9,1008.0,8.0
2024-11-22 23:00:00,9.3,86.0,0.0,35.3,1006.9,8.0
2024-11-23 00:00:00,9.8,91.0,0.0,37.1,1005.9,8.0
2024-11-23 01:00:00,10.9,89.0,0.0,36.4,1005.0,8.0
2024-11-23 02:00:00,11.7,87.0,0.0,36.0,1004.0,8.0
2024-11-23 03:00:00,12.4,84.0,0.0,35.6,1002.8,8.0
2024-11-23 04:00:00,13.0,81.0,0.0,36.4,1001.5,8.0
2024-11-23 05:00:00,13.3,80.0,0.0,35.6,1000.6,8.0
2024-11-23 06:00:00,13.4,80.0,0.1,37.1,999.7,8.0
2024-11-23 07:00:00,13.7,80.0,0.6,36.7,999.4,8.0
2024-11-23 08:00:00,12.8,90.0,0.9,33.8,999.6,8.0
2024-11-23 09:00:00,12.3,91.0,1.3,33.8,999.0,8.0
2024-11-23 10:00:00,12.6,92.0,1.9,34.6,999.4,8.0
2024-11-23 11:00:00,11.7,92.0,2.4,23.0,1001.0,8.0
2024-11-23 12:00:00,10.7,92.0,1.4,17.6,1001.8,8.0
2024-11-23 13:00:00,9.5,95.0,1.1,19.8,1003.5,8.0
2024-11-23 14:00:00,8.3,92.0,0.4,18.7,1005.2,8.0
2024-11-23 15:00:00,7.2,85.0,0.0,20.9,1006.5,8.0
2024-11-23 16:00:00,5.6,81.0,0.0,22.7,1008.3,8.0
2024-11-23 17:00:00,4.7,79.0,0.1,23.0,1010.6,8.0
2024-11-23 18:00:00,4.2,73.0,0.0,23.0,1011.3,8.0
2024-11-23 19:00:00,3.9,74.0,0.0,21.6,1012.8,8.0
2024-11-23 20:00:00,3.4,74.0,0.0,23.4,1013.6,8.0
2024-11-23 21:00:00,3.0,73.0,0.0,25.2,1014.7,8.0
2024-11-23 22:00:00,2.7,74.0,0.0,25.9,1015.4,8.0
2024-11-23 23:00:00,2.3,76.0,0.0,24.5,1016.3,8.0
2024-11-24 00:00:00,2.0,70.0,0.0,27.4,1017.5,8.0
2024-11-24 01:00:00,1.6,68.0,0.0,26.6,1019.2,8.0
2024-11-24 02:00:00,1.2,68.0,0.0,27.0,1020.0,8.0
2024-11-24 03:00:00,0.5,70.0,0.0,25.9,1021.1,8.0
2024-11-24 04:00:00,0.4,70.0,0.0,28.1,1021.6,8.0
2024-11-24 05:00:00,0.8,68.0,0.0,30.2,1022.2,8.0
2024-11-24 06:00:00,0.9,69.0,0.0,25.6,1023.4,8.0
2024-11-24 07:00:00,1.1,68.0,0.0,26.6,1023.6,7.0
2024-11-24 08:00:00,1.2,66.0,0.0,27.0,1024.8,8.0
2024-11-24 09:00:00,1.6,63.0,0.0,28.8,1025.3,8.0
2024-11-24 10:00:00,1.5,60.0,0.0,27.0,1026.3,8.0
2024-11-24 11:00:00,1.9,57.0,0.0,26.6,1026.7,6.0
2024-11-24 12:00:00,2.0,55.0,0.0,27.0,1026.5,6.0
2024-11-24 13:00:00,2.1,54.0,0.0,27.0,1027.2,3.0
2024-11-24 14:00:00,2.1,53.0,0.0,27.0,1027.3,2.0
2024-11-24 15:00:00,1.8,56.0,0.0,24.5,1027.9,2.0
2024-11-24 16:00:00,0.9,61.0,0.0,17.3,1028.7,0.0
2024-11-24 17:00:00,0.3,64.0,0.0,17.3,1028.9,0.0
2024-11-24 18:00:00,0.1,65.0,0.0,18.0,1029.4,0.0
2024-11-24 19:00:00,-0.1,68.0,0.0,20.2,1029.5,0.0
2024-11-24 20:00:00,-0.5,72.0,0.0,20.2,1029.8,0.0
2024-11-24 21:00:00,-0.9,75.0,0.0,19.8,1030.1,0.0
2024-11-24 22:00:00,-1.2,77.0,0.0,20.5,1030.2,0.0
2024-11-24 23:00:00,-1.5,80.0,0.0,19.8,1030.2,0.0
2024-11-25 00:00:00,-1.8,84.0,0.0,20.5,1030.4,1.0
2024-11-25 01:00:00,-2.0,87.0,0.0,19.4,1029.9,0.0
2024-11-25 02:00:00,-2.3,89.0,0.0,18.4,1030.2,0.0
2024-11-25 03:00:00,-2.5,90.0,0.0,18.4,1030.2,5.0
2024-11-25 04:00:00,-2.7,91.0,0.0,19.4,1030.4,2.0
2024-11-25 05:00:00,-3.0,91.0,0.0,19.8,1030.6,2.0
2024-11-25 06:00:00,-3.0,90.0,0.0,22.0,1030.9,3.0
2024-11-25 07:00:00,-3.1,90.0,0.0,19.4,1031.4,7.0
2024-11-25 08:00:00,-2.5,86.0,0.0,21.6,1031.7,7.0
2024-11-25 09:00:00,-1.8,80.0,0.0,22.3,1032.0,6.0
2024-11-25 10:00:00,-0.8,72.0,0.0,20.9,1031.7,2.0
2024-11-25 11:00:00,0.4,68.0,0.0,20.2,1031.1,0.0
2024-11-25 12:00:00,1.0,64.0,0.0,20.5,1030.4,1.0
2024-11-25 13:00:00,1.3,63.0,0.0,20.5,1030.0,0.0
2024-11-25 14:00:00,1.4,63.0,0.0,19.8,1029.7,0.0
2024-11-25 15:00:00,0.7,67.0,0.0,18.0,1029.8,1.0
2024-11-25 16:00:00,-1.2,78.0,0.0,15.1,1029.9,0.0
2024-11-25 17:00:00,-1.6,81.0,0.0,16.2,1030.1,1.0
2024-11-25 18:00:00,-1.8,81.0,0.0,16.6,1030.2,8.0
2024-11-25 19:00:00,-1.8,80.0,0.0,16.9,1030.1,8.0
2024-11-25 20:00:00,-2.0,79.0,0.0,16.6,1029.9,8.0
2024-11-25 21:00:00,-3.0,83.0,0.0,14.8,1029.5,8.0
2024-11-25 22:00:00,-3.2,84.0,0.0,14.4,1029.3,8.0
2024-11-25 23:00:00,-3.6,85.0,0.0,13.3,1029.0,4.0
2024-11-26 00:00:00,-3.3,83.0,0.0,13.0,1028.5,8.0
2024-11-26 01:00:00,-3.2,83.0,0.0,13.3,1028.1,8.0
2024-11-26 02:00:00,-2.5,79.0,0.0,14.8,1028.1,8.0
2024-11-26 03:00:00,-2.0,79.0,0.0,15.5,1027.4,8.0
2024-11-26 04:00:00,-1.7,79.0,0.0,15.8,1026.9,8.0
2024-11-26 05:00:00,-1.5,79.0,0.0,15.1,1026.6,8.0
2024-11-26 06:00:00,-1.5,79.0,0.0,16.2,1026.6,8.0
2024-11-26 07:00:00,-1.6,79.0,0.0,15.8,1026.4,8.0
2024-11-26 08:00:00,-0.9,78.0,0.0,16.6,1026.1,8.0
2024-11-26 09:00:00,-0.3,77.0,0.0,19.1,1026.1,8.0
2024-11-26 10:00:00,0.2,75.0,0.0,18.4,1025.6,8.0
2024-11-26 11:00:00,0.5,74.0,0.0,16.2,1025.0,8.0
2024-11-26 12:00:00,1.1,73.0,0.0,15.5,1024.2,8.0
2024-11-26 13:00:00,1.2,71.0,0.0,14.8,1024.0,8.0
2024-11-26 14:00:00,1.2,71.0,0.0,13.7,1024.2,8.0
2024-11-26 15:00:00,1.1,72.0,0.0,12.6,1024.2,8.0
2024-11-26 16:00:00,0.8,75.0,0.0,10.1,1024.4,8.0
2024-11-26 17:00:00,0.7,77.0,0.0,9.7,1024.1,8.0
2024-11-26 18:00:00,-0.1,79.0,0.0,10.4,1024.2,8.0
2024-11-26 19:00:00,-0.1,80.0,0.0,9.4,1024.2,8.0
2024-11-26 20:00:00,-0.4,83.0,0.0,7.6,1024.2,8.0
2024-11-26 21:00:00,-0.5,84.0,0.0,6.5,1024.0,8.0
2024-11-26 22:00:00,-0.1,83.0,0.0,7.9,1023.9,8.0
2024-11-26 23:00:00,-0.5,84.0,0.0,8.3,1023.7,8.0
2024-11-27 00:00:00,-0.5,86.0,0.0,7.6,1023.6,8.0
2024-11-27 01:00:00,-0.5,88.0,0.0,6.5,1023.5,8.0
2024-11-27 02:00:00,-0.5,89.0,0.0,5.4,1023.4,8.0
2024-11-27 03:00:00,-0.5,90.0,0.0,7.6,1023.3,8.0
2024-11-27 04:00:00,-0.5,95.0,0.0,9.7,1023.7,8.0
2024-11-27 05:00:00,-0.5,95.0,0.0,9.7,1023.5,8.0
2024-11-27 06:00:00,-0.6,95.0,0.0,10.1,1023.4,8.0
2024-11-27 07:00:00,-0.6,95.0,0.0,9.0,1023.4,8.0
2024-11-27 08:00:00,-0.3,93.0,0.0,8.6,1023.7,8.0
2024-11-27 09:00:00,0.2,91.0,0.0,7.6,1023.8,8.0
2024-11-27 10:00:00,0.6,88.0,0.0,7.9,1023.6,8.0
2024-11-27 11:00:00,1.0,85.0,0.0,7.9,1023.9,8.0
2024-11-27 12:00:00,1.1,83.0,0.0,7.6,1023.7,8.0
2024-11-27 13:00:00,1.5,80.0,0.0,8.3,1023.8,8.0
2024-11-27 14:00:00,1.6,78.0,0.0,10.8,1023.6,8.0
2024-11-27 15:00:00,1.4,78.0,0.0,10.8,1023.8,7.0
2024-11-27 16:00:00,0.0,88.0,0.0,7.2,1024.3,8.0
2024-11-27 17:00:00,0.0,88.0,0.0,4.3,1024.5,8.0
2024-11-27 18:00:00,0.1,87.0,0.0,4.7,1024.7,8.0
2024-11-27 19:00:00,-0.1,90.0,0.0,8.3,1024.9,8.0
2024-11-27 20:00:00,-0.1,90.0,0.0,9.0,1024.9,8.0
2024-11-27 21:00:00,-0.3,89.0,0.0,10.4,1024.9,8.0
2024-11-27 22:00:00,-0.2,86.0,0.0,10.1,1025.0,8.0
2024-11-27 23:00:00,-0.4,85.0,0.0,9.7,1025.1,7.0
2024-11-28 00:00:00,-0.4,86.0,0.0,9.0,1025.0,8.0
2024-11-28 01:00:00,-0.5,86.0,0.0,10.1,1025.1,8.0
2024-11-28 02:00:00,-0.5,85.0,0.0,10.4,1025.4,8.0
2024-11-28 03:00:00,-0.9,85.0,0.0,9.4,1025.4,8.0
2024-11-28 04:00:00,-1.7,88.0,0.0,9.0,1025.4,5.0
2024-11-28 05:00:00,-2.0,90.0,0.0,9.0,1025.2,5.0
2024-11-28 06:00:00,-2.4,90.0,0.0,9.7,1025.5,3.0
2024-11-28 07:00:00,-2.8,91.0,0.0,9.7,1025.9,6.0
2024-11-28 08:00:00,-2.1,84.0,0.0,10.1,1026.5,8.0
2024-11-28 09:00:00,-0.7,76.0,0.0,8.6,1026.7,8.0
2024-11-28 10:00:00,0.7,76.0,0.0,8.3,1026.7,8.0
2024-11-28 11:00:00,1.2,73.0,0.0,8.6,1026.3,8.0
2024-11-28 12:00:00,2.0,70.0,0.0,8.3,1026.0,7.0
2024-11-28 13:00:00,2.9,67.0,0.0,8.6,1026.2,6.0
2024-11-28 14:00:00,2.8,66.0,0.0,7.6,1026.2,1.0
2024-11-28 15:00:00,2.1,71.0,0.0,6.1,1026.4,6.0
2024-11-28 16:00:00,0.0,83.0,0.0,2.9,1026.8,6.0
2024-11-28 17:00:00,-0.5,85.0,0.0,2.9,1027.0,6.0
2024-11-28 18:00:00,-1.1,87.0,0.0,4.7,1027.4,5.0
2024-11-28 19:00:00,-1.5,89.0,0.0,5.8,1027.8,4.0
2024-11-28 20:00:00,-1.9,90.0,0.0,5.0,1027.9,2.0
2024-11-28 21:00:00,-2.0,91.0,0.0,4.3,1028.2,2.0
2024-11-28 22:00:00,-2.0,92.0,0.0,5.4,1028.4,2.0
2024-11-28 23:00:00,-2.3,94.0,0.0,7.2,1028.4,2.0
2024-11-29 00:00:00,-2.7,95.0,0.0,7.6,1028.1,3.0
2024-11-29 01:00:00,-0.5,88.0,0.0,10.4,1028.1,8.0
2024-11-29 02:00:00,-0.6,89.0,0.0,10.1,1028.2,8.0
2024-11-29 03:00:00,-0.4,88.0,0.0,9.7,1028.3,8.0
2024-11-29 04:00:00,-0.4,89.0,0.0,10.4,1028.6,8.0
2024-11-29 05:00:00,-0.4,89.0,0.0,11.2,1028.7,8.0
2024-11-29 06:00:00,-0.2,90.0,0.0,10.8,1028.4,8.0
2024-11-29 07:00:00,-0.2,91.0,0.0,11.2,1028.5,8.0
2024-11-29 08:00:00,0.1,90.0,0.0,10.8,1029.1,8.0
2024-11-29 09:00:00,1.0,85.0,0.0,13.3,1029.2,8.0
2024-11-29 10:00:00,1.4,82.0,0.0,13.7,1029.3,8.0
2024-11-29 11:00:00,2.5,78.0,0.0,12.2,1028.8,8.0
2024-11-29 12:00:00,3.1,76.0,0.0,10.8,1028.5,8.0
2024-11-29 13:00:00,3.4,75.0,0.0,11.5,1028.7,8.0
2024-11-29 14:00:00,3.4,76.0,0.0,12.6,1028.8,8.0
2024-11-29 15:00:00,2.7,79.0,0.0,10.8,1029.1,8.0
2024-11-29 16:00:00,1.5,86.0,0.0,11.2,1029.5,8.0
2024-11-29 17:00:00,1.3,87.0,0.0,12.6,1029.6,8.0
2024-11-29 18:00:00,1.1,89.0,0.0,12.2,1030.0,8.0
2024-11-29 19:00:00,1.1,89.0,0.0,12.2,1030.2,8.0
2024-11-29 20:00:00,1.2,90.0,0.0,11.2,1030.5,8.0
2024-11-29 21:00:00,1.2,93.0,0.0,11.5,1030.8,8.0
2024-11-29 22:00:00,1.0,94.0,0.0,10.8,1031.0,8.0
2024-11-29 23:00:00,0.6,95.0,0.0,9.7,1031.3,8.0
2024-11-30 00:00:00,0.5,96.0,0.0,9.0,1031.7,8.0
2024-11-30 01:00:00,0.3,96.0,0.0,8.6,1032.1,8.0
2024-11-30 02:00:00,0.0,97.0,0.0,8.6,1032.6,8.0
2024-11-30 03:00:00,0.1,97.0,0.0,9.0,1032.9,8.0
2024-11-30 04:00:00,0.0,97.0,0.0,9.0,1033.2,8.0
2024-11-30 05:00:00,0.0,96.0,0.0,9.4,1033.5,7.0
2024-11-30 06:00:00,-0.1,96.0,0.0,9.7,1033.8,8.0
2024-11-30 07:00:00,0.3,96.0,0.0,7.9,1034.0,8.0
2024-11-30 08:00:00,0.4,94.0,0.0,8.3,1034.6,8.0
2024-11-30 09:00:00,1.0,90.0,0.0,7.2,1035.0,8.0
2024-11-30 10:00:00,1.6,86.0,0.0,6.8,1035.2,8.0
2024-11-30 11:00:00,2.2,82.0,0.0,5.8,1035.5,8.0
2024-11-30 12:00:00,2.4,80.0,0.0,6.1,1035.4,8.0
2024-11-30 13:00:00,2.7,80.0,0.0,8.6,1035.0,8.0
2024-11-30 14:00:00,2.8,80.0,0.0,8.6,1034.6,8.0
2024-11-30 15:00:00,2.5,82.0,0.0,8.3,1034.8,8.0
2024-11-30 16:00:00,1.4,89.0,0.0,6.5,1035.2,8.0
2024-11-30 17:00:00,1.3,91.0,0.0,8.6,1035.5,8.0
2024-11-30 18:00:00,1.2,91.0,0.0,10.8,1035.5,8.0
2024-11-30 19:00:00,1.0,91.0,0.0,11.9,1035.7,8.0
2024-11-30 20:00:00,0.8,88.0,0.0,11.9,1036.0,8.0
2024-11-30 21:00:00,0.5,85.0,0.0,11.5,1036.2,8.0
2024-11-30 22:00:00,0.4,86.0,0.0,10.8,1036.4,8.0
2024-11-30 23:00:00,0.1,90.0,0.0,9.7,1036.0,8.0
2024-12-01 00:00:00,-0.1,92.0,0.0,9.4,1036.1,8.0
2024-12-01 01:00:00,-0.2,93.0,0.0,9.7,1035.9,8.0
2024-12-01 02:00:00,-0.3,94.0,0.0,9.7,1036.0,8.0
2024-12-01 03:00:00,-0.5,95.0,0.0,9.4,1035.7,8.0
2024-12-01 04:00:00,0.2,96.0,0.0,9.4,1035.3,8.0
2024-12-01 05:00:00,0.1,96.0,0.0,9.4,1035.2,8.0
2024-12-01 06:00:00,0.0,96.0,0.0,9.0,1035.3,8.0
2024-12-01 07:00:00,-0.1,96.0,0.0,9.4,1035.1,8.0
2024-12-01 08:00:00,0.3,92.0,0.0,11.2,1035.3,8.0
2024-12-01 09:00:00,0.7,87.0,0.0,11.2,1035.4,8.0
2024-12-01 10:00:00,1.3,82.0,0.0,10.8,1035.3,8.0
2024-12-01 11:00:00,2.0,77.0,0.0,11.5,1035.1,8.0
2024-12-01 12:00:00,2.3,74.0,0.0,11.5,1034.5,8.0
2024-12-01 13:00:00,2.3,74.0,0.0,11.9,1034.3,8.0
2024-12-01 14:00:00,2.3,73.0,0.0,11.5,1033.9,8.0
2024-12-01 15:00:00,2.0,74.0,0.0,11.9,1033.9,8.0
2024-12-01 16:00:00,1.4,78.0,0.0,10.8,1034.0,8.0
2024-12-01 17:00:00,1.1,80.0,0.0,10.8,1033.8,8.0
2024-12-01 18:00:00,0.9,81.0,0.0,10.4,1033.7,8.0
2024-12-01 19:00:00,0.9,82.0,0.0,10.8,1033.7,8.0
2024-12-01 20:00:00,0.7,82.0,0.0,10.8,1033.6,8.0
2024-12-01 21:00:00,0.6,81.0,0.0,10.8,1033.6,8.0
2024-12-01 22:00:00,0.5,81.0,0.0,10.4,1033.4,8.0
2024-12-01 23:00:00,0.2,82.0,0.0,10.8,1033.3,8.0
2024-12-02 00:00:00,-0.4,83.0,0.0,10.4,1033.0,8.0
2024-12-02 01:00:00,-0.6,81.0,0.0,10.8,1032.8,8.0
2024-12-02 02:00:00,-0.7,79.0,0.0,10.4,1032.7,8.0
2024-12-02 03:00:00,-0.8,79.0,0.0,9.7,1032.5,8.0
2024-12-02 04:00:00,-0.9,79.0,0.0,10.4,1032.2,8.0
2024-12-02 05:00:00,-0.7,80.0,0.0,11.2,1031.7,8.0
2024-12-02 06:00:00,-1.1,80.0,0.0,12.2,1031.7,8.0
2024-12-02 07:00:00,-1.5,79.0,0.0,12.2,1031.7,8.0
2024-12-02 08:00:00,-1.8,78.0,0.0,12.2,1032.2,8.0
2024-12-02 09:00:00,-1.5,76.0,0.0,11.9,1032.2,8.0
2024-12-02 10:00:00,-1.4,73.0,0.0,10.8,1031.8,8.0
2024-12-02 11:00:00,-1.0,72.0,0.0,10.1,1031.4,8.0
2024-12-02 12:00:00,-0.7,72.0,0.0,9.4,1030.6,8.0
2024-12-02 13:00:00,-0.5,71.0,0.0,9.0,1030.2,8.0
2024-12-02 14:00:00,-0.3,70.0,0.0,9.0,1029.8,8.0
2024-12-02 15:00:00,-1.0,72.0,0.0,7.9,1029.9,8.0
2024-12-02 16:00:00,-1.4,75.0,0.0,6.5,1029.8,8.0
2024-12-02 17:00:00,-1.5,78.0,0.0,7.9,1029.6,8.0
2024-12-02 18:00:00,-1.3,78.0,0.0,8.3,1029.6,8.0
2024-12-02 19:00:00,-1.3,79.0,0.0,7.9,1029.5,8.0
2024-12-02 20:00:00,-1.3,81.0,0.0,7.9,1029.4,8.0
2024-12-02 21:00:00,-1.3,82.0,0.0,8.3,1029.4,8.0
2024-12-02 22:00:00,-1.2,83.0,0.0,9.0,1029.1,8.0
2024-12-02 23:00:00,-1.1,83.0,0.0,8.6,1028.5,8.0
2024-12-03 00:00:00,-1.0,83.0,0.0,8.6,1028.3,8.0
2024-12-03 01:00:00,-1.6,83.0,0.0,7.9,1027.7,8.0
2024-12-03 02:00:00,-1.7,84.0,0.0,8.6,1027.6,8.0
2024-12-03 03:00:00,-1.6,85.0,0.0,9.0,1027.3,8.0
2024-12-03 04:00:00,-1.5,84.0,0.0,10.4,1027.0,8.0
2024-12-03 05:00:00,-1.6,86.0,0.0,11.5,1026.7,8.0
2024-12-03 06:00:00,-1.7,88.0,0.0,11.9,1026.3,8.0
2024-12-03 07:00:00,-1.5,87.0,0.0,11.9,1026.3,8.0
2024-12-03 08:00:00,-1.3,88.0,0.0,11.9,1026.5,8.0
2024-12-03 09:00:00,-0.7,86.0,0.0,12.6,1026.5,8.0
2024-12-03 10:00:00,-0.2,83.0,0.0,13.0,1026.4,8.0
2024-12-03 11:00:00,0.4,81.0,0.0,11.5,1025.9,8.0
2024-12-03 12:00:00,0.7,79.0,0.0,10.8,1025.4,8.0
2024-12-03 13:00:00,0.8,78.0,0.0,10.1,1025.1,8.0
2024-12-03 14:00:00,0.7,79.0,0.0,10.4,1025.0,8.0
2024-12-03 15:00:00,0.6,80.0,0.0,9.7,1024.9,8.0
2024-12-03 16:00:00,-0.1,84.0,0.0,9.0,1025.1,8.0
2024-12-03 17:00:00,-0.1,85.0,0.0,9.7,1025.0,8.0
2024-12-03 18:00:00,-0.1,86.0,0.0,10.1,1025.0,8.0
2024-12-03 19:00:00,-0.1,87.0,0.0,9.4,1024.9,8.0
2024-12-03 20:00:00,-0.1,88.0,0.0,9.0,1025.0,8.0
2024-12-03 21:00:00,-0.6,87.0,0.0,10.1,1024.8,8.0
2024-12-03 22:00:00,-0.6,87.0,0.0,9.7,1024.7,8.0
2024-12-03 23:00:00,-0.6,87.0,0.0,9.4,1024.5,8.0
2024-12-04 00:00:00,-0.7,87.0,0.0,9.7,1024.5,8.0
2024-12-04 01:00:00,-0.7,88.0,0.0,9.7,1024.4,8.0
2024-12-04 02:00:00,-0.7,87.0,0.0,10.1,1024.5,8.0
2024-12-04 03:00:00,-0.8,87.0,0.0,10.8,1024.4,8.0
2024-12-04 04:00:00,-0.8,87.0,0.0,11.2,1024.3,8.0
2024-12-04 05:00:00,-0.7,86.0,0.0,11.5,1024.4,8.0
2024-12-04 06:00:00,-0.8,87.0,0.0,10.4,1024.5,8.0
2024-12-04 07:00:00,-0.8,88.0,0.0,9.7,1024.2,8.0
2024-12-04 08:00:00,-0.4,86.0,0.0,10.4,1024.6,8.0
2024-12-04 09:00:00,0.4,83.0,0.0,9.7,1024.8,8.0
2024-12-04 10:00:00,0.8,80.0,0.0,10.1,1024.9,8.0
2024-12-04 11:00:00,1.3,78.0,0.0,11.9,1024.8,8.0
2024-12-04 12:00:00,1.5,77.0,0.0,9.4,1024.4,8.0
2024-12-04 13:00:00,1.4,78.0,0.0,10.1,1024.5,8.0
2024-12-04 14:00:00,1.5,77.0,0.0,10.8,1024.7,8.0
2024-12-04 15:00:00,1.3,77.0,0.0,9.7,1025.0,8.0
2024-12-04 16:00:00,0.5,81.0,0.0,8.3,1025.3,8.0
2024-12-04 17:00:00,0.6,82.0,0.0,8.3,1025.6,8.0
2024-12-04 18:00:00,0.5,87.0,0.0,9.4,1025.8,8.0
2024-12-04 19:00:00,0.5,87.0,0.0,9.4,1025.9,8.0
2024-12-04 20:00:00,0.4,87.0,0.0,9.7,1026.3,8.0
2024-12-04 21:00:00,0.3,86.0,0.0,10.1,1026.7,8.0
2024-12-04 22:00:00,0.3,86.0,0.0,10.4,1026.8,8.0
2024-12-04 23:00:00,-0.1,85.0,0.0,10.4,1026.9,8.0
2024-12-05 00:00:00,-0.2,86.0,0.0,9.4,1027.2,8.0
2024-12-05 01:00:00,-0.4,87.0,0.0,10.4,1027.4,8.0
2024-12-05 02:00:00,-0.5,87.0,0.0,10.1,1027.5,8.0
2024-12-05 03:00:00,-0.7,86.0,0.0,10.4,1027.4,8.0
2024-12-05 04:00:00,-0.7,87.0,0.0,9.0,1027.2,8.0
2024-12-05 05:00:00,-0.6,87.0,0.0,8.3,1027.6,8.0
2024-12-05 06:00:00,-0.5,88.0,0.0,9.7,1027.7,8.0
2024-12-05 07:00:00,-0.5,90.0,0.0,10.1,1027.9,8.0
2024-12-05 08:00:00,-0.3,91.0,0.0,10.4,1028.1,8.0
2024-12-05 09:00:00,0.3,88.0,0.0,12.6,1028.4,8.0
2024-12-05 10:00:00,0.9,84.0,0.0,12.2,1028.6,8.0
2024-12-05 11:00:00,1.1,81.0,0.0,11.9,1028.6,8.0
2024-12-05 12:00:00,1.5,79.0,0.0,11.5,1028.3,8.0
2024-12-05 13:00:00,1.6,77.0,0.0,10.8,1028.5,8.0
2024-12-05 14:00:00,1.0,81.0,0.0,10.1,1028.7,8.0
2024-12-05 15:00:00,0.7,84.0,0.0,7.9,1029.0,8.0
2024-12-05 16:00:00,0.2,88.0,0.0,7.6,1029.4,8.0
2024-12-05 17:00:00,0.2,89.0,0.0,8.3,1029.7,8.0
2024-12-05 18:00:00,0.1,91.0,0.0,8.3,1029.8,8.0
2024-12-05 19:00:00,0.3,94.0,0.0,9.7,1029.7,8.0
2024-12-05 20:00:00,0.3,94.0,0.0,10.1,1029.7,8.0
2024-12-05 21:00:00,0.3,95.0,0.0,9.4,1029.6,8.0
2024-12-05 22:00:00,0.2,96.0,0.0,7.6,1029.7,8.0
2024-12-05 23:00:00,0.2,96.0,0.0,6.8,1029.8,8.0
2024-12-06 00:00:00,-0.1,95.0,0.0,7.6,1029.7,8.0
2024-12-06 01:00:00,-0.1,95.0,0.0,7.9,1029.6,8.0
2024-12-06 02:00:00,-0.1,95.0,0.0,8.3,1029.6,8.0
2024-12-06 03:00:00,-0.1,95.0,0.0,8.3,1029.5,8.0
2024-12-06 04:00:00,-0.1,95.0,0.0,7.9,1029.3,8.0
2024-12-06 05:00:00,-0.1,97.0,0.0,8.3,1028.9,8.0
2024-12-06 06:00:00,-0.1,98.0,0.0,9.4,1028.6,8.0
2024-12-06 07:00:00,-0.1,98.0,0.0,8.3,1028.4,8.0
2024-12-06 08:00:00,0.1,98.0,0.0,8.3,1028.4,8.0
2024-12-06 09:00:00,0.5,97.0,0.0,8.6,1028.3,8.0
2024-12-06 10:00:00,1.0,97.0,0.0,10.1,1028.5,8.0
2024-12-06 11:00:00,1.5,96.0,0.0,10.1,1028.5,8.0
2024-12-06 12:00:00,1.9,93.0,0.0,9.7,1027.4,8.0
2024-12-06 13:00:00,2.5,87.0,0.0,9.4,1027.4,8.0
2024-12-06 14:00:00,2.4,85.0,0.0,7.9,1027.5,8.0
2024-12-06 15:00:00,2.1,85.0,0.0,6.8,1027.5,8.0
2024-12-06 16:00:00,1.5,90.0,0.0,6.5,1027.8,8.0
2024-12-06 17:00:00,1.2,92.0,0.0,7.9,1028.1,8.0
2024-12-06 18:00:00,1.1,94.0,0.0,9.4,1028.4,8.0
2024-12-06 19:00:00,1.5,93.0,0.0,11.5,1028.4,8.0
2024-12-06 20:00:00,1.5,96.0,0.0,13.3,1028.3,8.0
2024-12-06 21:00:00,1.5,98.0,0.0,15.5,1028.3,8.0
2024-12-06 22:00:00,1.5,99.0,0.0,16.9,1028.4,8.0
2024-12-06 23:00:00,1.5,98.0,0.0,16.6,1028.2,8.0
2024-12-07 00:00:00,1.3,98.0,0.0,15.8,1027.7,8.0
2024-12-07 01:00:00,1.3,98.0,0.1,16.9,1027.2,8.0
2024-12-07 02:00:00,1.2,98.0,0.0,14.8,1027.6,8.0
2024-12-07 03:00:00,1.2,98.0,0.0,13.7,1027.3,8.0
2024-12-07 04:00:00,1.1,99.0,0.0,15.1,1026.8,8.0
2024-12-07 05:00:00,1.2,98.0,0.0,16.2,1026.6,8.0
2024-12-07 06:00:00,1.3,98.0,0.0,16.6,1026.8,8.0
2024-12-07 07:00:00,1.3,98.0,0.0,16.9,1026.5,8.0
2024-12-07 08:00:00,1.7,98.0,0.0,16.9,1026.3,8.0
2024-12-07 09:00:00,2.3,96.0,0.0,16.9,1026.1,8.0
2024-12-07 10:00:00,3.0,95.0,0.0,18.4,1025.9,8.0
2024-12-07 11:00:00,4.0,89.0,0.0,19.4,1025.9,8.0
2024-12-07 12:00:00,5.0,84.0,0.0,17.6,1025.2,8.0
2024-12-07 13:00:00,5.2,81.0,0.0,16.6,1024.5,8.0
2024-12-07 14:00:00,5.1,79.0,0.0,19.1,1024.1,8.0
2024-12-07 15:00:00,4.5,79.0,0.0,20.2,1023.9,7.0
2024-12-07 16:00:00,3.3,82.0,0.0,20.5,1024.1,3.0
2024-12-07 17:00:00,2.5,84.0,0.0,20.5,1024.2,1.0
2024-12-07 18:00:00,1.8,86.0,0.0,20.5,1024.0,7.0
2024-12-07 19:00:00,1.3,88.0,0.0,20.9,1023.8,5.0
2024-12-07 20:00:00,0.8,89.0,0.0,20.9,1023.4,8.0
2024-12-07 21:00:00,0.6,89.0,0.0,21.2,1023.1,8.0
2024-12-07 22:00:00,0.4,90.0,0.0,21.6,1022.9,7.0
2024-12-07 23:00:00,0.2,90.0,0.0,21.6,1022.5,7.0
2024-12-08 00:00:00,0.1,91.0,0.0,21.2,1022.0,8.0
2024-12-08 01:00:00,0.1,91.0,0.0,21.2,1021.6,8.0
2024-12-08 02:00:00,-0.6,92.0,0.0,21.2,1022.0,8.0
2024-12-08 03:00:00,-0.6,91.0,0.0,22.0,1021.7,8.0
2024-12-08 04:00:00,-0.6,91.0,0.0,22.0,1021.3,8.0
2024-12-08 05:00:00,-0.6,91.0,0.0,21.6,1021.1,8.0
2024-12-08 06:00:00,-0.7,91.0,0.0,21.2,1021.1,8.0
2024-12-08 07:00:00,-0.7,92.0,0.0,21.6,1020.9,2.0
2024-12-08 08:00:00,-0.3,92.0,0.0,22.3,1020.9,1.0
2024-12-08 09:00:00,1.1,85.0,0.0,24.5,1020.8,7.0
2024-12-08 10:00:00,2.3,79.0,0.0,22.0,1020.5,8.0
2024-12-08 11:00:00,3.6,73.0,0.0,21.6,1020.2,8.0
2024-12-08 12:00:00,4.7,68.0,0.0,21.2,1020.2,8.0
2024-12-08 13:00:00,5.4,66.0,0.0,21.6,1020.1,7.0
2024-12-08 14:00:00,5.4,68.0,0.0,21.2,1019.9,7.0
2024-12-08 15:00:00,4.6,73.0,0.0,21.6,1020.1,8.0
2024-12-08 16:00:00,3.2,82.0,0.0,21.6,1020.4,8.0
2024-12-08 17:00:00,2.5,88.0,0.0,21.2,1020.6,8.0
2024-12-08 18:00:00,2.3,92.0,0.0,20.9,1020.8,1.0
2024-12-08 19:00:00,2.2,93.0,0.0,20.5,1020.9,2.0
2024-12-08 20:00:00,2.2,95.0,0.0,19.4,1021.0,5.0
2024-12-08 21:00:00,2.3,95.0,0.0,19.1,1021.1,6.0
2024-12-08 22:00:00,2.6,95.0,0.0,19.4,1021.3,6.0
2024-12-08 23:00:00,2.3,96.0,0.0,19.4,1021.5,8.0
2024-12-09 00:00:00,2.3,96.0,0.0,19.4,1021.5,6.0
2024-12-09 01:00:00,2.1,97.0,0.0,19.1,1021.8,7.0
2024-12-09 02:00:00,2.1,97.0,0.0,18.4,1022.3,7.0
2024-12-09 03:00:00,2.2,97.0,0.0,18.0,1022.7,8.0
2024-12-09 04:00:00,2.5,97.0,0.0,19.1,1022.8,8.0
2024-12-09 05:00:00,2.4,97.0,0.0,19.4,1022.9,8.0
2024-12-09 06:00:00,2.3,97.0,0.0,19.1,1023.1,8.0
2024-12-09 07:00:00,2.4,96.0,0.0,18.4,1023.5,8.0
2024-12-09 08:00:00,2.5,96.0,0.0,19.1,1023.8,8.0
2024-12-09 09:00:00,3.0,93.0,0.0,21.2,1023.9,8.0
2024-12-09 10:00:00,3.4,91.0,0.0,22.7,1023.8,8.0
2024-12-09 11:00:00,4.3,87.0,0.0,23.8,1023.8,8.0
2024-12-09 12:00:00,5.0,84.0,0.0,24.1,1023.3,8.0
2024-12-09 13:00:00,5.2,83.0,0.0,21.6,1023.3,7.0
2024-12-09 14:00:00,5.3,82.0,0.0,19.4,1023.3,0.0
2024-12-09 15:00:00,4.5,86.0,0.0,19.1,1023.5,1.0
2024-12-09 16:00:00,3.4,90.0,0.0,19.8,1023.7,8.0
2024-12-09 17:00:00,2.9,90.0,0.0,20.9,1023.4,8.0
2024-12-09 18:00:00,2.8,90.0,0.0,21.2,1023.4,8.0
2024-12-09 19:00:00,2.7,91.0,0.1,20.9,1023.5,8.0
2024-12-09 20:00:00,2.7,91.0,0.0,21.6,1023.3,8.0
2024-12-09 21:00:00,3.0,91.0,0.0,22.0,1023.2,8.0
2024-12-09 22:00:00,3.2,92.0,0.5,22.3,1022.8,8.0
2024-12-09 23:00:00,3.5,91.0,0.0,20.9,1022.6,8.0
2024-12-10 00:00:00,3.6,92.0,0.3,18.4,1022.6,8.0
2024-12-10 01:00:00,3.4,95.0,2.5,16.9,1022.8,8.0
2024-12-10 02:00:00,3.5,96.0,1.0,18.0,1022.4,8.0
2024-12-10 03:00:00,3.8,95.0,0.2,19.1,1022.0,8.0
2024-12-10 04:00:00,3.8,95.0,0.0,19.8,1021.4,8.0
2024-12-10 05:00:00,3.9,95.0,0.0,19.1,1021.2,8.0
2024-12-10 06:00:00,4.3,95.0,0.0,18.0,1021.3,8.0
2024-12-10 07:00:00,4.4,96.0,0.1,16.6,1021.3,8.0
2024-12-10 08:00:00,4.7,96.0,0.0,17.6,1021.4,8.0
2024-12-10 09:00:00,5.4,94.0,0.0,17.3,1021.6,8.0
2024-12-10 10:00:00,6.2,89.0,0.0,17.3,1021.6,8.0
2024-12-10 11:00:00,6.8,87.0,0.0,14.4,1021.6,8.0
2024-12-10 12:00:00,7.5,87.0,0.0,13.0,1021.1,8.0
2024-12-10 13:00:00,8.0,87.0,0.0,10.8,1020.8,8.0
2024-12-10 14:00:00,7.9,91.0,0.1,9.7,1020.9,8.0
2024-12-10 20:00:00,5.8,97.0,0.09285714285714286,7.2,1020.4,8.0
2024-12-11 02:00:00,4.8,98.0,0.08571428571428572,9.7,1018.0,8.0
2024-12-11 08:00:00,3.9,98.0,0.07857142857142857,11.2,1017.1,8.0
2024-12-11 14:00:00,4.7,84.0,,13.7,1017.3,8.0
2024-12-11 20:00:00,3.0,91.0,,13.3,1017.9,8.0
2024-12-12 02:00:00,2.2,86.0,,15.1,1019.1,8.0
2024-12-12 08:00:00,1.7,82.0,,16.2,1021.1,8.0
2024-12-12 14:00:00,2.0,71.0,,18.7,1021.9,8.0
2024-12-12 20:00:00,-0.2,73.0,,18.4,1023.6,8.0
2024-12-13 02:00:00,-0.6,71.0,,20.5,1024.0,8.0
2024-12-13 08:00:00,-1.0,71.0,,21.2,1026.7,0.0
2024-12-13 14:00:00,-0.9,57.0,,19.4,1031.5,5.0
2024-12-13 17:00:00,-3.5,63.0,,25.9,1026.4,8.0
2024-12-13 18:00:00,-3.7,64.0,0.0,24.1,1027.4,8.0
2024-12-13 19:00:00,-3.9,64.0,0.0,24.8,1028.1,8.0
2024-12-13 20:00:00,-3.9,62.0,0.0,24.5,1029.1,8.0
2024-12-13 21:00:00,-4.1,62.0,0.0,23.4,1029.8,8.0
2024-12-13 22:00:00,-3.7,55.0,0.0,23.4,1029.6,5.0
2024-12-13 23:00:00,-4.2,57.0,0.0,21.2,1030.0,4.0
2024-12-14 00:00:00,-4.5,60.0,0.0,20.5,1030.8,5.0
2024-12-14 01:00:00,-5.0,63.0,0.0,18.4,1031.3,0.0
2024-12-14 02:00:00,-5.7,66.0,0.0,15.8,1032.0,0.0
2024-12-14 03:00:00,-6.1,68.0,0.0,14.4,1032.3,0.0
2024-12-14 04:00:00,-6.4,69.0,0.0,13.0,1032.4,0.0
2024-12-14 05:00:00,-6.7,70.0,0.0,11.9,1032.9,0.0
2024-12-14 06:00:00,-6.9,72.0,0.0,10.4,1032.9,0.0
2024-12-14 07:00:00,-7.2,73.0,0.0,9.4,1032.7,0.0
2024-12-14 08:00:00,-6.9,72.0,0.0,10.4,1032.9,0.0
2024-12-14 09:00:00,-5.4,65.0,0.0,9.4,1033.2,0.0
2024-12-14 10:00:00,-4.0,59.0,0.0,11.2,1033.2,0.0
2024-12-14 11:00:00,-2.8,51.0,0.0,13.0,1032.4,0.0
2024-12-14 12:00:00,-1.9,48.0,0.0,14.4,1031.4,0.0
2024-12-14 13:00:00,-1.6,52.0,0.0,15.8,1030.6,0.0
2024-12-14 14:00:00,-1.7,49.0,0.0,16.6,1030.1,0.0
2024-12-14 15:00:00,-2.4,51.0,0.0,14.4,1029.3,0.0
2024-12-14 16:00:00,-3.9,57.0,0.0,11.5,1028.8,0.0
2024-12-14 17:00:00,-4.0,54.0,0.0,14.8,1028.2,1.0
2024-12-14 18:00:00,-3.8,53.0,0.0,17.6,1028.0,0.0
2024-12-14 19:00:00,-3.9,55.0,0.0,16.9,1027.4,7.0
2024-12-14 20:00:00,-3.9,64.0,0.0,16.9,1026.7,8.0
2024-12-14 21:00:00,-3.6,74.0,0.0,17.6,1025.7,7.0
2024-12-14 22:00:00,-2.9,71.0,0.0,20.2,1024.7,8.0
2024-12-14 23:00:00,-1.0,65.0,0.0,23.4,1023.0,8.0
2024-12-15 00:00:00,-0.3,62.0,0.0,23.8,1022.1,8.0
2024-12-15 01:00:00,0.2,53.0,0.0,23.8,1020.8,8.0
2024-12-15 02:00:00,0.7,52.0,0.0,24.8,1019.7,8.0
2024-12-15 03:00:00,0.9,63.0,0.0,27.0,1018.4,8.0
2024-12-15 04:00:00,1.4,68.0,0.0,28.4,1016.9,8.0
2024-12-15 05:00:00,1.6,71.0,0.2,26.6,1015.7,8.0
2024-12-15 06:00:00,1.5,75.0,0.6,25.6,1014.5,8.0
2024-12-15 07:00:00,1.9,76.0,0.4,26.3,1013.4,8.0
2024-12-15 08:00:00,1.9,85.0,0.6,28.8,1012.7,8.0
2024-12-15 09:00:00,1.9,92.0,1.0,27.7,1011.9,8.0
2024-12-15 10:00:00,2.4,92.0,1.3,27.7,1010.6,8.0
2024-12-15 11:00:00,2.8,92.0,1.2,27.0,1009.5,8.0
2024-12-15 12:00:00,2.6,95.0,1.5,25.2,1008.1,8.0
2024-12-15 13:00:00,2.1,98.0,0.8,23.8,1007.8,8.0
2024-12-15 14:00:00,1.3,97.0,0.2,19.8,1008.2,8.0
2024-12-15 15:00:00,1.1,94.0,0.0,19.4,1008.7,8.0
2024-12-15 16:00:00,0.5,92.0,0.0,16.6,1009.4,6.0
2024-12-15 17:00:00,-0.6,93.0,0.0,16.6,1010.1,8.0
2024-12-15 18:00:00,-0.2,91.0,0.0,19.1,1010.7,8.0
2024-12-15 19:00:00,0.3,89.0,0.0,19.4,1011.2,8.0
2024-12-15 20:00:00,0.3,91.0,0.2,18.7,1011.6,8.0
2024-12-15 21:00:00,0.3,91.0,0.1,19.1,1011.9,8.0
2024-12-15 22:00:00,0.1,92.0,0.0,19.1,1012.4,8.0
2024-12-15 23:00:00,0.4,92.0,0.0,20.2,1013.0,8.0
2024-12-16 00:00:00,0.5,90.0,0.0,20.5,1013.5,8.0
2024-12-16 01:00:00,0.3,86.0,0.0,18.0,1013.9,8.0
2024-12-16 02:00:00,0.3,86.0,0.0,17.6,1014.4,8.0
2024-12-16 03:00:00,0.7,82.0,0.0,22.3,1014.7,6.0
2024-12-16 04:00:00,0.0,86.0,0.0,19.8,1014.8,8.0
2024-12-16 05:00:00,0.0,86.0,0.0,20.2,1014.9,8.0
2024-12-16 06:00:00,0.7,84.0,0.0,21.6,1015.3,8.0
2024-12-16 07:00:00,0.9,84.0,0.0,22.0,1015.9,8.0
2024-12-16 08:00:00,0.8,85.0,0.0,21.6,1016.2,8.0
2024-12-16 09:00:00,1.4,83.0,0.0,23.8,1016.6,8.0
2024-12-16 10:00:00,2.5,77.0,0.0,24.5,1016.4,8.0
2024-12-16 11:00:00,3.3,71.0,0.0,30.6,1016.2,7.0
2024-12-16 12:00:00,3.5,68.0,0.0,30.6,1015.4,8.0
2024-12-16 13:00:00,3.7,62.0,0.0,34.9,1013.8,8.0
2024-12-16 14:00:00,3.4,67.0,0.0,30.2,1012.8,8.0
2024-12-16 15:00:00,2.8,72.0,0.1,33.5,1011.7,8.0
2024-12-16 16:00:00,2.7,79.0,0.3,38.2,1010.5,8.0
2024-12-16 17:00:00,1.7,90.0,1.1,37.4,1010.0,8.0
2024-12-16 18:00:00,1.3,96.0,1.3,37.8,1009.1,8.0
2024-12-16 19:00:00,1.3,98.0,1.2,36.0,1008.7,8.0
2024-12-16 20:00:00,2.5,93.0,0.2,36.0,1007.9,8.0
2024-12-16 21:00:00,3.3,91.0,0.3,32.8,1006.6,8.0
2024-12-16 22:00:00,4.5,89.0,0.0,33.1,1006.7,8.0
2024-12-16 23:00:00,5.1,87.0,0.0,32.4,1007.5,8.0
2024-12-17 00:00:00,5.3,84.0,0.0,29.9,1008.4,8.0
2024-12-17 01:00:00,5.0,84.0,0.0,27.4,1009.3,8.0
2024-12-17 02:00:00,4.7,84.0,0.0,26.6,1010.4,7.0
2024-12-17 03:00:00,3.6,85.0,0.0,25.2,1011.1,3.0
2024-12-17 04:00:00,2.6,86.0,0.0,24.1,1011.2,3.0
2024-12-17 05:00:00,2.3,83.0,0.0,25.9,1011.8,7.0
2024-12-17 06:00:00,2.5,81.0,0.0,24.5,1012.0,7.0
2024-12-17 07:00:00,1.9,86.0,0.0,22.3,1012.3,8.0
2024-12-17 08:00:00,3.1,87.0,0.0,20.9,1012.4,8.0
2024-12-17 09:00:00,3.6,92.0,0.1,20.2,1012.2,8.0
2024-12-17 10:00:00,4.0,94.0,0.4,19.1,1011.2,8.0
2024-12-17 11:00:00,4.5,95.0,0.6,22.7,1009.9,8.0
2024-12-17 12:00:00,5.5,94.0,0.2,27.4,1008.5,8.0
2024-12-17 13:00:00,6.4,89.0,0.0,31.7,1007.5,8.0
2024-12-17 14:00:00,6.6,88.0,0.2,31.7,1007.1,8.0
2024-12-17 15:00:00,6.9,85.0,0.1,31.0,1007.0,8.0
2024-12-17 16:00:00,7.2,82.0,0.0,31.3,1007.3,8.0
2024-12-17 17:00:00,7.6,79.0,0.2,30.2,1007.2,8.0
2024-12-17 18:00:00,7.8,79.0,0.0,32.8,1007.1,8.0
2024-12-17 19:00:00,7.4,83.0,0.2,32.0,1007.5,8.0
2024-12-17 20:00:00,6.9,86.0,0.0,29.5,1007.7,8.0
2024-12-17 21:00:00,6.3,88.0,0.0,28.8,1007.9,1.0
2024-12-17 22:00:00,5.4,86.0,0.0,29.9,1008.8,1.0
2024-12-17 23:00:00,4.5,85.0,0.0,28.4,1010.0,0.0
2024-12-18 00:00:00,3.5,85.0,0.0,25.2,1011.0,0.0
2024-12-18 01:00:00,2.8,84.0,0.0,23.8,1011.8,0.0
2024-12-18 02:00:00,2.5,84.0,0.0,23.8,1012.4,0.0
2024-12-18 03:00:00,2.2,86.0,0.0,22.7,1012.8,0.0
2024-12-18 04:00:00,2.1,85.0,0.0,23.0,1013.0,0.0
2024-12-18 05:00:00,1.9,84.0,0.0,23.4,1013.4,0.0
2024-12-18 06:00:00,1.6,84.0,0.0,23.0,1014.0,1.0
2024-12-18 07:00:00,1.4,84.0,0.0,23.0,1014.5,5.0
2024-12-18 08:00:00,1.7,83.0,0.0,22.3,1015.0,8.0
2024-12-18 09:00:00,2.9,75.0,0.0,25.9,1015.3,7.0
2024-12-18 10:00:00,3.5,69.0,0.0,28.1,1015.7,7.0
2024-12-18 11:00:00,3.9,65.0,0.0,32.8,1016.0,6.0
2024-12-18 12:00:00,4.4,62.0,0.0,32.0,1015.7,5.0
2024-12-18 13:00:00,4.4,63.0,0.0,32.0,1015.6,8.0
2024-12-18 14:00:00,4.4,61.0,0.0,33.1,1015.9,7.0
2024-12-18 15:00:00,4.0,64.0,0.0,28.1,1016.6,4.0
2024-12-18 16:00:00,2.7,71.0,0.0,21.6,1017.6,7.0
2024-12-18 17:00:00,2.5,72.0,0.0,20.9,1018.5,8.0
2024-12-18 18:00:00,2.6,70.0,0.0,22.0,1019.3,8.0
2024-12-18 19:00:00,1.8,74.0,0.0,20.2,1020.1,8.0
2024-12-18 20:00:00,0.6,81.0,0.0,18.0,1020.4,8.0
2024-12-18 21:00:00,0.3,83.0,0.0,15.8,1020.7,7.0
2024-12-18 22:00:00,-0.1,86.0,0.0,13.7,1021.0,1.0
2024-12-18 23:00:00,1.8,76.0,0.0,11.5,1020.7,1.0
2024-12-19 00:00:00,-0.2,88.0,0.0,9.7,1020.8,4.0
2024-12-19 01:00:00,-1.1,92.0,0.0,10.1,1021.4,6.0
2024-12-19 02:00:00,-1.7,93.0,0.0,9.4,1021.9,0.0
2024-12-19 03:00:00,-2.1,94.0,0.0,7.9,1021.9,5.0
2024-12-19 04:00:00,-2.1,94.0,0.0,7.2,1021.4,8.0
2024-12-19 05:00:00,-2.2,95.0,0.0,6.5,1021.3,7.0
2024-12-19 06:00:00,-2.4,95.0,0.0,5.8,1021.2,8.0
2024-12-19 07:00:00,-1.4,95.0,0.0,6.5,1020.9,8.0
2024-12-19 08:00:00,-0.5,96.0,0.0,9.7,1020.8,8.0
2024-12-19 09:00:00,1.1,89.0,0.0,11.5,1020.8,8.0
2024-12-19 10:00:00,2.0,85.0,0.0,11.5,1020.3,8.0
2024-12-19 11:00:00,3.2,78.0,0.0,13.0,1019.6,8.0
2024-12-19 12:00:00,4.1,74.0,0.0,13.0,1018.7,8.0
2024-12-19 13:00:00,4.4,74.0,0.0,13.0,1017.9,8.0
2024-12-19 14:00:00,5.1,75.0,0.0,17.3,1016.9,8.0
2024-12-19 15:00:00,5.5,76.0,0.0,14.8,1016.7,5.0
2024-12-19 16:00:00,5.1,82.0,0.0,14.8,1016.2,8.0
2024-12-19 17:00:00,5.6,83.0,0.0,16.2,1015.9,6.0
2024-12-19 18:00:00,5.3,88.0,0.0,16.6,1015.6,6.0
2024-12-19 19:00:00,4.9,93.0,0.0,18.0,1015.3,6.0
2024-12-19 20:00:00,4.3,95.0,0.0,18.0,1015.1,6.0
2024-12-19 21:00:00,4.4,94.0,0.0,18.4,1014.8,8.0
2024-12-19 22:00:00,4.8,93.0,0.0,17.6,1014.4,8.0
2024-12-19 23:00:00,4.8,94.0,0.0,15.8,1014.5,8.0
2024-12-20 00:00:00,5.0,94.0,0.0,14.8,1014.4,7.0
2024-12-20 01:00:00,4.6,97.0,0.0,13.7,1014.1,8.0
2024-12-20 02:00:00,4.6,98.0,0.0,14.8,1013.9,6.0
2024-12-20 03:00:00,4.7,98.0,0.0,15.1,1013.5,8.0
2024-12-20 04:00:00,4.8,97.0,0.0,15.5,1013.2,8.0
2024-12-20 05:00:00,4.9,96.0,0.0,15.1,1013.0,8.0
2024-12-20 06:00:00,4.1,95.0,0.0,14.4,1013.2,8.0
2024-12-20 07:00:00,3.9,94.0,0.0,14.8,1012.9,5.0
2024-12-20 08:00:00,3.4,95.0,0.0,14.0,1013.2,0.0
2024-12-20 09:00:00,4.1,94.0,0.0,14.4,1013.4,0.0
2024-12-20 10:00:00,5.5,90.0,0.0,13.0,1013.2,0.0
2024-12-20 11:00:00,6.9,83.0,0.0,15.1,1012.6,0.0
2024-12-20 12:00:00,8.3,77.0,0.0,16.6,1011.9,0.0
2024-12-20 13:00:00,9.1,75.0,0.0,17.3,1011.2,0.0
2024-12-20 14:00:00,9.3,75.0,0.0,16.2,1011.0,0.0
2024-12-20 15:00:00,8.5,80.0,0.0,15.5,1011.2,0.0
2024-12-20 16:00:00,6.8,90.0,0.0,15.8,1011.7,0.0
2024-12-20 17:00:00,6.1,93.0,0.0,16.9,1012.0,0.0
2024-12-20 18:00:00,5.5,95.0,0.0,16.2,1012.0,0.0
2024-12-20 19:00:00,4.9,97.0,0.0,16.2,1011.9,0.0
2024-12-20 20:00:00,4.6,97.0,0.0,16.2,1011.8,0.0
2024-12-20 21:00:00,4.5,98.0,0.0,15.5,1011.4,1.0
2024-12-20 22:00:00,4.3,98.0,0.0,15.1,1011.4,1.0
2024-12-20 23:00:00,4.2,98.0,0.0,15.1,1011.4,1.0
2024-12-21 00:00:00,4.0,99.0,0.0,14.0,1011.6,1.0
2024-12-21 01:00:00,3.8,99.0,0.0,12.2,1011.7,4.0
2024-12-21 02:00:00,3.4,99.0,0.0,11.5,1011.9,8.0
2024-12-21 03:00:00,3.7,99.0,0.0,11.9,1011.7,8.0
2024-12-21 04:00:00,4.3,98.0,0.0,12.2,1011.6,8.0
2024-12-21 05:00:00,4.7,96.0,0.0,13.3,1011.4,8.0
2024-12-21 06:00:00,4.8,96.0,0.0,14.4,1011.3,8.0
2024-12-21 07:00:00,4.9,97.0,0.0,14.8,1011.6,8.0
2024-12-21 08:00:00,5.1,96.0,0.0,14.4,1012.0,8.0
2024-12-21 09:00:00,5.6,94.0,0.0,13.7,1012.1,8.0
2024-12-21 10:00:00,6.3,93.0,0.0,11.9,1012.3,8.0
2024-12-21 11:00:00,6.9,90.0,0.0,10.1,1012.5,8.0
2024-12-21 12:00:00,7.3,88.0,0.0,7.9,1012.0,8.0
2024-12-21 13:00:00,7.0,92.0,0.0,7.2,1012.1,8.0
2024-12-21 14:00:00,7.1,93.0,0.0,6.5,1012.6,8.0
2024-12-21 15:00:00,7.1,95.0,0.0,5.4,1012.9,8.0
2024-12-21 16:00:00,6.6,97.0,0.0,4.3,1013.0,8.0
2024-12-21 17:00:00,6.5,97.0,0.0,6.1,1013.5,8.0
2024-12-21 18:00:00,6.5,97.0,0.0,6.1,1013.6,8.0
2024-12-21 19:00:00,6.4,98.0,0.0,4.7,1013.7,8.0
2024-12-21 20:00:00,6.1,99.0,0.3,5.8,1013.4,8.0
2024-12-21 21:00:00,6.1,100.0,0.2,8.3,1013.3,8.0
2024-12-21 22:00:00,5.9,100.0,0.0,6.8,1012.8,8.0
2024-12-21 23:00:00,5.7,100.0,0.1,7.6,1012.8,8.0
2024-12-22 00:00:00,5.7,100.0,0.2,7.2,1012.5,8.0
2024-12-22 01:00:00,5.7,100.0,0.2,7.2,1012.0,8.0
2024-12-22 02:00:00,5.6,100.0,0.0,7.6,1011.5,8.0
2024-12-22 03:00:00,5.8,100.0,0.0,7.9,1011.6,8.0
2024-12-22 04:00:00,5.7,100.0,0.0,9.4,1011.6,8.0
2024-12-22 05:00:00,5.6,100.0,0.0,11.2,1011.0,8.0
2024-12-22 06:00:00,5.4,100.0,0.0,11.9,1010.7,8.0
2024-12-22 07:00:00,5.1,100.0,0.0,12.2,1010.6,8.0
2024-12-22 08:00:00,4.8,100.0,0.0,13.3,1010.9,8.0
2024-12-22 09:00:00,4.7,97.0,0.0,13.3,1010.7,8.0
2024-12-22 10:00:00,5.1,91.0,0.0,12.6,1010.3,8.0
2024-12-22 11:00:00,6.0,79.0,0.0,11.5,1009.9,8.0
2024-12-22 12:00:00,6.2,75.0,0.0,10.8,1009.2,8.0
2024-12-22 13:00:00,6.5,70.0,0.0,9.7,1008.8,8.0
2024-12-22 14:00:00,6.7,70.0,0.0,10.4,1008.8,8.0
2024-12-22 15:00:00,6.0,76.0,0.0,8.6,1008.8,8.0
2024-12-22 16:00:00,5.3,88.0,0.2,8.6,1008.7,8.0
2024-12-22 17:00:00,4.9,95.0,0.5,10.4,1008.5,8.0
2024-12-22 18:00:00,5.3,94.0,0.7,10.8,1008.5,8.0
2024-12-22 19:00:00,5.1,95.0,0.8,10.4,1008.3,8.0
2024-12-22 20:00:00,4.9,96.0,1.0,10.1,1008.1,8.0
2024-12-22 21:00:00,4.8,96.0,0.7,9.4,1007.8,8.0
2024-12-22 22:00:00,4.6,97.0,0.5,8.3,1007.7,8.0
2024-12-22 23:00:00,4.3,97.0,0.2,9.4,1007.3,8.0
2024-12-23 00:00:00,4.2,98.0,0.0,9.4,1007.0,8.0
2024-12-23 01:00:00,4.2,98.0,0.1,10.1,1007.1,8.0
2024-12-23 02:00:00,4.3,98.0,0.0,9.7,1007.4,8.0
2024-12-23 03:00:00,4.3,98.0,0.0,10.1,1007.4,8.0
2024-12-23 04:00:00,4.6,98.0,0.0,10.8,1007.6,8.0
2024-12-23 05:00:00,4.6,98.0,0.0,11.5,1007.7,8.0
2024-12-23 06:00:00,4.6,98.0,0.0,11.9,1008.2,8.0
2024-12-23 07:00:00,4.5,97.0,0.0,11.5,1008.7,8.0
2024-12-23 08:00:00,4.3,97.0,0.0,12.6,1009.4,8.0
2024-12-23 09:00:00,4.2,95.0,0.0,12.2,1009.8,8.0
2024-12-23 10:00:00,4.8,91.0,0.0,14.0,1010.3,8.0
2024-12-23 11:00:00,5.1,87.0,0.0,15.8,1010.7,8.0
2024-12-23 12:00:00,5.3,85.0,0.0,14.4,1010.8,8.0
2024-12-23 13:00:00,5.6,83.0,0.0,12.6,1010.7,8.0
2024-12-23 14:00:00,5.9,81.0,0.0,10.1,1011.1,8.0
2024-12-23 15:00:00,5.5,84.0,0.0,9.4,1011.5,8.0
2024-12-23 16:00:00,4.8,89.0,0.0,7.9,1012.0,8.0
2024-12-23 17:00:00,4.4,91.0,0.0,8.6,1012.5,8.0
2024-12-23 18:00:00,4.0,93.0,0.0,8.6,1013.2,7.0
2024-12-23 19:00:00,3.2,96.0,0.0,6.1,1013.4,6.0
2024-12-23 20:00:00,2.1,97.0,0.0,5.8,1013.9,6.0
2024-12-23 21:00:00,2.1,96.0,0.0,5.8,1014.0,7.0
2024-12-23 22:00:00,2.0,96.0,0.0,5.4,1014.3,5.0
2024-12-23 23:00:00,2.0,96.0,0.0,5.0,1014.6,8.0
2024-12-24 00:00:00,2.9,96.0,0.0,6.1,1014.7,8.0
2024-12-24 01:00:00,2.3,99.0,0.0,7.2,1014.7,1.0
2024-12-24 02:00:00,1.2,99.0,0.0,5.4,1015.0,4.0
2024-12-24 03:00:00,0.9,100.0,0.0,5.4,1015.5,6.0
2024-12-24 04:00:00,0.7,100.0,0.0,7.2,1015.7,8.0
2024-12-24 05:00:00,1.6,99.0,0.0,10.1,1015.9,8.0
2024-12-24 06:00:00,0.8,100.0,0.0,12.6,1016.3,8.0
2024-12-24 07:00:00,1.0,100.0,0.0,13.0,1016.9,8.0
2024-12-24 08:00:00,1.4,99.0,0.0,12.6,1017.5,8.0
2024-12-24 09:00:00,2.3,98.0,0.0,12.2,1018.1,8.0
2024-12-24 10:00:00,3.4,95.0,0.0,10.4,1018.5,6.0
2024-12-24 11:00:00,4.1,91.0,0.0,11.2,1018.4,5.0
2024-12-24 12:00:00,5.3,85.0,0.0,13.0,1017.9,1.0
2024-12-24 13:00:00,5.9,81.0,0.0,13.0,1017.9,0.0
2024-12-24 14:00:00,6.0,80.0,0.0,13.3,1018.4,0.0
2024-12-24 15:00:00,5.5,84.0,0.0,13.7,1018.9,0.0
2024-12-24 16:00:00,4.3,91.0,0.0,14.8,1018.9,0.0
2024-12-24 17:00:00,3.6,94.0,0.0,15.5,1019.6,0.0
2024-12-24 18:00:00,3.1,95.0,0.0,15.5,1020.3,1.0
2024-12-24 19:00:00,3.0,95.0,0.0,16.6,1020.9,1.0
2024-12-24 20:00:00,3.0,95.0,0.0,17.3,1021.1,0.0
2024-12-24 21:00:00,3.0,96.0,0.0,17.6,1021.7,1.0
2024-12-24 22:00:00,2.8,96.0,0.0,18.0,1022.2,2.0
2024-12-24 23:00:00,2.6,96.0,0.0,18.4,1022.4,1.0
2024-12-25 00:00:00,2.4,96.0,0.0,18.0,1022.5,1.0
2024-12-25 01:00:00,2.1,97.0,0.0,17.6,1022.8,8.0
2024-12-25 02:00:00,2.2,99.0,0.0,18.0,1023.4,8.0
2024-12-25 03:00:00,2.3,100.0,0.0,19.8,1023.6,8.0
2024-12-25 04:00:00,2.5,99.0,0.0,20.9,1023.6,8.0
2024-12-25 05:00:00,2.7,99.0,0.0,21.2,1023.7,8.0
2024-12-25 06:00:00,2.6,99.0,0.0,21.2,1024.2,8.0
2024-12-25 07:00:00,3.2,97.0,0.0,22.0,1024.4,8.0
2024-12-25 08:00:00,3.5,96.0,0.0,21.6,1025.0,8.0
2024-12-25 09:00:00,3.9,94.0,0.0,22.7,1025.4,8.0
2024-12-25 10:00:00,4.1,91.0,0.0,25.2,1025.6,8.0
2024-12-25 11:00:00,4.3,88.0,0.0,24.1,1026.0,8.0
2024-12-25 12:00:00,4.4,87.0,0.0,22.7,1026.1,8.0
2024-12-25 13:00:00,4.6,85.0,0.0,23.0,1026.4,8.0
2024-12-25 14:00:00,4.5,84.0,0.0,23.8,1026.6,8.0
2024-12-25 15:00:00,4.2,85.0,0.0,22.0,1026.9,8.0
2024-12-25 16:00:00,3.9,86.0,0.0,21.6,1027.3,8.0
2024-12-25 17:00:00,3.6,89.0,0.1,19.8,1027.9,8.0
2024-12-25 18:00:00,3.7,87.0,0.0,21.2,1028.6,8.0
2024-12-25 19:00:00,3.5,88.0,0.0,22.0,1029.2,8.0
2024-12-25 20:00:00,3.1,90.0,0.1,22.3,1029.5,8.0
2024-12-25 21:00:00,2.9,89.0,0.1,21.6,1029.8,8.0
2024-12-25 22:00:00,3.0,91.0,0.1,20.9,1029.9,8.0
2024-12-25 23:00:00,2.8,89.0,0.0,22.0,1030.1,8.0
2024-12-26 00:00:00,2.7,87.0,0.0,22.0,1029.9,8.0
2024-12-26 01:00:00,2.7,84.0,0.0,22.3,1030.3,8.0
2024-12-26 02:00:00,2.7,83.0,0.0,22.7,1030.8,8.0
2024-12-26 03:00:00,2.7,84.0,0.0,23.4,1031.2,8.0
2024-12-26 04:00:00,2.7,84.0,0.0,23.8,1031.5,8.0
2024-12-26 05:00:00,2.6,83.0,0.0,21.2,1031.6,8.0
2024-12-26 06:00:00,2.6,85.0,0.0,19.8,1031.7,8.0
2024-12-26 07:00:00,2.6,87.0,0.0,19.4,1031.8,8.0
2024-12-26 08:00:00,2.9,85.0,0.0,20.2,1032.3,8.0
2024-12-26 09:00:00,3.0,81.0,0.0,23.0,1032.6,8.0
2024-12-26 10:00:00,3.3,75.0,0.0,23.4,1033.1,8.0
2024-12-26 11:00:00,3.6,72.0,0.0,25.2,1032.9,8.0
2024-12-26 12:00:00,3.6,74.0,0.0,23.4,1032.5,8.0
2024-12-26 13:00:00,3.6,71.0,0.0,22.7,1032.1,8.0
2024-12-26 14:00:00,3.7,72.0,0.0,20.9,1032.0,8.0
2024-12-26 15:00:00,3.4,73.0,0.0,20.9,1032.2,8.0
2024-12-26 16:00:00,2.8,76.0,0.0,19.1,1032.4,8.0
2024-12-26 17:00:00,2.3,77.0,0.0,19.8,1032.3,8.0
2024-12-26 18:00:00,1.9,80.0,0.0,20.5,1032.6,8.0
2024-12-26 19:00:00,1.4,81.0,0.0,19.4,1032.6,8.0
2024-12-26 20:00:00,1.0,82.0,0.0,18.7,1032.4,8.0
2024-12-26 21:00:00,0.7,82.0,0.0,20.5,1032.2,8.0
2024-12-26 22:00:00,0.5,78.0,0.0,19.8,1032.1,8.0
2024-12-26 23:00:00,0.5,81.0,0.0,18.0,1031.7,8.0
2024-12-27 00:00:00,0.4,80.0,0.0,19.1,1031.3,8.0
2024-12-27 01:00:00,0.5,79.0,0.0,19.4,1031.2,8.0
2024-12-27 02:00:00,0.4,80.0,0.0,17.3,1031.1,8.0
2024-12-27 03:00:00,0.6,80.0,0.0,16.6,1030.5,8.0
2024-12-27 04:00:00,0.5,82.0,0.0,18.0,1030.0,7.0
2024-12-27 05:00:00,0.6,82.0,0.0,18.0,1029.7,8.0
2024-12-27 06:00:00,0.7,82.0,0.0,18.4,1029.5,8.0
2024-12-27 07:00:00,0.9,82.0,0.0,18.7,1029.2,8.0
2024-12-27 08:00:00,1.0,83.0,0.0,17.6,1029.1,8.0
2024-12-27 09:00:00,1.1,82.0,0.0,17.6,1029.3,8.0
2024-12-27 10:00:00,1.8,78.0,0.0,20.2,1029.2,8.0
2024-12-27 11:00:00,2.5,75.0,0.0,20.2,1028.6,8.0
2024-12-27 12:00:00,2.7,73.0,0.0,18.7,1027.9,8.0
2024-12-27 13:00:00,2.8,72.0,0.0,18.4,1027.5,8.0
2024-12-27 14:00:00,2.9,73.0,0.0,18.0,1027.3,8.0
2024-12-27 15:00:00,2.8,74.0,0.0,16.9,1027.4,8.0
2024-12-27 16:00:00,2.4,78.0,0.0,14.0,1027.4,8.0
2024-12-27 17:00:00,2.3,79.0,0.0,15.1,1027.2,8.0
2024-12-27 18:00:00,2.1,80.0,0.0,15.1,1027.2,8.0
2024-12-27 19:00:00,2.0,81.0,0.0,14.8,1027.2,8.0
2024-12-27 20:00:00,1.9,82.0,0.0,16.2,1027.5,8.0
2024-12-27 21:00:00,1.8,83.0,0.0,16.6,1027.2,8.0
2024-12-27 22:00:00,1.6,84.0,0.0,15.5,1027.1,8.0
2024-12-27 23:00:00,1.4,84.0,0.0,14.8,1026.9,8.0
2024-12-28 00:00:00,1.2,84.0,0.0,14.4,1026.9,8.0
2024-12-28 01:00:00,0.3,85.0,0.0,16.6,1026.0,8.0
2024-12-28 02:00:00,0.1,85.0,0.0,17.3,1025.9,8.0
2024-12-28 03:00:00,-0.1,86.0,0.0,17.3,1025.8,8.0
2024-12-28 04:00:00,-0.3,86.0,0.0,16.9,1025.9,8.0
2024-12-28 05:00:00,-0.5,86.0,0.0,15.8,1026.1,8.0
2024-12-28 06:00:00,-0.6,87.0,0.0,16.6,1026.1,8.0
2024-12-28 07:00:00,-0.7,86.0,0.0,15.8,1026.1,8.0
2024-12-28 08:00:00,-0.6,86.0,0.0,15.8,1026.4,8.0
2024-12-28 09:00:00,-0.4,85.0,0.0,15.8,1026.6,8.0
2024-12-28 10:00:00,-0.1,83.0,0.0,15.1,1026.9,8.0
2024-12-28 11:00:00,0.3,81.0,0.0,15.1,1026.7,8.0
2024-12-28 12:00:00,0.7,79.0,0.0,15.5,1026.0,8.0
2024-12-28 13:00:00,0.7,79.0,0.0,15.8,1025.7,8.0
2024-12-28 14:00:00,0.9,78.0,0.0,16.6,1025.7,8.0
2024-12-28 15:00:00,0.9,79.0,0.0,16.6,1026.0,8.0
2024-12-28 16:00:00,0.5,82.0,0.0,13.3,1026.5,8.0
2024-12-28 17:00:00,0.6,82.0,0.0,12.2,1026.8,8.0
2024-12-28 18:00:00,0.6,83.0,0.0,10.8,1027.1,8.0
2024-12-28 19:00:00,0.6,83.0,0.0,9.7,1027.4,8.0
2024-12-28 20:00:00,0.5,83.0,0.0,10.4,1027.7,8.0
2024-12-28 21:00:00,-0.1,85.0,0.0,9.7,1027.8,8.0
2024-12-28 22:00:00,-0.2,86.0,0.0,9.0,1027.9,8.0
2024-12-28 23:00:00,-0.3,85.0,0.0,9.0,1028.1,8.0
2024-12-29 00:00:00,-0.3,85.0,0.0,8.3,1027.8,8.0
2024-12-29 01:00:00,-0.4,85.0,0.0,8.3,1027.9,8.0
2024-12-29 02:00:00,-0.3,85.0,0.0,9.0,1028.1,8.0
2024-12-29 03:00:00,-0.5,87.0,0.0,8.6,1028.4,8.0
2024-12-29 04:00:00,-0.4,86.0,0.0,9.0,1028.1,8.0
2024-12-29 05:00:00,-0.4,85.0,0.0,9.0,1028.1,8.0
2024-12-29 06:00:00,-0.6,86.0,0.0,8.6,1028.2,7.0
2024-12-29 07:00:00,-2.5,93.0,0.0,7.9,1028.6,4.0
2024-12-29 08:00:00,-2.1,93.0,0.0,7.6,1029.0,8.0
2024-12-29 09:00:00,-0.5,85.0,0.0,10.4,1029.4,8.0
2024-12-29 10:00:00,0.0,83.0,0.0,11.5,1029.5,8.0
2024-12-29 11:00:00,0.0,82.0,0.0,10.1,1029.6,8.0
2024-12-29 12:00:00,0.2,80.0,0.0,6.8,1028.9,8.0
2024-12-29 13:00:00,0.2,80.0,0.0,6.8,1028.6,8.0
2024-12-29 14:00:00,0.2,79.0,0.0,6.1,1028.4,8.0
2024-12-29 15:00:00,0.0,80.0,0.0,5.8,1028.6,8.0
2024-12-29 16:00:00,-0.4,82.0,0.0,4.7,1028.7,8.0
2024-12-29 17:00:00,-0.6,86.0,0.0,5.4,1028.7,8.0
2024-12-29 18:00:00,-0.6,86.0,0.0,5.0,1028.8,8.0
2024-12-29 19:00:00,-0.8,87.0,0.0,2.9,1028.8,8.0
2024-12-29 20:00:00,-0.6,87.0,0.0,2.9,1029.1,8.0
2024-12-29 21:00:00,-0.8,89.0,0.0,3.2,1029.0,8.0
2024-12-29 22:00:00,-1.1,87.0,0.0,6.1,1028.5,8.0
2024-12-29 23:00:00,-1.1,87.0,0.0,6.5,1028.6,8.0
2024-12-30 00:00:00,-1.1,87.0,0.0,6.8,1028.5,8.0
2024-12-30 01:00:00,-0.9,86.0,0.0,8.3,1028.4,8.0
2024-12-30 02:00:00,-0.9,87.0,0.0,9.0,1028.2,8.0
2024-12-30 03:00:00,-0.9,91.0,0.0,10.1,1028.1,8.0
2024-12-30 04:00:00,-0.8,90.0,0.0,10.8,1027.8,8.0
2024-12-30 05:00:00,-0.7,89.0,0.0,10.4,1027.6,8.0
2024-12-30 06:00:00,-0.5,88.0,0.0,10.8,1027.3,8.0
2024-12-30 07:00:00,-0.4,88.0,0.0,11.5,1027.3,8.0
2024-12-30 08:00:00,-0.2,88.0,0.0,12.6,1027.2,8.0
2024-12-30 09:00:00,0.3,85.0,0.0,14.4,1027.4,8.0
2024-12-30 10:00:00,0.7,83.0,0.0,15.8,1027.5,8.0
2024-12-30 11:00:00,0.7,84.0,0.0,16.6,1027.4,8.0
2024-12-30 12:00:00,0.8,85.0,0.0,17.6,1026.7,8.0
2024-12-30 13:00:00,0.5,87.0,0.0,16.9,1025.6,8.0
2024-12-30 14:00:00,0.7,86.0,0.0,17.6,1025.5,8.0
2024-12-30 15:00:00,0.7,86.0,0.0,16.6,1025.5,8.0
2024-12-30 16:00:00,0.4,89.0,0.0,14.8,1025.8,8.0
2024-12-30 17:00:00,0.4,89.0,0.0,14.4,1025.9,8.0
2024-12-30 18:00:00,0.0,88.0,0.0,14.4,1025.6,8.0
2024-12-30 19:00:00,-0.1,89.0,0.0,14.4,1025.4,8.0
2024-12-30 20:00:00,0.1,89.0,0.0,14.4,1025.6,8.0
2024-12-30 21:00:00,0.1,90.0,0.0,13.7,1025.7,8.0
2024-12-30 22:00:00,0.2,90.0,0.0,13.7,1025.6,8.0
2024-12-30 23:00:00,0.0,93.0,0.0,13.7,1025.3,8.0
2024-12-31 00:00:00,0.0,93.0,0.0,14.0,1025.4,8.0
2024-12-31 01:00:00,0.2,93.0,0.0,13.7,1025.4,8.0
2024-12-31 02:00:00,0.2,93.0,0.0,13.3,1025.5,8.0
2024-12-31 03:00:00,-0.1,95.0,0.0,13.0,1025.2,8.0
2024-12-31 04:00:00,0.1,96.0,0.0,15.5,1025.0,8.0
2024-12-31 05:00:00,0.1,97.0,0.0,15.1,1024.9,8.0
2024-12-31 06:00:00,0.1,97.0,0.0,15.1,1024.6,8.0
2024-12-31 07:00:00,0.0,97.0,0.0,14.4,1024.8,8.0
2024-12-31 08:00:00,0.1,97.0,0.0,15.1,1024.8,8.0
2024-12-31 09:00:00,0.6,91.0,0.0,17.3,1024.7,8.0
2024-12-31 10:00:00,1.3,87.0,0.0,17.6,1024.6,8.0
2024-12-31 11:00:00,1.9,83.0,0.0,20.5,1024.6,8.0
2024-12-31 12:00:00,2.2,82.0,0.0,21.2,1024.2,8.0
2024-12-31 13:00:00,2.4,80.0,0.0,20.5,1024.1,8.0
2024-12-31 14:00:00,2.6,80.0,0.0,21.2,1024.2,8.0
2024-12-31 15:00:00,2.6,79.0,0.0,14.8,1024.5,8.0
2024-12-31 16:00:00,2.2,81.0,0.0,13.7,1024.6,8.0
2024-12-31 17:00:00,1.2,87.0,0.0,12.6,1024.7,0.0
2024-12-31 18:00:00,-0.3,91.0,0.0,12.6,1025.1,0.0
2024-12-31 19:00:00,-0.4,91.0,0.0,13.7,1025.1,0.0
2024-12-31 20:00:00,-0.3,90.0,0.0,14.4,1025.4,0.0
2024-12-31 21:00:00,-0.3,89.0,0.0,14.0,1025.9,2.0
2024-12-31 22:00:00,-0.2,88.0,0.0,13.7,1026.1,8.0
2024-12-31 23:00:00,0.8,82.0,0.0,13.7,1026.4,8.0
2025-01-01 00:00:00,1.3,79.0,0.0,13.3,1026.6,8.0
2025-01-01 01:00:00,1.9,83.0,0.0,13.7,1026.7,8.0
2025-01-01 02:00:00,2.1,83.0,0.0,13.0,1026.7,8.0
2025-01-01 03:00:00,2.2,83.0,0.0,15.1,1027.1,8.0
2025-01-01 04:00:00,1.8,86.0,0.0,13.3,1027.1,8.0
2025-01-01 05:00:00,1.8,86.0,0.0,11.2,1027.2,8.0
2025-01-01 06:00:00,1.1,90.0,0.0,9.4,1027.3,8.0
2025-01-01 07:00:00,0.9,91.0,0.0,9.4,1027.3,8.0
2025-01-01 08:00:00,0.5,94.0,0.0,10.1,1027.7,8.0
2025-01-01 09:00:00,1.1,88.0,0.0,11.2,1028.1,1.0
2025-01-01 10:00:00,2.6,81.0,0.0,9.7,1028.2,0.0
2025-01-01 11:00:00,4.5,74.0,0.0,12.2,1027.2,0.0
2025-01-01 12:00:00,5.6,69.0,0.0,14.4,1026.2,0.0
2025-01-01 13:00:00,6.3,67.0,0.0,14.4,1025.7,0.0
2025-01-01 14:00:00,6.2,72.0,0.0,15.5,1025.1,0.0
2025-01-01 15:00:00,5.6,79.0,0.0,18.4,1024.5,0.0
2025-01-01 16:00:00,3.8,76.0,0.0,20.5,1023.9,0.0
2025-01-01 17:00:00,3.4,80.0,0.0,20.9,1023.8,0.0
2025-01-01 18:00:00,3.2,90.0,0.0,20.2,1023.7,0.0
2025-01-01 19:00:00,3.1,94.0,0.0,21.2,1023.3,0.0
2025-01-01 20:00:00,2.7,95.0,0.0,21.2,1023.3,0.0
2025-01-01 21:00:00,2.2,96.0,0.0,21.6,1023.2,0.0
2025-01-01 22:00:00,1.8,96.0,0.0,21.6,1023.1,0.0
2025-01-01 23:00:00,1.3,97.0,0.0,21.2,1022.8,0.0
2025-01-02 00:00:00,0.9,97.0,0.0,19.8,1022.5,0.0
2025-01-02 01:00:00,0.7,96.0,0.0,19.4,1022.1,0.0
2025-01-02 02:00:00,1.1,96.0,0.0,20.9,1021.3,0.0
2025-01-02 03:00:00,1.2,96.0,0.0,20.5,1021.2,0.0
2025-01-02 04:00:00,1.2,96.0,0.0,20.2,1020.7,0.0
2025-01-02 05:00:00,1.2,96.0,0.0,21.2,1020.2,0.0
2025-01-02 06:00:00,1.2,95.0,0.0,21.6,1019.8,0.0
2025-01-02 07:00:00,2.0,95.0,0.0,22.0,1019.7,0.0
2025-01-02 08:00:00,1.9,96.0,0.0,20.9,1019.6,0.0
2025-01-02 09:00:00,3.1,93.0,0.0,22.0,1019.7,0.0
2025-01-02 10:00:00,4.8,88.0,0.0,18.7,1019.4,0.0
2025-01-02 11:00:00,6.5,78.0,0.0,21.6,1019.1,0.0
2025-01-02 12:00:00,7.5,70.0,0.0,22.3,1017.8,0.0
2025-01-02 13:00:00,8.2,67.0,0.0,21.6,1017.0,0.0
2025-01-02 14:00:00,8.4,67.0,0.0,20.5,1016.6,0.0
2025-01-02 15:00:00,8.0,66.0,0.0,21.6,1016.3,0.0
2025-01-02 16:00:00,6.9,68.0,0.0,20.9,1016.0,0.0
2025-01-02 17:00:00,6.5,77.0,0.0,21.6,1015.7,0.0
2025-01-02 18:00:00,6.1,81.0,0.0,22.3,1015.3,0.0
2025-01-02 19:00:00,5.4,85.0,0.0,22.3,1015.1,0.0
2025-01-02 20:00:00,4.7,87.0,0.0,21.6,1015.1,0.0
2025-01-02 21:00:00,4.0,88.0,0.0,20.9,1014.8,0.0
2025-01-02 22:00:00,4.2,91.0,0.0,19.8,1014.2,0.0
2025-01-02 23:00:00,4.1,92.0,0.0,19.8,1014.0,0.0
2025-01-03 00:00:00,4.1,92.0,0.0,20.2,1013.7,0.0
2025-01-03 01:00:00,4.1,93.0,0.0,19.8,1013.3,0.0
2025-01-03 02:00:00,4.1,94.0,0.0,19.1,1013.3,0.0
2025-01-03 03:00:00,4.7,94.0,0.0,19.8,1012.6,0.0
2025-01-03 04:00:00,4.4,93.0,0.0,19.4,1012.1,0.0
2025-01-03 05:00:00,4.1,93.0,0.0,18.7,1011.8,1.0
2025-01-03 06:00:00,4.0,96.0,0.0,18.4,1011.3,1.0
2025-01-03 07:00:00,4.1,97.0,0.0,19.8,1011.0,8.0
2025-01-03 08:00:00,4.1,97.0,0.0,20.5,1010.9,8.0
2025-01-03 09:00:00,4.6,93.0,0.0,22.3,1011.0,8.0
2025-01-03 10:00:00,5.1,85.0,0.0,20.9,1011.3,8.0
2025-01-03 11:00:00,5.7,75.0,0.0,22.3,1011.6,8.0
2025-01-03 12:00:00,6.4,70.0,0.0,21.6,1011.1,8.0
2025-01-03 13:00:00,7.6,64.0,0.0,20.5,1010.0,8.0
2025-01-03 14:00:00,7.8,63.0,0.0,16.2,1009.9,8.0
2025-01-03 15:00:00,7.3,65.0,0.0,13.7,1009.6,8.0
2025-01-03 16:00:00,6.3,69.0,0.0,11.9,1009.4,8.0
2025-01-03 17:00:00,5.7,74.0,0.0,13.0,1009.1,8.0
2025-01-03 18:00:00,6.7,79.0,0.0,17.3,1008.4,8.0
2025-01-03 19:00:00,6.9,78.0,0.0,20.2,1008.4,8.0
2025-01-03 20:00:00,6.8,78.0,0.0,20.9,1008.4,8.0
2025-01-03 21:00:00,6.3,78.0,0.0,19.1,1008.5,8.0
2025-01-03 22:00:00,5.7,81.0,0.0,18.0,1008.6,8.0
2025-01-03 23:00:00,5.0,88.0,0.3,15.5,1008.8,8.0
2025-01-04 00:00:00,4.0,95.0,0.4,12.6,1009.0,8.0
2025-01-04 01:00:00,2.9,97.0,0.7,12.6,1009.6,8.0
2025-01-04 02:00:00,1.8,99.0,0.5,14.0,1009.9,8.0
2025-01-04 03:00:00,1.7,95.0,0.0,11.5,1010.3,8.0
2025-01-04 04:00:00,1.2,95.0,0.0,11.5,1010.2,8.0
2025-01-04 05:00:00,0.9,93.0,0.0,10.1,1010.8,8.0
2025-01-04 06:00:00,0.7,92.0,0.0,11.2,1011.3,8.0
2025-01-04 07:00:00,0.3,92.0,0.0,14.0,1011.5,8.0
2025-01-04 08:00:00,0.0,91.0,0.0,13.7,1012.0,8.0
2025-01-04 09:00:00,-0.2,87.0,0.0,16.2,1012.5,8.0
2025-01-04 10:00:00,0.2,79.0,0.0,16.6,1012.6,8.0
2025-01-04 11:00:00,0.7,71.0,0.0,17.3,1012.6,2.0
2025-01-04 12:00:00,1.7,63.0,0.0,15.1,1012.2,0.0
2025-01-04 13:00:00,2.7,58.0,0.0,16.6,1011.8,0.0
2025-01-04 14:00:00,3.1,56.0,0.0,19.4,1011.9,0.0
2025-01-04 15:00:00,2.8,55.0,0.0,21.6,1012.5,4.0
2025-01-04 16:00:00,1.9,59.0,0.0,18.0,1013.1,1.0
2025-01-04 17:00:00,0.8,64.0,0.0,17.6,1014.1,0.0
2025-01-04 18:00:00,0.0,67.0,0.0,17.6,1015.0,0.0
2025-01-04 19:00:00,-1.4,78.0,0.0,16.6,1016.5,0.0
2025-01-04 20:00:00,-1.7,76.0,0.0,18.0,1017.4,0.0
2025-01-04 21:00:00,-1.9,73.0,0.0,18.7,1018.4,7.0
2025-01-04 22:00:00,-1.7,68.0,0.0,20.9,1019.2,2.0
2025-01-04 23:00:00,-2.4,66.0,0.0,17.6,1020.0,0.0
2025-01-05 00:00:00,-2.9,70.0,0.0,18.4,1020.7,0.0
2025-01-05 01:00:00,-3.2,72.0,0.0,17.6,1021.3,0.0
2025-01-05 02:00:00,-3.5,74.0,0.0,16.9,1022.0,1.0
2025-01-05 03:00:00,-3.8,75.0,0.0,15.5,1022.3,1.0
2025-01-05 04:00:00,-4.1,77.0,0.0,14.8,1022.4,0.0
2025-01-05 05:00:00,-4.4,79.0,0.0,13.0,1022.7,3.0
2025-01-05 06:00:00,-4.5,82.0,0.0,11.2,1023.4,2.0
2025-01-05 07:00:00,-4.8,84.0,0.0,10.8,1023.9,0.0
2025-01-05 08:00:00,-4.7,83.0,0.0,10.8,1024.5,0.0
2025-01-05 09:00:00,-3.4,75.0,0.0,10.4,1025.3,0.0
2025-01-05 10:00:00,-1.9,68.0,0.0,10.8,1025.5,2.0
2025-01-05 11:00:00,-1.3,63.0,0.0,9.7,1025.2,1.0
2025-01-05 12:00:00,-0.5,59.0,0.0,9.0,1024.9,0.0
2025-01-05 13:00:00,-0.1,56.0,0.0,7.6,1024.4,0.0
2025-01-05 14:00:00,0.0,55.0,0.0,6.5,1024.3,0.0
2025-01-05 15:00:00,-0.6,57.0,0.0,6.8,1024.2,0.0
2025-01-05 16:00:00,-3.6,69.0,0.0,4.3,1024.2,0.0
2025-01-05 17:00:00,-4.3,77.0,0.0,7.2,1024.5,0.0
2025-01-05 18:00:00,-4.7,84.0,0.0,7.6,1024.6,0.0
2025-01-05 19:00:00,-5.0,88.0,0.0,7.2,1024.8,0.0
2025-01-05 20:00:00,-4.9,87.0,0.0,8.3,1024.9,0.0
2025-01-05 21:00:00,-4.6,85.0,0.0,8.6,1024.8,0.0
2025-01-05 22:00:00,-4.6,84.0,0.0,9.0,1024.4,0.0
2025-01-05 23:00:00,-4.6,84.0,0.0,9.0,1024.5,0.0
2025-01-06 00:00:00,-4.7,84.0,0.0,9.0,1024.6,0.0
2025-01-06 01:00:00,-4.8,85.0,0.0,9.4,1024.6,0.0
2025-01-06 02:00:00,-4.5,88.0,0.0,8.6,1024.3,0.0
2025-01-06 03:00:00,-4.6,89.0,0.0,8.3,1024.2,1.0
2025-01-06 04:00:00,-3.9,89.0,0.0,10.8,1023.4,7.0
2025-01-06 05:00:00,-2.9,90.0,0.0,15.5,1023.2,8.0
2025-01-06 06:00:00,-2.1,87.0,0.0,16.2,1022.9,8.0
2025-01-06 07:00:00,-1.9,88.0,0.0,17.6,1022.8,8.0
2025-01-06 08:00:00,-1.2,85.0,0.0,19.1,1022.9,8.0
2025-01-06 09:00:00,-0.4,81.0,0.0,20.5,1022.7,8.0
2025-01-06 10:00:00,0.4,79.0,0.0,19.8,1022.2,8.0
2025-01-06 11:00:00,1.7,76.0,0.0,23.0,1022.1,8.0
2025-01-06 12:00:00,2.1,79.0,0.0,23.4,1020.7,8.0
2025-01-06 13:00:00,1.9,87.0,0.1,24.8,1020.2,8.0
2025-01-06 14:00:00,1.7,94.0,0.4,23.4,1019.8,8.0
2025-01-06 15:00:00,2.3,93.0,0.2,24.5,1019.7,8.0
2025-01-06 16:00:00,2.2,93.0,0.2,26.3,1019.3,8.0
2025-01-06 17:00:00,2.7,93.0,0.1,28.1,1018.7,8.0
2025-01-06 18:00:00,2.9,93.0,0.2,24.8,1018.7,8.0
2025-01-06 19:00:00,2.8,94.0,0.1,23.8,1018.8,8.0
2025-01-06 20:00:00,3.1,94.0,0.3,23.8,1019.0,8.0
2025-01-06 21:00:00,3.6,92.0,0.0,25.9,1019.0,8.0
2025-01-06 22:00:00,3.8,91.0,0.0,25.2,1019.0,8.0
2025-01-06 23:00:00,3.9,90.0,0.0,23.8,1019.2,8.0
2025-01-07 00:00:00,4.0,90.0,0.0,22.3,1019.3,8.0
2025-01-07 01:00:00,4.2,90.0,0.0,22.0,1019.1,7.0
2025-01-07 02:00:00,3.9,92.0,0.0,21.2,1019.2,3.0
2025-01-07 03:00:00,3.7,95.0,0.0,19.8,1019.3,3.0
2025-01-07 04:00:00,3.7,96.0,0.0,19.8,1019.3,4.0
2025-01-07 05:00:00,3.7,97.0,0.0,20.2,1018.9,3.0
2025-01-07 06:00:00,3.3,97.0,0.0,19.4,1019.0,6.0
2025-01-07 07:00:00,3.2,97.0,0.0,19.8,1019.3,4.0
2025-01-07 08:00:00,3.2,97.0,0.0,19.4,1019.6,3.0
2025-01-07 09:00:00,4.1,96.0,0.0,19.8,1019.9,3.0
2025-01-07 10:00:00,5.5,92.0,0.0,22.0,1019.9,7.0
2025-01-07 11:00:00,7.1,85.0,0.0,22.3,1019.6,8.0
2025-01-07 12:00:00,7.8,81.0,0.0,21.2,1019.2,8.0
2025-01-07 13:00:00,9.0,79.0,0.0,23.0,1018.5,8.0
2025-01-07 14:00:00,9.4,80.0,0.0,18.4,1018.5,8.0
2025-01-07 15:00:00,9.0,83.0,0.0,15.8,1018.5,8.0
2025-01-07 16:00:00,8.2,88.0,0.0,14.8,1018.5,8.0
2025-01-07 17:00:00,7.8,90.0,0.0,16.6,1018.5,8.0
2025-01-07 18:00:00,7.7,90.0,0.0,18.4,1018.8,8.0
2025-01-07 19:00:00,8.1,90.0,0.0,17.6,1018.8,8.0
2025-01-07 20:00:00,7.3,92.0,0.0,18.0,1019.0,8.0
2025-01-07 21:00:00,7.0,92.0,0.0,18.0,1018.8,8.0
2025-01-07 22:00:00,6.6,93.0,0.0,17.6,1018.6,8.0
2025-01-07 23:00:00,7.5,95.0,0.0,18.7,1018.0,8.0
2025-01-08 00:00:00,7.4,96.0,0.0,18.4,1017.7,8.0
2025-01-08 01:00:00,7.5,97.0,0.0,17.6,1017.5,8.0
2025-01-08 02:00:00,7.5,98.0,0.0,17.3,1017.2,8.0
2025-01-08 03:00:00,7.8,98.0,0.0,17.6,1017.0,8.0
2025-01-08 04:00:00,8.2,97.0,0.0,18.4,1016.8,8.0
2025-01-08 05:00:00,8.2,96.0,0.0,20.2,1016.3,8.0
2025-01-08 06:00:00,8.0,95.0,0.0,20.9,1016.1,8.0
2025-01-08 07:00:00,7.8,94.0,0.0,20.9,1016.3,8.0
2025-01-08 08:00:00,7.9,94.0,0.4,20.9,1016.5,8.0
2025-01-08 09:00:00,8.8,94.0,0.3,22.0,1016.3,8.0
2025-01-08 10:00:00,9.4,94.0,0.0,23.4,1016.0,8.0
2025-01-08 11:00:00,10.2,92.0,0.0,24.8,1015.7,8.0
2025-01-08 12:00:00,11.4,86.0,0.0,24.8,1015.0,8.0
2025-01-08 13:00:00,12.2,82.0,0.0,25.9,1014.6,8.0
2025-01-08 14:00:00,12.3,81.0,0.0,23.0,1014.6,8.0
2025-01-08 15:00:00,12.2,81.0,0.0,18.7,1014.7,8.0
2025-01-08 16:00:00,11.2,85.0,0.0,17.6,1014.8,8.0
2025-01-08 17:00:00,10.0,91.0,0.0,19.4,1014.6,1.0
2025-01-08 18:00:00,9.5,93.0,0.0,19.8,1015.0,2.0
2025-01-08 19:00:00,9.2,94.0,0.0,19.8,1015.2,2.0
2025-01-08 20:00:00,8.9,96.0,0.0,21.2,1015.0,8.0
2025-01-08 21:00:00,8.8,96.0,0.0,21.2,1014.8,8.0
2025-01-08 22:00:00,8.4,96.0,0.0,19.4,1014.8,1.0
2025-01-08 23:00:00,7.8,96.0,0.0,19.4,1014.9,8.0
2025-01-09 00:00:00,7.8,95.0,0.0,20.5,1014.2,8.0
2025-01-09 01:00:00,7.9,93.0,0.0,22.3,1014.3,8.0
2025-01-09 02:00:00,7.9,93.0,0.0,21.6,1014.8,3.0
2025-01-09 03:00:00,7.6,93.0,0.0,20.5,1015.1,6.0
2025-01-09 04:00:00,7.3,94.0,0.0,19.4,1015.3,8.0
2025-01-09 05:00:00,7.5,93.0,0.0,18.4,1015.4,4.0
2025-01-09 06:00:00,6.9,94.0,0.0,15.5,1016.1,0.0
2025-01-09 07:00:00,6.2,95.0,0.0,13.3,1016.9,2.0
2025-01-09 08:00:00,5.8,95.0,0.0,10.8,1017.7,5.0
2025-01-09 09:00:00,6.9,93.0,0.0,10.4,1018.2,7.0
2025-01-09 10:00:00,8.3,88.0,0.0,6.1,1018.7,5.0
2025-01-09 11:00:00,9.9,76.0,0.0,6.5,1019.2,3.0
2025-01-09 12:00:00,10.7,67.0,0.0,6.8,1019.3,4.0
2025-01-09 13:00:00,11.1,64.0,0.0,5.8,1019.3,7.0
2025-01-09 14:00:00,11.2,62.0,0.0,7.2,1019.3,1.0
2025-01-09 15:00:00,10.5,67.0,0.0,6.8,1019.4,1.0
2025-01-09 16:00:00,7.9,85.0,0.0,6.1,1019.4,1.0
2025-01-09 17:00:00,7.0,90.0,0.0,8.3,1019.7,1.0
2025-01-09 18:00:00,6.9,90.0,0.0,10.1,1019.8,4.0
2025-01-09 19:00:00,6.8,92.0,0.0,11.5,1019.8,6.0
2025-01-09 20:00:00,6.6,94.0,0.0,12.2,1019.9,1.0
2025-01-09 21:00:00,6.3,97.0,0.0,14.0,1019.6,1.0
2025-01-09 22:00:00,5.9,100.0,0.0,15.5,1019.6,8.0
2025-01-09 23:00:00,6.2,100.0,0.0,15.5,1019.5,8.0
2025-01-10 00:00:00,6.3,100.0,0.0,14.8,1019.1,8.0
2025-01-10 01:00:00,6.6,99.0,0.0,15.8,1018.9,8.0
2025-01-10 02:00:00,6.9,99.0,0.0,15.8,1018.5,8.0
2025-01-10 03:00:00,6.8,99.0,0.0,16.6,1018.2,8.0
2025-01-10 04:00:00,6.8,99.0,0.0,17.3,1017.7,8.0
2025-01-10 05:00:00,6.9,99.0,0.0,17.3,1017.5,8.0
2025-01-10 06:00:00,7.2,99.0,0.0,17.3,1017.4,8.0
2025-01-10 07:00:00,7.0,100.0,0.0,16.6,1017.4,8.0
2025-01-10 08:00:00,6.5,100.0,0.0,15.5,1017.8,8.0
2025-01-10 09:00:00,6.8,100.0,0.0,16.2,1017.9,8.0
2025-01-10 10:00:00,7.3,98.0,0.0,16.6,1017.9,8.0
2025-01-10 11:00:00,7.6,97.0,0.0,18.0,1017.4,8.0
2025-01-10 12:00:00,8.5,92.0,0.0,18.4,1016.3,8.0
2025-01-10 13:00:00,9.9,84.0,0.0,17.6,1015.0,1.0
2025-01-10 14:00:00,11.1,77.0,0.0,18.7,1014.2,0.0
2025-01-10 15:00:00,11.3,71.0,0.0,22.3,1013.8,7.0
2025-01-10 16:00:00,10.2,68.0,0.0,21.6,1013.6,8.0
2025-01-10 17:00:00,8.8,71.0,0.0,18.7,1012.9,8.0
2025-01-10 18:00:00,7.7,73.0,0.0,17.3,1012.8,8.0
2025-01-10 19:00:00,6.6,75.0,0.0,16.6,1012.7,8.0
2025-01-10 20:00:00,5.8,79.0,0.0,15.5,1012.6,8.0
2025-01-10 21:00:00,5.3,83.0,0.0,15.5,1012.4,8.0
2025-01-10 22:00:00,5.2,87.0,0.0,16.2,1011.8,7.0
2025-01-10 23:00:00,5.0,91.0,0.0,16.2,1011.4,3.0
2025-01-11 00:00:00,5.3,90.0,0.0,16.2,1010.7,8.0
2025-01-11 01:00:00,5.5,91.0,0.0,16.2,1010.3,8.0
2025-01-11 02:00:00,6.7,86.0,0.0,16.6,1010.2,8.0
2025-01-11 03:00:00,6.6,88.0,0.0,16.6,1010.2,8.0
2025-01-11 04:00:00,6.7,91.0,0.0,16.9,1009.6,8.0
2025-01-11 05:00:00,7.1,92.0,0.0,17.6,1009.3,8.0
2025-01-11 06:00:00,7.4,93.0,0.0,17.6,1009.5,8.0
2025-01-11 07:00:00,7.7,93.0,0.0,18.4,1009.4,8.0
2025-01-11 08:00:00,8.0,94.0,0.0,17.3,1009.8,8.0
2025-01-11 09:00:00,8.0,97.0,0.8,17.3,1010.1,8.0
2025-01-11 10:00:00,8.2,98.0,0.9,16.9,1010.5,8.0
2025-01-11 11:00:00,6.5,94.0,0.7,17.3,1011.1,8.0
2025-01-11 12:00:00,5.0,93.0,0.3,16.6,1011.7,8.0
2025-01-11 13:00:00,4.6,84.0,0.0,17.6,1011.9,8.0
2025-01-11 14:00:00,4.4,79.0,0.0,18.0,1012.9,8.0
2025-01-11 15:00:00,4.3,74.0,0.0,15.5,1013.4,8.0
2025-01-11 16:00:00,3.8,73.0,0.0,13.0,1014.0,8.0
2025-01-11 17:00:00,3.2,74.0,0.0,9.7,1014.7,8.0
2025-01-11 18:00:00,2.7,74.0,0.0,9.7,1015.6,8.0
2025-01-11 19:00:00,2.4,75.0,0.0,10.1,1016.6,8.0
2025-01-11 20:00:00,2.2,76.0,0.0,9.4,1017.0,8.0
2025-01-11 21:00:00,1.9,77.0,0.0,10.4,1017.1,8.0
2025-01-11 22:00:00,1.3,79.0,0.0,10.4,1017.5,8.0
2025-01-11 23:00:00,1.5,77.0,0.0,11.9,1018.0,8.0
2025-01-12 00:00:00,1.3,76.0,0.0,10.1,1018.3,8.0
2025-01-12 01:00:00,1.0,75.0,0.0,10.8,1018.4,8.0
2025-01-12 02:00:00,0.8,75.0,0.0,10.4,1018.7,8.0
2025-01-12 03:00:00,0.4,77.0,0.0,9.4,1018.8,8.0
2025-01-12 04:00:00,0.1,79.0,0.0,9.7,1019.3,8.0
2025-01-12 05:00:00,-0.1,79.0,0.0,10.1,1019.6,8.0
2025-01-12 06:00:00,-0.4,78.0,0.0,7.6,1019.7,8.0
2025-01-12 07:00:00,-1.2,84.0,0.0,4.7,1020.0,2.0
2025-01-12 08:00:00,-1.4,85.0,0.0,5.0,1020.5,2.0
2025-01-12 09:00:00,-0.5,83.0,0.0,5.0,1021.0,0.0
2025-01-12 10:00:00,0.8,73.0,0.0,5.0,1020.9,0.0
2025-01-12 11:00:00,1.8,68.0,0.0,5.0,1020.7,0.0
2025-01-12 12:00:00,2.5,66.0,0.0,3.2,1020.7,0.0
2025-01-12 13:00:00,3.0,64.0,0.0,2.5,1020.2,1.0
2025-01-12 14:00:00,3.2,63.0,0.0,1.8,1020.4,8.0
2025-01-12 15:00:00,2.8,64.0,0.0,2.2,1020.7,5.0
2025-01-12 16:00:00,1.2,74.0,0.0,1.1,1021.1,8.0
2025-01-12 17:00:00,1.1,77.0,0.0,2.9,1021.3,8.0
2025-01-12 18:00:00,0.9,80.0,0.0,3.2,1021.3,8.0
2025-01-12 19:00:00,-0.6,85.0,0.0,2.5,1021.7,8.0
2025-01-12 20:00:00,-0.6,86.0,0.0,1.4,1022.2,8.0
2025-01-12 21:00:00,-0.9,89.0,0.1,2.2,1022.7,8.0
2025-01-12 22:00:00,-1.2,92.0,0.2,4.3,1022.9,8.0
2025-01-12 23:00:00,-1.2,94.0,0.2,5.4,1023.0,8.0
2025-01-13 00:00:00,-1.2,96.0,0.1,4.7,1023.0,7.0
2025-01-13 01:00:00,-1.5,98.0,0.0,2.5,1023.2,2.0
2025-01-13 02:00:00,-2.4,98.0,0.0,6.1,1023.6,5.0
2025-01-13 03:00:00,-2.3,97.0,0.0,7.2,1023.8,8.0
2025-01-13 04:00:00,-1.7,98.0,0.0,5.8,1024.0,8.0
2025-01-13 05:00:00,-1.6,99.0,0.0,5.4,1024.5,8.0
2025-01-13 06:00:00,-2.0,98.0,0.0,6.5,1024.9,8.0
2025-01-13 07:00:00,-2.2,97.0,0.0,6.8,1025.5,8.0
2025-01-13 08:00:00,-2.1,97.0,0.0,4.7,1026.5,8.0
2025-01-13 09:00:00,-1.7,98.0,0.0,4.7,1027.4,8.0
2025-01-13 10:00:00,-0.9,97.0,0.0,5.0,1028.0,8.0
2025-01-13 11:00:00,0.2,89.0,0.0,6.5,1028.2,8.0
2025-01-13 12:00:00,1.2,80.0,0.0,8.3,1028.1,3.0
2025-01-13 13:00:00,2.3,70.0,0.0,7.2,1027.8,1.0
2025-01-13 14:00:00,2.8,63.0,0.0,8.6,1028.2,1.0
2025-01-13 15:00:00,2.4,63.0,0.0,7.2,1028.8,1.0
2025-01-13 16:00:00,-0.7,79.0,0.0,6.1,1029.7,3.0
2025-01-13 17:00:00,-2.0,80.0,0.0,7.6,1030.4,3.0
2025-01-13 18:00:00,-2.3,80.0,0.0,7.9,1030.7,0.0
2025-01-13 19:00:00,-2.7,81.0,0.0,7.6,1031.4,0.0
2025-01-13 20:00:00,-2.8,83.0,0.0,8.6,1032.1,0.0
2025-01-13 21:00:00,-2.9,86.0,0.0,10.4,1032.7,1.0
2025-01-13 22:00:00,-3.0,88.0,0.0,11.2,1033.0,0.0
2025-01-13 23:00:00,-3.0,90.0,0.0,10.8,1033.1,4.0
2025-01-14 00:00:00,-2.9,91.0,0.0,10.1,1033.1,6.0
2025-01-14 01:00:00,-2.9,92.0,0.0,9.4,1033.3,3.0
2025-01-14 02:00:00,-2.2,88.0,0.0,11.9,1033.9,8.0
2025-01-14 03:00:00,-2.0,84.0,0.0,9.4,1033.8,8.0
2025-01-14 04:00:00,-2.0,83.0,0.0,11.5,1033.7,8.0
2025-01-14 05:00:00,-1.9,77.0,0.0,13.0,1033.8,8.0
2025-01-14 06:00:00,-2.5,78.0,0.0,11.5,1033.9,4.0
2025-01-14 07:00:00,-3.0,82.0,0.0,10.8,1034.0,8.0
2025-01-14 08:00:00,-2.7,81.0,0.0,10.8,1034.0,8.0
2025-01-14 09:00:00,-2.1,75.0,0.0,10.8,1034.3,8.0
2025-01-14 10:00:00,-1.7,70.0,0.0,10.1,1034.4,8.0
2025-01-14 11:00:00,-1.0,64.0,0.0,11.2,1034.2,8.0
2025-01-14 12:00:00,0.3,56.0,0.0,13.7,1032.9,7.0
2025-01-14 13:00:00,0.5,53.0,0.0,14.4,1032.3,8.0
2025-01-14 14:00:00,0.6,52.0,0.0,14.8,1032.0,7.0
2025-01-14 15:00:00,0.2,54.0,0.0,14.4,1031.8,6.0
2025-01-14 16:00:00,-0.8,61.0,0.0,11.5,1031.6,6.0
2025-01-14 17:00:00,-1.6,67.0,0.0,11.5,1031.5,7.0
2025-01-14 18:00:00,-2.0,70.0,0.0,10.4,1031.3,6.0
2025-01-14 19:00:00,-2.6,74.0,0.0,13.0,1031.0,7.0
2025-01-14 20:00:00,-2.4,73.0,0.0,14.4,1030.7,2.0
2025-01-14 21:00:00,-3.1,76.0,0.0,13.3,1030.3,1.0
2025-01-14 22:00:00,-3.2,78.0,0.0,14.8,1029.4,1.0
2025-01-14 23:00:00,-3.3,79.0,0.0,15.5,1029.1,1.0
2025-01-15 00:00:00,-3.5,83.0,0.0,15.5,1028.5,0.0
2025-01-15 01:00:00,-3.7,86.0,0.0,15.8,1027.8,0.0
2025-01-15 02:00:00,-3.9,88.0,0.0,16.6,1027.4,0.0
2025-01-15 03:00:00,-4.0,88.0,0.0,16.6,1026.7,1.0
2025-01-15 04:00:00,-4.1,89.0,0.0,16.6,1026.1,4.0
2025-01-15 05:00:00,-4.1,90.0,0.0,16.9,1025.6,4.0
2025-01-15 06:00:00,-4.1,90.0,0.0,15.8,1025.4,7.0
2025-01-15 07:00:00,-4.3,90.0,0.0,15.5,1025.2,8.0
2025-01-15 08:00:00,-4.1,89.0,0.0,15.1,1025.2,8.0
2025-01-15 09:00:00,-2.6,80.0,0.0,15.8,1025.5,8.0
2025-01-15 10:00:00,-1.3,72.0,0.0,14.4,1025.3,8.0
2025-01-15 11:00:00,0.0,65.0,0.0,14.0,1025.2,6.0
2025-01-15 12:00:00,1.1,57.0,0.0,14.4,1024.7,1.0
2025-01-15 13:00:00,1.8,52.0,0.0,15.1,1024.1,1.0
2025-01-15 14:00:00,1.9,51.0,0.0,14.0,1024.0,1.0
2025-01-15 15:00:00,1.3,53.0,0.0,12.2,1024.1,0.0
2025-01-15 16:00:00,-1.2,65.0,0.0,8.3,1024.0,0.0
2025-01-15 17:00:00,-2.7,74.0,0.0,8.6,1024.1,1.0
2025-01-15 18:00:00,-3.1,78.0,0.0,9.0,1024.8,0.0
2025-01-15 19:00:00,-3.5,77.0,0.0,8.6,1025.3,0.0
2025-01-15 20:00:00,-3.7,73.0,0.0,9.4,1025.8,0.0
2025-01-15 21:00:00,-3.9,72.0,0.0,9.4,1026.1,0.0
2025-01-15 22:00:00,-4.0,73.0,0.0,9.4,1026.5,0.0
2025-01-15 23:00:00,-3.7,83.0,0.0,9.4,1026.1,0.0
2025-01-16 00:00:00,-3.8,84.0,0.0,9.4,1026.3,0.0
2025-01-16 01:00:00,-3.8,85.0,0.0,8.6,1026.3,4.0
2025-01-16 02:00:00,-3.1,81.0,0.0,8.3,1026.4,8.0
2025-01-16 03:00:00,-1.7,74.0,0.0,9.7,1026.5,8.0
2025-01-16 04:00:00,-0.9,75.0,0.0,10.1,1027.2,8.0
2025-01-16 05:00:00,-0.3,77.0,0.0,10.4,1027.5,8.0
2025-01-16 06:00:00,-0.3,82.0,0.0,10.4,1027.9,8.0
2025-01-16 07:00:00,-0.1,86.0,0.0,9.7,1028.0,8.0
2025-01-16 08:00:00,0.3,87.0,0.0,11.9,1028.6,8.0
2025-01-16 09:00:00,0.8,82.0,0.0,11.2,1028.9,7.0
2025-01-16 10:00:00,1.8,77.0,0.0,15.5,1029.8,5.0
2025-01-16 11:00:00,2.8,72.0,0.0,16.9,1030.0,6.0
2025-01-16 12:00:00,3.2,69.0,0.0,14.0,1029.6,7.0
2025-01-16 13:00:00,3.4,68.0,0.0,14.0,1029.4,8.0
2025-01-16 14:00:00,3.1,71.0,0.0,14.8,1029.6,8.0
2025-01-16 15:00:00,2.9,73.0,0.0,15.5,1029.8,8.0
2025-01-16 16:00:00,2.2,77.0,0.0,11.2,1030.0,8.0
2025-01-16 17:00:00,1.5,80.0,0.0,11.5,1030.2,8.0
2025-01-16 18:00:00,1.3,82.0,0.0,11.9,1030.3,8.0
2025-01-16 19:00:00,0.7,85.0,0.0,11.9,1030.5,8.0
2025-01-16 20:00:00,0.3,88.0,0.0,12.2,1030.6,8.0
2025-01-16 21:00:00,0.3,88.0,0.0,12.2,1031.0,8.0
2025-01-16 22:00:00,0.2,89.0,0.0,12.2,1030.9,8.0
2025-01-16 23:00:00,0.1,90.0,0.0,13.0,1030.5,8.0
2025-01-17 00:00:00,0.0,91.0,0.0,15.1,1030.3,8.0
2025-01-17 01:00:00,0.3,90.0,0.0,15.8,1030.0,8.0
2025-01-17 02:00:00,0.3,92.0,0.0,15.8,1029.6,8.0
2025-01-17 03:00:00,0.4,92.0,0.0,17.6,1029.2,8.0
2025-01-17 04:00:00,0.7,90.0,0.0,19.1,1028.6,8.0
2025-01-17 05:00:00,0.5,92.0,0.0,18.0,1028.2,8.0
2025-01-17 06:00:00,0.6,91.0,0.0,17.3,1027.9,8.0
2025-01-17 07:00:00,0.7,90.0,0.0,15.8,1027.6,8.0
2025-01-17 08:00:00,0.8,90.0,0.0,17.6,1027.0,8.0
2025-01-17 09:00:00,1.1,90.0,0.3,18.4,1027.0,8.0
2025-01-17 10:00:00,1.7,86.0,0.0,19.4,1026.9,8.0
2025-01-17 11:00:00,1.9,85.0,0.0,20.2,1026.8,8.0
2025-01-17 12:00:00,2.3,82.0,0.0,22.0,1025.9,8.0
2025-01-17 13:00:00,2.6,80.0,0.0,21.6,1025.6,8.0
2025-01-17 14:00:00,2.6,81.0,0.0,19.4,1025.2,8.0
2025-01-17 15:00:00,2.3,85.0,0.0,16.2,1025.2,8.0
2025-01-17 16:00:00,2.0,87.0,0.0,14.8,1024.9,8.0
2025-01-17 17:00:00,1.8,89.0,0.0,14.8,1024.9,8.0
2025-01-17 18:00:00,1.7,90.0,0.0,15.5,1024.9,8.0
2025-01-17 19:00:00,1.7,91.0,0.0,15.5,1024.8,8.0
2025-01-17 20:00:00,1.7,93.0,0.0,15.1,1025.0,8.0
2025-01-17 21:00:00,1.6,94.0,0.0,14.8,1025.1,8.0
2025-01-17 22:00:00,1.7,95.0,0.0,14.8,1025.0,8.0
2025-01-17 23:00:00,1.8,95.0,0.0,15.8,1025.0,8.0
2025-01-18 00:00:00,1.7,96.0,0.0,15.1,1024.9,8.0
2025-01-18 01:00:00,1.7,96.0,0.0,14.8,1024.8,8.0
2025-01-18 02:00:00,1.1,96.0,0.0,15.1,1024.6,8.0
2025-01-18 03:00:00,1.0,94.0,0.0,14.0,1024.6,8.0
2025-01-18 04:00:00,0.9,95.0,0.0,15.5,1024.3,8.0
2025-01-18 05:00:00,1.0,94.0,0.0,14.8,1024.0,8.0
2025-01-18 06:00:00,0.9,96.0,0.0,14.0,1024.1,8.0
2025-01-18 07:00:00,1.0,97.0,0.0,13.3,1024.2,8.0
2025-01-18 08:00:00,1.0,94.0,0.0,11.2,1024.2,8.0
2025-01-18 09:00:00,1.3,92.0,0.0,15.1,1024.4,8.0
2025-01-18 10:00:00,1.7,87.0,0.0,15.5,1024.3,8.0
2025-01-18 11:00:00,1.8,83.0,0.0,16.2,1024.3,8.0
2025-01-18 12:00:00,2.5,91.0,0.0,18.7,1022.8,8.0
2025-01-18 13:00:00,2.7,88.0,0.0,19.1,1022.0,8.0
2025-01-18 14:00:00,2.8,89.0,0.0,16.6,1021.3,8.0
2025-01-18 15:00:00,2.5,92.0,0.0,14.8,1020.4,8.0
2025-01-18 16:00:00,1.9,95.0,0.6,17.6,1020.0,8.0
2025-01-18 17:00:00,1.9,95.0,0.0,16.9,1019.1,8.0
2025-01-18 18:00:00,1.9,96.0,0.0,18.4,1019.1,8.0
2025-01-18 19:00:00,1.9,95.0,0.0,17.3,1018.3,8.0
2025-01-18 20:00:00,1.9,95.0,0.0,16.6,1017.8,8.0
2025-01-18 21:00:00,2.1,94.0,0.0,18.0,1017.5,8.0
2025-01-18 22:00:00,2.1,95.0,0.0,18.0,1016.8,8.0
2025-01-18 23:00:00,2.1,94.0,0.0,19.8,1016.7,8.0
2025-01-19 00:00:00,2.0,93.0,0.0,19.4,1016.9,8.0
2025-01-19 01:00:00,1.9,92.0,0.0,18.7,1016.9,8.0
2025-01-19 02:00:00,1.9,92.0,0.0,19.4,1016.5,8.0
2025-01-19 03:00:00,1.9,94.0,0.0,20.9,1016.0,8.0
2025-01-19 04:00:00,2.0,93.0,0.0,21.2,1015.8,8.0
2025-01-19 05:00:00,2.0,92.0,0.0,22.7,1015.8,8.0
2025-01-19 06:00:00,2.0,89.0,0.0,22.3,1015.9,8.0
2025-01-19 07:00:00,2.1,86.0,0.0,20.9,1016.1,8.0
2025-01-19 08:00:00,2.0,85.0,0.0,22.3,1016.7,8.0
2025-01-19 09:00:00,2.3,81.0,0.0,22.7,1017.5,8.0
2025-01-19 10:00:00,2.5,71.0,0.0,25.2,1018.2,8.0
2025-01-19 11:00:00,3.1,61.0,0.0,23.0,1018.8,8.0
2025-01-19 12:00:00,3.6,57.0,0.0,22.3,1018.6,7.0
2025-01-19 13:00:00,4.7,51.0,0.0,22.7,1018.5,7.0
2025-01-19 14:00:00,4.4,52.0,0.0,23.0,1018.8,8.0
2025-01-19 15:00:00,3.8,55.0,0.0,24.1,1019.4,8.0
2025-01-19 16:00:00,3.1,58.0,0.0,22.0,1020.2,8.0
2025-01-19 17:00:00,2.3,62.0,0.0,19.4,1020.9,6.0
2025-01-19 18:00:00,2.8,63.0,0.0,18.7,1021.2,6.0
2025-01-19 19:00:00,2.0,68.0,0.0,17.3,1021.7,0.0
2025-01-19 20:00:00,0.7,75.0,0.0,15.1,1022.3,0.0
2025-01-19 21:00:00,0.1,80.0,0.0,14.8,1022.9,0.0
2025-01-19 22:00:00,-0.3,82.0,0.0,15.1,1023.3,0.0
2025-01-19 23:00:00,-0.9,86.0,0.0,13.0,1023.0,0.0
2025-01-20 00:00:00,-1.3,89.0,0.0,10.8,1023.2,0.0
2025-01-20 01:00:00,-1.7,90.0,0.0,9.7,1023.4,0.0
2025-01-20 02:00:00,-2.0,91.0,0.0,8.3,1023.7,0.0
2025-01-20 03:00:00,-2.3,92.0,0.0,8.6,1023.8,0.0
2025-01-20 04:00:00,-1.9,91.0,0.0,10.8,1023.4,0.0
2025-01-20 05:00:00,-1.9,91.0,0.0,10.8,1023.6,0.0
2025-01-20 06:00:00,-2.0,92.0,0.0,12.2,1023.5,0.0
2025-01-20 07:00:00,-2.0,92.0,0.0,11.2,1023.4,0.0
2025-01-20 08:00:00,-1.7,93.0,0.0,12.2,1023.3,0.0
2025-01-20 09:00:00,-0.2,88.0,0.0,13.0,1023.2,0.0
2025-01-20 10:00:00,1.7,78.0,0.0,14.4,1023.0,0.0
2025-01-20 11:00:00,3.6,69.0,0.0,15.8,1022.4,0.0
2025-01-20 12:00:00,4.9,64.0,0.0,16.2,1021.6,0.0
2025-01-20 13:00:00,5.6,62.0,0.0,17.3,1021.5,0.0
2025-01-20 14:00:00,5.5,64.0,0.0,19.4,1021.9,7.0
2025-01-20 15:00:00,3.3,77.0,0.0,19.8,1022.6,8.0
2025-01-20 16:00:00,2.3,81.0,0.0,17.3,1023.1,8.0
2025-01-20 17:00:00,1.9,83.0,0.0,13.0,1023.7,8.0
2025-01-20 18:00:00,1.8,85.0,0.0,11.2,1024.2,8.0
2025-01-20 19:00:00,1.0,90.0,0.0,10.8,1024.5,8.0
2025-01-20 20:00:00,0.9,92.0,0.0,10.8,1025.1,8.0
2025-01-20 21:00:00,0.9,91.0,0.0,9.7,1025.4,8.0
2025-01-20 22:00:00,0.6,93.0,0.0,8.3,1025.9,8.0
2025-01-20 23:00:00,0.4,93.0,0.0,6.1,1026.4,8.0
2025-01-21 00:00:00,1.0,91.0,0.0,6.8,1026.4,8.0
2025-01-21 01:00:00,1.0,90.0,0.0,7.2,1026.9,8.0
2025-01-21 02:00:00,0.9,90.0,0.0,7.9,1027.3,8.0
2025-01-21 03:00:00,0.7,90.0,0.0,8.6,1027.4,8.0
2025-01-21 04:00:00,0.5,89.0,0.0,9.4,1027.3,8.0
2025-01-21 05:00:00,0.3,92.0,0.0,9.0,1027.6,8.0
2025-01-21 06:00:00,0.3,91.0,0.0,9.7,1027.7,8.0
2025-01-21 07:00:00,0.2,92.0,0.0,9.0,1027.9,8.0
2025-01-21 08:00:00,0.4,89.0,0.0,9.4,1028.0,8.0
2025-01-21 09:00:00,1.1,82.0,0.0,12.6,1028.2,8.0
2025-01-21 10:00:00,1.4,73.0,0.0,13.3,1028.2,7.0
2025-01-21 11:00:00,1.8,73.0,0.0,13.3,1028.1,8.0
2025-01-21 12:00:00,2.3,73.0,0.0,12.2,1028.0,8.0
2025-01-21 13:00:00,2.3,72.0,0.0,11.5,1027.6,8.0
2025-01-21 14:00:00,2.4,69.0,0.0,11.2,1027.3,8.0
2025-01-21 15:00:00,1.9,69.0,0.0,12.6,1027.3,8.0
2025-01-21 16:00:00,1.2,75.0,0.0,9.4,1026.9,8.0
2025-01-21 17:00:00,0.2,84.0,0.0,8.3,1026.8,8.0
2025-01-21 18:00:00,0.1,87.0,0.0,9.4,1026.9,8.0
2025-01-21 19:00:00,0.4,86.0,0.0,10.8,1026.9,8.0
2025-01-21 20:00:00,0.6,86.0,0.0,10.4,1027.0,8.0
2025-01-21 21:00:00,0.6,88.0,0.0,10.4,1026.6,8.0
2025-01-21 22:00:00,0.5,89.0,0.0,11.2,1026.5,8.0
2025-01-21 23:00:00,0.6,89.0,0.0,11.5,1026.6,8.0
2025-01-22 00:00:00,0.7,90.0,0.0,12.6,1026.3,8.0
2025-01-22 01:00:00,0.8,91.0,0.0,13.0,1026.2,8.0
2025-01-22 02:00:00,0.2,91.0,0.0,12.6,1025.9,8.0
2025-01-22 03:00:00,0.3,91.0,0.0,13.3,1025.6,8.0
2025-01-22 04:00:00,0.4,91.0,0.0,15.5,1025.1,8.0
2025-01-22 05:00:00,0.5,89.0,0.0,15.1,1025.0,8.0
2025-01-22 06:00:00,0.6,88.0,0.0,16.9,1024.9,8.0
2025-01-22 07:00:00,0.7,89.0,0.0,17.3,1025.0,8.0
2025-01-22 08:00:00,0.8,86.0,0.0,17.6,1025.2,8.0
2025-01-22 09:00:00,1.1,84.0,0.0,18.4,1025.7,8.0
2025-01-22 10:00:00,1.7,81.0,0.0,18.0,1025.5,8.0
2025-01-22 11:00:00,1.8,79.0,0.0,16.6,1025.3,8.0
2025-01-22 12:00:00,2.2,76.0,0.0,19.8,1024.0,8.0
2025-01-22 13:00:00,2.3,73.0,0.0,19.8,1023.4,8.0
2025-01-22 14:00:00,2.4,73.0,0.0,19.1,1023.7,8.0
2025-01-22 15:00:00,2.1,75.0,0.0,16.6,1023.3,8.0
2025-01-22 16:00:00,1.8,77.0,0.0,15.1,1023.1,8.0
2025-01-22 17:00:00,1.4,78.0,0.0,15.5,1023.3,8.0
2025-01-22 18:00:00,1.2,80.0,0.0,13.7,1023.1,8.0
2025-01-22 19:00:00,1.0,80.0,0.0,15.1,1022.8,8.0
2025-01-22 20:00:00,0.9,79.0,0.0,14.4,1022.4,8.0
2025-01-22 21:00:00,0.7,79.0,0.0,14.0,1022.3,8.0
2025-01-22 22:00:00,0.6,78.0,0.0,13.3,1022.0,8.0
2025-01-22 23:00:00,0.6,80.0,0.0,12.6,1021.8,8.0
2025-01-23 00:00:00,0.7,81.0,0.0,12.2,1021.5,8.0
2025-01-23 01:00:00,0.8,81.0,0.0,13.0,1021.2,8.0
2025-01-23 02:00:00,0.8,82.0,0.0,13.3,1020.8,8.0
2025-01-23 03:00:00,0.7,83.0,0.0,13.7,1020.4,8.0
2025-01-23 04:00:00,0.6,84.0,0.0,14.8,1020.1,8.0
2025-01-23 05:00:00,0.5,85.0,0.0,15.1,1019.9,8.0
2025-01-23 06:00:00,0.4,86.0,0.0,14.4,1019.9,8.0
2025-01-23 07:00:00,0.3,87.0,0.0,15.5,1020.0,8.0
2025-01-23 08:00:00,0.5,88.0,0.0,15.5,1019.9,8.0
2025-01-23 09:00:00,1.1,83.0,0.0,13.7,1020.4,8.0
2025-01-23 10:00:00,1.7,81.0,0.0,13.0,1020.2,8.0
2025-01-23 11:00:00,3.0,75.0,0.0,13.0,1020.0,8.0
2025-01-23 12:00:00,2.9,77.0,0.0,12.2,1019.5,8.0
2025-01-23 13:00:00,3.5,74.0,0.0,10.1,1018.9,8.0
2025-01-23 14:00:00,3.1,82.0,0.3,11.2,1018.8,8.0
2025-01-23 15:00:00,2.4,91.0,0.4,12.2,1018.9,8.0
2025-01-23 16:00:00,2.2,92.0,0.0,10.4,1019.1,8.0
2025-01-23 17:00:00,1.7,95.0,0.2,10.1,1019.2,8.0
2025-01-23 18:00:00,1.2,96.0,0.0,9.4,1019.9,8.0
2025-01-23 19:00:00,1.3,95.0,0.0,10.8,1019.9,8.0
2025-01-23 20:00:00,1.1,96.0,0.0,11.5,1019.8,7.0
2025-01-23 21:00:00,1.0,96.0,0.0,11.5,1019.8,8.0
2025-01-23 22:00:00,1.0,97.0,0.0,9.7,1019.8,8.0
2025-01-23 23:00:00,0.7,98.0,0.0,9.4,1019.6,8.0
2025-01-24 00:00:00,0.7,99.0,0.0,8.3,1019.6,8.0
2025-01-24 01:00:00,0.6,99.0,0.0,7.9,1019.6,8.0
2025-01-24 02:00:00,0.7,99.0,0.0,7.9,1019.8,8.0
2025-01-24 03:00:00,0.6,99.0,0.0,7.2,1019.6,8.0
2025-01-24 04:00:00,0.9,99.0,0.0,6.8,1019.7,8.0
2025-01-24 05:00:00,0.8,99.0,0.0,6.1,1019.7,8.0
2025-01-24 06:00:00,0.8,99.0,0.0,6.5,1019.8,8.0
2025-01-24 07:00:00,0.8,99.0,0.0,7.2,1019.8,8.0
2025-01-24 08:00:00,0.9,99.0,0.0,6.5,1020.1,8.0
2025-01-24 09:00:00,1.4,100.0,0.0,6.5,1020.1,8.0
2025-01-24 10:00:00,1.9,98.0,0.0,5.8,1020.4,8.0
2025-01-24 11:00:00,2.9,97.0,0.0,5.4,1020.3,8.0
2025-01-24 12:00:00,3.8,96.0,0.0,4.7,1020.1,8.0
2025-01-24 13:00:00,4.7,94.0,0.0,4.7,1019.8,8.0
2025-01-24 14:00:00,5.0,93.0,0.0,4.3,1019.6,8.0
2025-01-24 15:00:00,4.6,95.0,0.0,6.1,1019.9,8.0
2025-01-24 16:00:00,3.7,99.0,0.0,5.4,1020.3,8.0
2025-01-24 17:00:00,3.1,99.0,0.0,6.5,1020.4,8.0
2025-01-24 18:00:00,3.0,99.0,0.0,7.6,1020.6,8.0
2025-01-24 19:00:00,2.8,100.0,0.0,9.0,1020.8,8.0
2025-01-24 20:00:00,1.7,100.0,0.0,10.1,1020.9,8.0
2025-01-24 21:00:00,2.0,100.0,0.0,11.2,1020.9,8.0
2025-01-24 22:00:00,2.1,100.0,0.0,11.2,1021.1,8.0
2025-01-24 23:00:00,2.2,100.0,0.0,10.1,1021.1,8.0
2025-01-25 00:00:00,2.0,100.0,0.0,10.4,1020.6,8.0
2025-01-25 01:00:00,2.1,100.0,0.0,11.2,1020.7,8.0
2025-01-25 02:00:00,2.0,100.0,0.0,10.8,1021.2,8.0
2025-01-25 03:00:00,1.9,100.0,0.0,11.2,1021.2,8.0
2025-01-25 04:00:00,1.8,100.0,0.0,10.4,1021.4,8.0
2025-01-25 05:00:00,2.5,100.0,0.0,10.4,1021.6,8.0
2025-01-25 06:00:00,2.5,100.0,0.0,10.1,1022.1,8.0
2025-01-25 07:00:00,2.5,99.0,0.0,9.4,1022.6,8.0
2025-01-25 08:00:00,2.7,99.0,0.3,10.1,1023.1,8.0
2025-01-25 09:00:00,3.0,99.0,0.1,12.6,1023.8,8.0
2025-01-25 10:00:00,3.5,99.0,0.0,9.4,1024.1,8.0
2025-01-25 11:00:00,3.9,99.0,0.1,9.4,1024.1,8.0
2025-01-25 12:00:00,4.6,98.0,0.0,8.6,1024.0,8.0
2025-01-25 13:00:00,5.2,97.0,0.0,9.0,1024.2,8.0
2025-01-25 14:00:00,5.8,93.0,0.0,7.9,1024.4,8.0
2025-01-25 15:00:00,6.8,85.0,0.0,8.6,1024.5,8.0
2025-01-25 16:00:00,6.1,89.0,0.0,4.3,1025.0,8.0
2025-01-25 17:00:00,5.3,93.0,0.0,4.0,1025.5,7.0
2025-01-25 18:00:00,4.7,96.0,0.0,4.7,1025.9,8.0
2025-01-25 19:00:00,4.5,96.0,0.0,7.6,1026.2,8.0
2025-01-25 20:00:00,4.3,96.0,0.0,8.3,1026.7,8.0
2025-01-25 21:00:00,4.6,97.0,0.0,10.1,1027.1,8.0
2025-01-25 22:00:00,4.6,97.0,0.0,10.4,1027.5,8.0
2025-01-25 23:00:00,4.3,97.0,0.0,11.2,1027.5,8.0
2025-01-26 00:00:00,4.1,96.0,0.0,10.1,1027.8,6.0
2025-01-26 01:00:00,4.6,98.0,0.0,11.9,1027.6,8.0
2025-01-26 02:00:00,4.3,98.0,0.0,10.8,1027.6,5.0
2025-01-26 03:00:00,3.8,99.0,0.0,9.7,1027.8,8.0
2025-01-26 04:00:00,3.8,99.0,0.1,11.5,1027.7,8.0
2025-01-26 05:00:00,3.7,99.0,0.1,9.4,1028.0,8.0
2025-01-26 06:00:00,3.6,99.0,0.0,10.1,1028.2,8.0
2025-01-26 07:00:00,4.1,99.0,0.0,10.1,1028.5,8.0
2025-01-26 08:00:00,4.3,99.0,0.0,11.5,1028.8,8.0
2025-01-26 09:00:00,4.8,97.0,0.0,14.0,1029.2,8.0
2025-01-26 10:00:00,5.3,94.0,0.0,14.4,1029.2,8.0
2025-01-26 11:00:00,5.6,91.0,0.0,15.5,1029.1,8.0
2025-01-26 12:00:00,7.0,81.0,0.0,17.6,1027.9,8.0
2025-01-26 13:00:00,7.3,78.0,0.0,16.9,1027.7,8.0
2025-01-26 14:00:00,7.4,77.0,0.0,15.5,1027.7,8.0
2025-01-26 15:00:00,7.7,74.0,0.0,15.5,1027.7,8.0
2025-01-26 16:00:00,7.0,78.0,0.0,13.7,1027.5,8.0
2025-01-26 17:00:00,5.9,84.0,0.0,16.2,1027.6,8.0
2025-01-26 18:00:00,5.3,88.0,0.0,18.0,1027.7,8.0
2025-01-26 19:00:00,4.6,91.0,0.0,17.6,1028.0,8.0
2025-01-26 20:00:00,3.9,93.0,0.0,16.2,1028.2,8.0
2025-01-26 21:00:00,3.5,94.0,0.0,15.8,1028.5,8.0
2025-01-26 22:00:00,3.0,97.0,0.0,17.3,1028.1,8.0
2025-01-26 23:00:00,2.8,98.0,0.0,18.0,1027.7,8.0
2025-01-27 00:00:00,2.7,98.0,0.0,16.9,1027.4,8.0
2025-01-27 01:00:00,2.7,98.0,0.0,16.2,1027.3,8.0
2025-01-27 02:00:00,2.7,97.0,0.0,15.1,1027.1,8.0
2025-01-27 03:00:00,2.6,97.0,0.0,14.4,1026.9,8.0
2025-01-27 04:00:00,2.4,98.0,0.0,15.5,1026.4,8.0
2025-01-27 05:00:00,2.4,99.0,0.0,15.5,1026.0,8.0
2025-01-27 06:00:00,2.3,99.0,0.0,14.0,1025.9,8.0
2025-01-27 07:00:00,2.4,99.0,0.0,13.7,1025.8,8.0
2025-01-27 08:00:00,2.3,98.0,0.0,14.4,1026.0,8.0
2025-01-27 09:00:00,3.0,93.0,0.0,14.4,1026.0,8.0
2025-01-27 10:00:00,4.0,87.0,0.0,16.6,1025.9,8.0
2025-01-27 11:00:00,5.6,80.0,0.0,18.0,1025.5,6.0
2025-01-27 12:00:00,7.2,73.0,0.0,15.8,1024.8,0.0
2025-01-27 13:00:00,8.8,68.0,0.0,13.3,1023.9,0.0
2025-01-27 14:00:00,9.4,67.0,0.0,12.6,1023.8,2.0
2025-01-27 15:00:00,9.1,68.0,0.0,13.0,1023.3,1.0
2025-01-27 16:00:00,7.8,75.0,0.0,11.2,1022.7,7.0
2025-01-27 17:00:00,6.0,84.0,0.0,13.3,1022.6,6.0
2025-01-27 18:00:00,4.8,90.0,0.0,13.7,1022.6,8.0
2025-01-27 19:00:00,4.4,94.0,0.0,14.4,1022.9,8.0
2025-01-27 20:00:00,4.0,96.0,0.0,15.5,1022.9,8.0
2025-01-27 21:00:00,3.5,99.0,0.0,16.2,1022.7,8.0
2025-01-27 22:00:00,3.3,100.0,0.0,15.1,1022.6,8.0
2025-01-27 23:00:00,4.2,100.0,0.0,16.6,1022.3,8.0
2025-01-28 00:00:00,4.5,100.0,0.0,16.9,1021.8,8.0
2025-01-28 01:00:00,4.8,100.0,0.0,14.4,1021.7,8.0
2025-01-28 02:00:00,4.8,99.0,0.0,13.0,1021.6,8.0
2025-01-28 03:00:00,4.7,100.0,0.0,12.6,1021.4,8.0
2025-01-28 04:00:00,5.0,99.0,0.0,13.3,1021.3,8.0
2025-01-28 05:00:00,4.8,100.0,0.0,13.7,1021.1,8.0
2025-01-28 06:00:00,4.8,99.0,0.0,14.0,1020.9,8.0
2025-01-28 07:00:00,4.8,99.0,0.0,15.8,1020.9,8.0
2025-01-28 08:00:00,4.9,99.0,0.0,15.8,1021.4,8.0
2025-01-28 09:00:00,5.6,93.0,0.0,16.2,1021.2,8.0
2025-01-28 10:00:00,6.2,90.0,0.0,17.3,1021.1,8.0
2025-01-28 11:00:00,7.2,85.0,0.0,16.6,1020.9,8.0
2025-01-28 12:00:00,7.7,82.0,0.0,16.2,1020.5,8.0
2025-01-28 13:00:00,8.5,78.0,0.0,16.9,1020.2,8.0
2025-01-28 14:00:00,8.9,75.0,0.0,15.5,1020.3,8.0
2025-01-28 15:00:00,9.1,74.0,0.0,13.7,1020.3,8.0
2025-01-28 16:00:00,8.7,76.0,0.0,10.1,1020.2,8.0
2025-01-28 17:00:00,7.7,81.0,0.0,9.7,1020.2,8.0
2025-01-28 18:00:00,7.6,80.0,0.0,11.5,1020.1,8.0
2025-01-28 19:00:00,6.6,86.0,0.0,13.7,1020.6,8.0
2025-01-28 20:00:00,6.4,88.0,0.0,14.8,1021.1,8.0
2025-01-28 21:00:00,6.0,91.0,0.0,14.8,1021.1,8.0
2025-01-28 22:00:00,5.9,93.0,0.0,15.5,1021.3,8.0
2025-01-28 23:00:00,5.7,94.0,0.0,14.4,1021.3,8.0
2025-01-29 00:00:00,5.4,99.0,0.0,14.8,1020.7,8.0
2025-01-29 01:00:00,5.6,97.0,0.0,15.1,1020.6,8.0
2025-01-29 02:00:00,5.4,97.0,0.0,15.5,1020.6,8.0
2025-01-29 03:00:00,5.2,99.0,0.0,15.8,1020.0,8.0
2025-01-29 04:00:00,5.1,100.0,0.0,15.1,1019.8,8.0
2025-01-29 05:00:00,5.6,100.0,0.0,16.6,1020.0,8.0
2025-01-29 06:00:00,5.6,100.0,0.0,15.8,1020.0,8.0
2025-01-29 07:00:00,5.5,100.0,0.0,15.8,1020.3,8.0
2025-01-29 08:00:00,5.7,99.0,0.0,15.5,1020.6,8.0
2025-01-29 09:00:00,6.0,97.0,0.0,18.7,1021.1,8.0
2025-01-29 10:00:00,6.7,90.0,0.0,19.8,1020.9,8.0
2025-01-29 11:00:00,7.9,83.0,0.0,19.8,1020.8,5.0
2025-01-29 12:00:00,9.5,75.0,0.0,18.0,1020.2,5.0
2025-01-29 13:00:00,10.7,70.0,0.0,18.7,1019.8,2.0
2025-01-29 14:00:00,11.6,65.0,0.0,19.1,1019.5,0.0
2025-01-29 15:00:00,11.2,66.0,0.0,18.4,1019.7,0.0
2025-01-29 16:00:00,9.9,73.0,0.0,15.8,1019.7,4.0
2025-01-29 17:00:00,8.4,80.0,0.0,15.8,1020.1,4.0
2025-01-29 18:00:00,7.3,87.0,0.0,16.9,1020.6,0.0
2025-01-29 19:00:00,6.5,92.0,0.0,16.9,1021.0,1.0
2025-01-29 20:00:00,6.1,93.0,0.0,16.2,1021.4,1.0
2025-01-29 21:00:00,5.9,94.0,0.0,15.1,1021.9,1.0
2025-01-29 22:00:00,5.8,94.0,0.0,13.0,1022.1,2.0
2025-01-29 23:00:00,5.7,95.0,0.0,11.9,1022.6,8.0
2025-01-30 00:00:00,6.5,94.0,0.0,10.4,1022.6,8.0
2025-01-30 01:00:00,7.4,94.0,0.0,9.4,1022.8,8.0
2025-01-30 02:00:00,7.2,96.0,0.0,9.4,1023.0,8.0
2025-01-30 03:00:00,7.1,97.0,0.0,7.6,1023.1,8.0
2025-01-30 04:00:00,7.0,97.0,0.0,7.9,1023.1,8.0
2025-01-30 05:00:00,6.9,98.0,0.0,8.6,1023.3,8.0
2025-01-30 06:00:00,6.6,99.0,0.0,5.8,1023.8,5.0
2025-01-30 07:00:00,6.3,99.0,0.0,7.2,1024.2,8.0
2025-01-30 08:00:00,6.7,99.0,0.0,7.2,1024.8,8.0
2025-01-30 09:00:00,7.5,97.0,0.0,7.9,1025.2,8.0
2025-01-30 10:00:00,8.2,96.0,0.0,8.6,1025.1,8.0
2025-01-30 11:00:00,9.3,89.0,0.0,10.4,1025.3,8.0
2025-01-30 12:00:00,10.1,82.0,0.0,9.4,1024.9,8.0
2025-01-30 13:00:00,10.5,77.0,0.0,8.3,1024.8,8.0
2025-01-30 14:00:00,10.5,77.0,0.0,6.5,1024.7,8.0
2025-01-30 15:00:00,10.2,78.0,0.0,4.7,1025.0,8.0
2025-01-30 16:00:00,9.6,82.0,0.0,2.9,1025.3,8.0
2025-01-30 17:00:00,8.4,89.0,0.0,4.7,1025.6,8.0
2025-01-30 18:00:00,8.2,90.0,0.0,6.8,1025.9,8.0
2025-01-30 19:00:00,7.7,91.0,0.0,7.2,1026.2,8.0
2025-01-30 20:00:00,7.5,90.0,0.0,7.2,1026.1,6.0
2025-01-30 21:00:00,7.3,91.0,0.0,6.1,1025.9,8.0
2025-01-30 22:00:00,7.0,93.0,0.0,6.5,1025.8,8.0
2025-01-30 23:00:00,7.1,94.0,0.0,6.1,1025.8,8.0
2025-01-31 00:00:00,6.9,96.0,0.0,6.8,1025.9,8.0
2025-01-31 01:00:00,6.9,97.0,0.0,7.6,1026.0,8.0
2025-01-31 02:00:00,6.8,97.0,0.0,7.9,1026.2,8.0
2025-01-31 03:00:00,6.8,97.0,0.0,8.6,1026.1,8.0
2025-01-31 04:00:00,6.7,97.0,0.0,10.1,1025.9,8.0
2025-01-31 05:00:00,6.7,96.0,0.0,11.2,1026.0,8.0
2025-01-31 06:00:00,6.5,96.0,0.0,10.4,1026.0,8.0
2025-01-31 07:00:00,6.5,95.0,0.0,10.8,1026.1,8.0
2025-01-31 08:00:00,6.8,92.0,0.0,10.1,1026.6,8.0
2025-01-31 09:00:00,7.3,89.0,0.0,8.6,1026.7,8.0
2025-01-31 10:00:00,7.7,88.0,0.0,7.9,1026.9,8.0
2025-01-31 11:00:00,8.2,86.0,0.0,9.0,1026.9,8.0
2025-01-31 12:00:00,9.3,80.0,0.0,8.3,1026.4,8.0
2025-01-31 13:00:00,10.0,73.0,0.0,9.0,1025.7,8.0
2025-01-31 14:00:00,10.1,72.0,0.0,7.9,1025.6,8.0
2025-01-31 15:00:00,10.0,73.0,0.0,7.2,1025.6,8.0
2025-01-31 16:00:00,9.7,74.0,0.0,6.1,1025.6,8.0
2025-01-31 17:00:00,8.6,80.0,0.0,4.0,1025.5,8.0
2025-01-31 18:00:00,7.7,84.0,0.0,5.0,1025.8,8.0
2025-01-31 19:00:00,7.2,87.0,0.0,4.3,1025.8,8.0
2025-01-31 20:00:00,6.6,91.0,0.0,3.6,1025.8,8.0
2025-01-31 21:00:00,6.5,92.0,0.0,2.5,1025.9,8.0
2025-01-31 22:00:00,6.2,93.0,0.0,2.2,1025.9,8.0
2025-01-31 23:00:00,6.9,87.0,0.0,1.1,1025.5,8.0
2025-02-01 00:00:00,6.6,89.0,0.0,3.2,1025.3,8.0
2025-02-01 01:00:00,6.5,90.0,0.0,3.6,1025.3,8.0
2025-02-01 02:00:00,6.6,91.0,0.0,2.5,1025.4,8.0
2025-02-01 03:00:00,6.5,92.0,0.0,4.7,1025.2,8.0
2025-02-01 04:00:00,6.6,94.0,0.0,6.1,1025.2,8.0
2025-02-01 05:00:00,6.5,96.0,0.0,10.1,1024.9,8.0
2025-02-01 06:00:00,6.2,95.0,0.0,10.1,1024.6,8.0
2025-02-01 07:00:00,5.8,93.0,0.0,9.4,1024.6,8.0
2025-02-01 08:00:00,5.9,90.0,0.0,10.4,1024.8,8.0
2025-02-01 09:00:00,6.3,85.0,0.0,12.6,1024.7,8.0
2025-02-01 10:00:00,6.5,82.0,0.1,13.3,1024.8,8.0
2025-02-01 11:00:00,6.3,85.0,0.3,14.8,1024.6,8.0
2025-02-01 12:00:00,6.2,91.0,0.8,15.8,1024.1,8.0
2025-02-01 13:00:00,6.3,93.0,1.0,15.8,1023.7,8.0
2025-02-01 14:00:00,6.4,95.0,0.6,15.5,1023.2,8.0
2025-02-01 15:00:00,6.5,96.0,0.5,13.3,1023.1,8.0
2025-02-01 16:00:00,6.5,96.0,0.3,12.2,1022.9,8.0
2025-02-01 17:00:00,6.6,97.0,0.0,11.2,1022.9,8.0
2025-02-01 18:00:00,6.7,98.0,0.0,10.1,1022.9,8.0
2025-02-01 19:00:00,6.5,99.0,0.1,7.6,1023.0,8.0
2025-02-01 20:00:00,6.8,97.0,0.1,16.6,1023.2,8.0
2025-02-01 21:00:00,5.7,92.0,0.2,20.5,1023.7,8.0
2025-02-01 22:00:00,4.3,92.0,0.3,23.0,1024.2,8.0
2025-02-01 23:00:00,3.4,93.0,0.4,19.8,1024.5,8.0
2025-02-02 00:00:00,3.4,89.0,0.0,16.9,1024.4,3.0
2025-02-02 01:00:00,2.5,92.0,0.0,13.3,1024.7,1.0
2025-02-02 02:00:00,1.2,95.0,0.0,10.4,1025.2,1.0
2025-02-02 03:00:00,0.6,95.0,0.0,10.8,1025.5,1.0
2025-02-02 04:00:00,0.1,96.0,0.0,10.1,1025.4,0.0
2025-02-02 05:00:00,-0.1,95.0,0.0,9.7,1025.5,1.0
2025-02-02 06:00:00,-0.8,95.0,0.0,10.4,1025.7,0.0
2025-02-02 07:00:00,-1.6,93.0,0.0,8.6,1026.1,0.0
2025-02-02 08:00:00,-0.9,92.0,0.0,7.9,1026.3,0.0
2025-02-02 09:00:00,1.1,83.0,0.0,9.4,1026.6,2.0
2025-02-02 10:00:00,3.0,64.0,0.0,14.0,1026.6,8.0
2025-02-02 11:00:00,3.7,60.0,0.0,12.6,1026.3,6.0
2025-02-02 12:00:00,4.4,55.0,0.0,13.3,1025.6,5.0
2025-02-02 13:00:00,5.1,51.0,0.0,12.6,1024.8,4.0
2025-02-02 14:00:00,5.5,49.0,0.0,13.7,1024.7,4.0
2025-02-02 15:00:00,4.3,55.0,0.0,14.0,1024.9,7.0
2025-02-02 16:00:00,3.6,58.0,0.0,12.2,1024.9,8.0
2025-02-02 17:00:00,2.5,66.0,0.0,10.4,1024.9,8.0
2025-02-02 18:00:00,2.0,69.0,0.0,9.4,1025.3,8.0
2025-02-02 19:00:00,2.0,70.0,0.0,9.7,1025.3,8.0
2025-02-02 20:00:00,1.6,71.0,0.0,6.8,1025.2,8.0
2025-02-02 21:00:00,1.7,70.0,0.0,6.8,1024.8,8.0
2025-02-02 22:00:00,1.5,72.0,0.0,6.1,1024.7,8.0
2025-02-02 23:00:00,1.2,75.0,0.0,6.1,1024.5,8.0
2025-02-03 00:00:00,0.8,81.0,0.1,5.4,1024.3,8.0
2025-02-03 01:00:00,0.2,95.0,0.1,4.0,1023.6,8.0
2025-02-03 02:00:00,-0.7,96.0,0.0,3.2,1023.3,8.0
2025-02-03 03:00:00,-0.9,97.0,0.0,2.9,1022.8,8.0
2025-02-03 04:00:00,-0.8,97.0,0.0,2.9,1022.2,8.0
2025-02-03 05:00:00,-0.3,98.0,0.0,2.9,1021.9,8.0
2025-02-03 06:00:00,-0.3,99.0,0.0,1.8,1021.7,8.0
2025-02-03 07:00:00,0.1,98.0,0.0,1.1,1021.3,8.0
2025-02-03 08:00:00,0.5,95.0,0.0,3.6,1021.3,8.0
2025-02-03 09:00:00,1.0,93.0,0.0,5.4,1021.0,8.0
2025-02-03 10:00:00,1.6,89.0,0.2,7.2,1020.8,8.0
2025-02-03 11:00:00,1.6,86.0,0.3,5.0,1020.7,8.0
2025-02-03 12:00:00,1.4,89.0,0.5,5.8,1020.0,8.0
2025-02-03 13:00:00,1.6,87.0,0.5,7.6,1019.2,8.0
2025-02-03 14:00:00,1.5,87.0,0.4,9.7,1018.8,8.0
2025-02-03 15:00:00,1.4,88.0,0.4,12.6,1018.6,8.0
2025-02-03 16:00:00,1.1,90.0,0.4,13.3,1018.7,8.0
2025-02-03 17:00:00,0.8,94.0,0.3,13.3,1018.8,8.0
2025-02-03 18:00:00,0.6,90.0,0.2,13.0,1019.1,8.0
2025-02-03 19:00:00,0.4,88.0,0.2,13.3,1019.3,8.0
2025-02-03 20:00:00,0.1,88.0,0.2,14.0,1019.6,8.0
2025-02-03 21:00:00,0.2,84.0,0.1,13.0,1019.6,8.0
2025-02-03 22:00:00,0.1,87.0,0.0,12.6,1019.4,8.0
2025-02-03 23:00:00,-0.2,85.0,0.0,13.0,1019.5,8.0
2025-02-04 00:00:00,-0.9,84.0,0.0,14.0,1019.6,8.0
2025-02-04 01:00:00,-1.2,81.0,0.0,14.4,1019.9,7.0
2025-02-04 02:00:00,-1.9,84.0,0.0,13.3,1020.1,6.0
2025-02-04 03:00:00,-2.7,89.0,0.0,13.3,1020.5,8.0
2025-02-04 04:00:00,-3.0,92.0,0.0,13.3,1020.7,8.0
2025-02-04 05:00:00,-2.8,91.0,0.0,13.7,1021.2,3.0
2025-02-04 06:00:00,-3.1,90.0,0.0,13.7,1021.5,3.0
2025-02-04 07:00:00,-3.4,89.0,0.0,14.0,1022.0,0.0
2025-02-04 08:00:00,-2.8,90.0,0.0,14.8,1022.1,0.0
2025-02-04 09:00:00,-1.3,84.0,0.0,17.3,1022.8,1.0
2025-02-04 10:00:00,0.0,78.0,0.0,17.6,1022.9,3.0
2025-02-04 11:00:00,1.0,70.0,0.0,18.4,1023.2,5.0
2025-02-04 12:00:00,1.4,66.0,0.0,17.6,1023.0,7.0
2025-02-04 13:00:00,2.2,56.0,0.1,19.1,1022.9,3.0
2025-02-04 14:00:00,2.1,55.0,0.0,18.7,1023.1,2.0
2025-02-04 15:00:00,1.9,56.0,0.0,18.0,1023.2,2.0
2025-02-04 16:00:00,1.0,61.0,0.0,15.8,1023.6,1.0
2025-02-04 17:00:00,-0.6,70.0,0.0,13.0,1024.3,2.0
2025-02-04 18:00:00,-2.3,83.0,0.0,14.0,1025.2,8.0
2025-02-04 19:00:00,-1.3,82.0,0.0,13.0,1025.6,8.0
2025-02-04 20:00:00,-1.4,84.0,0.0,11.2,1025.5,8.0
2025-02-04 21:00:00,-1.4,86.0,0.0,11.2,1025.5,8.0
2025-02-04 22:00:00,-1.2,86.0,0.0,11.5,1025.7,8.0
2025-02-04 23:00:00,-1.4,80.0,0.0,9.7,1025.5,8.0
2025-02-05 00:00:00,-1.5,80.0,0.0,9.0,1025.6,8.0
2025-02-05 01:00:00,-1.6,82.0,0.0,10.4,1025.6,8.0
2025-02-05 02:00:00,-1.8,85.0,0.0,10.4,1025.5,6.0
2025-02-05 03:00:00,-2.5,86.0,0.0,8.6,1025.3,8.0
2025-02-05 04:00:00,-5.4,94.0,0.0,10.1,1025.2,0.0
2025-02-05 05:00:00,-5.3,93.0,0.0,10.4,1025.0,0.0
2025-02-05 06:00:00,-5.4,93.0,0.0,9.7,1024.9,0.0
2025-02-05 07:00:00,-5.6,94.0,0.0,9.4,1025.0,1.0
2025-02-05 08:00:00,-4.6,92.0,0.0,11.9,1025.3,2.0
2025-02-05 09:00:00,-1.2,76.0,0.0,9.7,1025.4,2.0
2025-02-05 10:00:00,-0.1,68.0,0.0,12.6,1025.5,2.0
2025-02-05 11:00:00,0.7,60.0,0.0,12.6,1025.1,5.0
2025-02-05 12:00:00,1.0,56.0,0.0,12.6,1025.0,6.0
2025-02-05 13:00:00,1.1,55.0,0.0,12.2,1024.7,8.0
2025-02-05 14:00:00,0.9,55.0,0.0,13.3,1025.1,8.0
2025-02-05 15:00:00,0.4,58.0,0.0,13.7,1025.5,8.0
2025-02-05 16:00:00,-0.2,60.0,0.0,12.6,1026.1,8.0
2025-02-05 17:00:00,-0.7,65.0,0.0,10.8,1026.8,8.0
2025-02-05 18:00:00,-1.3,69.0,0.0,9.4,1027.3,8.0
2025-02-05 19:00:00,-1.7,83.0,0.0,5.0,1027.8,8.0
2025-02-05 20:00:00,-1.9,86.0,0.1,5.0,1028.3,8.0
2025-02-05 21:00:00,-2.1,88.0,0.2,2.9,1028.6,8.0
2025-02-05 22:00:00,-2.3,88.0,0.2,1.8,1028.8,8.0
2025-02-05 23:00:00,-2.8,88.0,0.0,2.2,1028.9,3.0
2025-02-06 00:00:00,-3.7,89.0,0.0,3.6,1029.2,2.0
2025-02-06 01:00:00,-4.1,92.0,0.0,5.0,1029.4,2.0
2025-02-06 02:00:00,-4.8,95.0,0.0,5.8,1029.8,0.0
2025-02-06 03:00:00,-5.3,95.0,0.0,7.9,1030.4,0.0
2025-02-06 04:00:00,-5.4,92.0,0.0,9.0,1031.0,0.0
2025-02-06 05:00:00,-5.9,95.0,0.0,8.6,1030.8,2.0
2025-02-06 06:00:00,-5.9,96.0,0.0,11.9,1031.3,8.0
2025-02-06 07:00:00,-5.7,97.0,0.0,13.7,1031.9,8.0
2025-02-06 08:00:00,-5.3,97.0,0.0,15.5,1032.8,8.0
2025-02-06 09:00:00,-4.8,94.0,0.0,16.6,1033.2,8.0
2025-02-06 10:00:00,-3.6,86.0,0.0,17.6,1033.5,8.0
2025-02-06 11:00:00,-2.5,78.0,0.0,18.7,1033.8,8.0
2025-02-06 12:00:00,-1.7,73.0,0.0,20.2,1033.7,8.0
2025-02-06 13:00:00,-1.4,72.0,0.0,21.2,1033.7,8.0
2025-02-06 14:00:00,-1.1,69.0,0.0,20.9,1033.8,8.0
2025-02-06 15:00:00,-2.2,78.0,0.0,22.7,1034.5,8.0
2025-02-06 16:00:00,-2.2,78.0,0.0,22.0,1034.6,8.0
2025-02-06 17:00:00,-2.6,81.0,0.0,20.5,1035.1,8.0
2025-02-06 18:00:00,-3.0,83.0,0.0,21.2,1035.7,8.0
2025-02-06 19:00:00,-3.0,83.0,0.0,23.0,1036.2,8.0
2025-02-06 20:00:00,-3.0,83.0,0.0,24.5,1036.6,8.0
2025-02-06 21:00:00,-2.9,84.0,0.0,21.6,1036.4,8.0
2025-02-06 22:00:00,-2.6,84.0,0.0,21.2,1036.3,8.0
2025-02-06 23:00:00,-2.5,85.0,0.0,21.6,1036.3,8.0
2025-02-07 00:00:00,-2.3,85.0,0.0,20.9,1036.3,8.0
2025-02-07 01:00:00,-2.5,85.0,0.0,20.9,1036.5,8.0
2025-02-07 02:00:00,-2.5,85.0,0.0,20.5,1037.0,8.0
2025-02-07 03:00:00,-2.7,85.0,0.0,20.2,1037.2,8.0
2025-02-07 04:00:00,-3.1,83.0,0.0,21.6,1037.5,8.0
2025-02-07 05:00:00,-4.3,79.0,0.0,23.4,1038.2,7.0
2025-02-07 06:00:00,-5.4,82.0,0.0,24.5,1039.0,8.0
2025-02-07 07:00:00,-6.1,79.0,0.0,24.5,1039.6,8.0
2025-02-07 08:00:00,-6.9,74.0,0.0,23.4,1040.4,8.0
2025-02-07 09:00:00,-6.6,72.0,0.0,22.0,1040.7,8.0
2025-02-07 10:00:00,-6.0,71.0,0.0,22.0,1040.7,6.0
2025-02-07 11:00:00,-5.3,77.0,0.0,22.3,1040.8,8.0
2025-02-07 12:00:00,-4.8,77.0,0.0,22.7,1040.5,8.0
2025-02-07 13:00:00,-3.8,73.0,0.0,22.7,1040.4,8.0
2025-02-07 14:00:00,-3.5,74.0,0.0,23.8,1040.5,8.0
2025-02-07 15:00:00,-3.3,75.0,0.0,24.1,1040.7,8.0
2025-02-07 16:00:00,-3.5,79.0,0.0,23.0,1040.8,8.0
2025-02-07 17:00:00,-3.4,80.0,0.0,22.0,1041.2,8.0
2025-02-07 18:00:00,-3.1,80.0,0.0,20.2,1041.3,8.0
2025-02-07 19:00:00,-2.9,81.0,0.0,19.4,1041.4,8.0
2025-02-07 20:00:00,-2.9,82.0,0.0,20.5,1041.8,8.0
2025-02-07 21:00:00,-3.6,82.0,0.0,22.3,1042.3,8.0
2025-02-07 22:00:00,-4.4,81.0,0.0,22.3,1042.8,8.0
2025-02-07 23:00:00,-4.5,81.0,0.0,22.3,1042.9,8.0
2025-02-08 00:00:00,-4.5,81.0,0.0,20.9,1043.1,8.0
2025-02-08 01:00:00,-4.5,82.0,0.0,20.5,1043.3,8.0
2025-02-08 02:00:00,-4.6,82.0,0.0,20.5,1043.6,8.0
2025-02-08 03:00:00,-4.8,83.0,0.0,19.8,1043.5,8.0
2025-02-08 04:00:00,-4.9,82.0,0.0,20.5,1043.5,8.0
2025-02-08 05:00:00,-5.0,82.0,0.0,20.5,1043.6,8.0
2025-02-08 06:00:00,-5.3,81.0,0.0,20.9,1043.7,8.0
2025-02-08 07:00:00,-5.5,82.0,0.0,20.5,1044.0,8.0
2025-02-08 08:00:00,-5.6,79.0,0.0,22.0,1044.1,8.0
2025-02-08 09:00:00,-5.4,78.0,0.0,22.0,1044.1,8.0
2025-02-08 10:00:00,-5.1,75.0,0.0,21.2,1044.2,8.0
2025-02-08 11:00:00,-4.2,69.0,0.0,20.9,1044.0,6.0
2025-02-08 12:00:00,-3.3,65.0,0.0,20.9,1043.6,2.0
2025-02-08 13:00:00,-2.7,63.0,0.0,20.5,1042.7,0.0
2025-02-08 14:00:00,-2.4,62.0,0.0,20.9,1042.4,0.0
2025-02-08 15:00:00,-2.6,63.0,0.0,20.9,1041.9,0.0
2025-02-08 16:00:00,-3.2,68.0,0.0,19.8,1041.6,0.0
2025-02-08 17:00:00,-4.3,74.0,0.0,19.4,1041.6,0.0
2025-02-08 18:00:00,-4.7,73.0,0.0,19.8,1041.7,0.0
2025-02-08 19:00:00,-5.2,72.0,0.0,19.4,1041.8,0.0
2025-02-08 20:00:00,-5.5,73.0,0.0,19.1,1041.9,0.0
2025-02-08 21:00:00,-5.8,76.0,0.0,18.4,1041.8,0.0
2025-02-08 22:00:00,-6.2,79.0,0.0,18.4,1041.6,0.0
2025-02-08 23:00:00,-6.5,82.0,0.0,18.7,1041.4,0.0
2025-02-09 00:00:00,-7.0,83.0,0.0,18.4,1041.5,0.0
2025-02-09 01:00:00,-7.3,83.0,0.0,17.6,1041.4,0.0
2025-02-09 02:00:00,-7.6,83.0,0.0,17.3,1041.3,1.0
2025-02-09 03:00:00,-7.8,84.0,0.0,16.6,1040.9,1.0
2025-02-09 04:00:00,-7.4,83.0,0.0,19.4,1040.6,8.0
2025-02-09 05:00:00,-7.4,84.0,0.0,20.2,1040.5,8.0
2025-02-09 06:00:00,-7.2,84.0,0.0,20.9,1040.4,8.0
2025-02-09 07:00:00,-7.1,84.0,0.0,19.8,1040.3,8.0
2025-02-09 08:00:00,-6.8,81.0,0.0,19.8,1040.3,8.0
2025-02-09 09:00:00,-6.2,75.0,0.0,19.4,1040.0,8.0
2025-02-09 10:00:00,-5.3,71.0,0.0,19.1,1039.7,8.0
2025-02-09 11:00:00,-4.5,67.0,0.0,19.4,1039.2,8.0
2025-02-09 12:00:00,-3.6,63.0,0.0,19.1,1038.6,6.0
2025-02-09 13:00:00,-3.0,59.0,0.0,19.1,1037.8,1.0
2025-02-09 14:00:00,-2.6,58.0,0.0,19.1,1037.1,0.0
2025-02-09 15:00:00,-2.7,58.0,0.0,19.8,1036.8,0.0
2025-02-09 16:00:00,-3.4,61.0,0.0,19.8,1036.5,0.0
2025-02-09 17:00:00,-4.6,67.0,0.0,17.6,1036.4,0.0
2025-02-09 18:00:00,-5.1,69.0,0.0,18.4,1036.4,0.0
2025-02-09 19:00:00,-5.6,73.0,0.0,18.0,1036.5,0.0
2025-02-09 20:00:00,-6.1,73.0,0.0,17.6,1036.5,0.0
2025-02-09 21:00:00,-6.7,74.0,0.0,16.9,1036.2,0.0
2025-02-09 22:00:00,-7.2,75.0,0.0,16.9,1035.9,0.0
2025-02-09 23:00:00,-7.7,76.0,0.0,16.2,1035.7,0.0
2025-02-10 00:00:00,-7.4,78.0,0.0,15.5,1035.2,0.0
2025-02-10 01:00:00,-7.9,79.0,0.0,14.8,1035.0,0.0
2025-02-10 02:00:00,-8.3,80.0,0.0,14.0,1034.8,0.0
2025-02-10 03:00:00,-8.6,81.0,0.0,13.7,1034.5,0.0
2025-02-10 04:00:00,-8.8,82.0,0.0,13.0,1034.2,0.0
2025-02-10 05:00:00,-8.3,77.0,0.0,15.5,1034.3,8.0
2025-02-10 06:00:00,-8.3,76.0,0.0,15.8,1034.0,8.0
2025-02-10 07:00:00,-8.2,75.0,0.0,15.5,1034.1,8.0
2025-02-10 08:00:00,-8.0,73.0,0.0,15.5,1034.3,8.0
2025-02-10 09:00:00,-7.6,69.0,0.0,15.1,1034.4,8.0
2025-02-10 10:00:00,-7.2,68.0,0.0,15.5,1034.3,8.0
2025-02-10 11:00:00,-6.5,65.0,0.0,15.1,1034.0,8.0
2025-02-10 12:00:00,-5.6,62.0,0.0,15.1,1033.6,8.0
2025-02-10 13:00:00,-4.9,61.0,0.0,15.1,1033.1,8.0
2025-02-10 14:00:00,-4.3,58.0,0.0,15.1,1032.8,2.0
2025-02-10 15:00:00,-4.1,59.0,0.0,14.4,1032.7,2.0
2025-02-10 16:00:00,-4.4,61.0,0.0,14.4,1032.8,2.0
2025-02-10 17:00:00,-5.2,66.0,0.0,11.9,1033.1,1.0
2025-02-10 18:00:00,-5.7,69.0,0.0,12.6,1033.4,1.0
2025-02-10 19:00:00,-6.3,71.0,0.0,13.0,1033.8,0.0
2025-02-10 20:00:00,-6.8,73.0,0.0,12.6,1034.0,0.0
2025-02-10 21:00:00,-7.1,74.0,0.0,11.9,1034.2,0.0
2025-02-10 22:00:00,-7.5,76.0,0.0,11.2,1034.4,0.0
2025-02-10 23:00:00,-7.9,77.0,0.0,10.8,1034.6,1.0
2025-02-11 00:00:00,-8.0,79.0,0.0,11.2,1034.9,3.0
2025-02-11 01:00:00,-6.6,80.0,0.0,11.2,1034.8,6.0
2025-02-11 02:00:00,-6.1,79.0,0.0,11.5,1035.1,8.0
2025-02-11 03:00:00,-5.7,79.0,0.0,12.6,1035.1,8.0
2025-02-11 04:00:00,-5.7,80.0,0.0,14.0,1035.2,8.0
2025-02-11 05:00:00,-5.7,80.0,0.0,14.8,1035.4,8.0
2025-02-11 06:00:00,-6.5,75.0,0.0,15.5,1035.9,8.0
2025-02-11 07:00:00,-6.7,75.0,0.0,15.8,1036.4,8.0
2025-02-11 08:00:00,-6.4,73.0,0.0,15.8,1036.9,8.0
2025-02-11 09:00:00,-5.9,69.0,0.0,15.8,1037.1,8.0
2025-02-11 10:00:00,-5.2,66.0,0.0,15.8,1037.0,8.0
2025-02-11 11:00:00,-5.1,62.0,0.0,16.9,1037.2,6.0
2025-02-11 12:00:00,-4.2,58.0,0.0,16.6,1036.8,1.0
2025-02-11 13:00:00,-3.5,55.0,0.0,15.8,1036.2,0.0
2025-02-11 14:00:00,-3.2,54.0,0.0,16.2,1035.8,1.0
2025-02-11 15:00:00,-3.2,55.0,0.0,16.6,1035.7,0.0
2025-02-11 16:00:00,-3.6,58.0,0.0,16.6,1035.6,0.0
2025-02-11 17:00:00,-4.7,64.0,0.0,13.3,1035.9,0.0
2025-02-11 18:00:00,-5.1,67.0,0.0,13.7,1036.1,0.0
2025-02-11 19:00:00,-5.5,68.0,0.0,14.0,1036.2,0.0
2025-02-11 20:00:00,-6.0,70.0,0.0,13.7,1036.3,0.0
2025-02-11 21:00:00,-5.4,75.0,0.0,15.5,1035.8,2.0
2025-02-11 22:00:00,-5.9,77.0,0.0,15.1,1035.8,3.0
2025-02-11 23:00:00,-6.4,79.0,0.0,14.4,1035.8,8.0
2025-02-12 00:00:00,-6.7,80.0,0.0,13.7,1035.7,8.0
2025-02-12 01:00:00,-7.0,81.0,0.0,12.6,1035.7,8.0
2025-02-12 02:00:00,-7.3,82.0,0.0,11.5,1035.7,8.0
2025-02-12 03:00:00,-7.5,82.0,0.0,12.2,1035.5,8.0
2025-02-12 04:00:00,-7.6,83.0,0.0,12.2,1035.2,8.0
2025-02-12 05:00:00,-7.5,82.0,0.0,12.6,1035.3,8.0
2025-02-12 06:00:00,-7.2,81.0,0.0,12.6,1035.3,8.0
2025-02-12 07:00:00,-7.0,80.0,0.0,13.0,1035.2,8.0
2025-02-12 08:00:00,-7.5,74.0,0.0,14.0,1035.8,8.0
2025-02-12 09:00:00,-6.9,71.0,0.0,14.0,1035.6,8.0
2025-02-12 10:00:00,-6.0,68.0,0.0,13.7,1035.5,8.0
2025-02-12 11:00:00,-5.0,65.0,0.0,12.6,1035.4,8.0
2025-02-12 12:00:00,-4.1,61.0,0.0,11.5,1034.7,8.0
2025-02-12 13:00:00,-3.6,65.0,0.0,11.5,1033.8,8.0
2025-02-12 14:00:00,-3.0,64.0,0.0,11.9,1033.2,7.0
2025-02-12 15:00:00,-2.9,66.0,0.0,12.2,1033.0,8.0
2025-02-12 16:00:00,-3.2,68.0,0.0,11.5,1032.9,7.0
2025-02-12 17:00:00,-4.3,75.0,0.0,8.3,1032.7,4.0
2025-02-12 18:00:00,-4.2,77.0,0.0,10.1,1032.6,4.0
2025-02-12 19:00:00,-4.8,81.0,0.0,8.6,1032.5,2.0
2025-02-12 20:00:00,-5.1,83.0,0.0,9.7,1032.4,0.0
2025-02-12 21:00:00,-5.6,86.0,0.0,9.0,1032.1,0.0
2025-02-12 22:00:00,-6.2,86.0,0.0,7.6,1031.8,1.0
2025-02-12 23:00:00,-6.7,86.0,0.0,6.5,1031.5,1.0
2025-02-13 00:00:00,-7.0,86.0,0.0,6.1,1031.3,1.0
2025-02-13 01:00:00,-7.2,85.0,0.0,6.1,1030.9,1.0
2025-02-13 02:00:00,-7.4,85.0,0.0,6.5,1030.6,0.0
2025-02-13 03:00:00,-7.6,85.0,0.0,6.1,1030.2,1.0
2025-02-13 04:00:00,-4.5,75.0,0.0,7.6,1029.9,8.0
2025-02-13 05:00:00,-4.7,76.0,0.0,7.2,1029.6,8.0
2025-02-13 06:00:00,-4.8,77.0,0.0,6.5,1029.1,8.0
2025-02-13 07:00:00,-4.9,78.0,0.0,6.1,1028.9,8.0
2025-02-13 08:00:00,-4.8,77.0,0.0,6.1,1029.0,8.0
2025-02-13 09:00:00,-4.4,66.0,0.0,4.7,1028.6,4.0
2025-02-13 10:00:00,-2.9,57.0,0.0,5.0,1028.4,2.0
2025-02-13 11:00:00,-1.6,52.0,0.0,4.7,1028.1,1.0
2025-02-13 12:00:00,-0.8,50.0,0.0,3.2,1027.5,1.0
2025-02-13 13:00:00,-0.1,48.0,0.0,1.8,1026.7,1.0
2025-02-13 14:00:00,0.3,47.0,0.0,1.4,1026.3,1.0
2025-02-13 15:00:00,0.3,47.0,0.0,3.6,1025.9,1.0
2025-02-13 16:00:00,-0.2,48.0,0.0,6.1,1025.5,1.0
2025-02-13 17:00:00,-3.3,65.0,0.0,7.6,1025.1,0.0
2025-02-13 18:00:00,-4.5,78.0,0.0,6.8,1024.9,0.0
2025-02-13 19:00:00,-5.0,85.0,0.0,5.8,1024.9,0.0
2025-02-13 20:00:00,-5.4,86.0,0.0,5.8,1025.0,0.0
2025-02-13 21:00:00,-5.4,86.0,0.0,7.2,1024.8,0.0
2025-02-13 22:00:00,-5.1,88.0,0.0,6.8,1024.7,0.0
2025-02-13 23:00:00,-5.2,89.0,0.0,6.8,1024.6,0.0
2025-02-14 00:00:00,-4.3,92.0,0.0,6.8,1023.9,2.0
2025-02-14 01:00:00,-4.4,91.0,0.0,6.8,1023.6,6.0
2025-02-14 02:00:00,-4.6,92.0,0.0,6.8,1023.4,4.0
2025-02-14 03:00:00,-4.9,93.0,0.0,7.6,1022.8,8.0
2025-02-14 04:00:00,-5.3,94.0,0.0,7.2,1022.4,0.0
2025-02-14 05:00:00,-4.8,94.0,0.0,7.9,1022.3,5.0
2025-02-14 06:00:00,-4.8,95.0,0.0,8.6,1022.1,8.0
2025-02-14 07:00:00,-4.6,94.0,0.0,10.1,1022.1,8.0
2025-02-14 08:00:00,-3.0,92.0,0.0,13.7,1022.1,8.0
2025-02-14 09:00:00,-1.0,86.0,0.0,15.1,1021.8,8.0
2025-02-14 10:00:00,0.2,76.0,0.0,15.1,1021.8,8.0
2025-02-14 11:00:00,2.0,65.0,0.0,15.8,1021.6,8.0
2025-02-14 12:00:00,3.1,62.0,0.0,18.4,1021.1,4.0
2025-02-14 13:00:00,4.3,59.0,0.0,19.1,1020.0,2.0
2025-02-14 14:00:00,4.8,59.0,0.0,21.2,1019.4,2.0
2025-02-14 15:00:00,4.5,61.0,0.0,22.3,1019.1,5.0
2025-02-14 16:00:00,4.1,64.0,0.0,19.1,1018.6,8.0
2025-02-14 17:00:00,2.9,71.0,0.0,18.0,1018.1,8.0
2025-02-14 18:00:00,1.7,78.0,0.0,20.2,1018.1,8.0
2025-02-14 19:00:00,0.5,84.0,0.0,20.9,1018.2,8.0
2025-02-14 20:00:00,-0.3,87.0,0.0,22.0,1017.9,8.0
2025-02-14 21:00:00,-0.2,84.0,0.0,22.7,1017.4,8.0
2025-02-14 22:00:00,0.3,84.0,0.0,24.5,1016.9,8.0
2025-02-14 23:00:00,1.0,83.0,0.0,23.0,1016.4,8.0
2025-02-15 00:00:00,1.4,83.0,0.0,21.6,1015.7,8.0
2025-02-15 01:00:00,1.8,91.0,0.1,22.7,1014.6,8.0
2025-02-15 02:00:00,2.0,93.0,0.4,23.0,1013.7,8.0
2025-02-15 03:00:00,2.2,94.0,0.3,23.0,1012.8,8.0
2025-02-15 04:00:00,2.4,95.0,0.4,22.7,1011.8,8.0
2025-02-15 05:00:00,2.4,96.0,0.7,22.7,1011.0,8.0
2025-02-15 06:00:00,2.4,95.0,1.0,24.1,1010.0,8.0
2025-02-15 07:00:00,2.6,95.0,1.2,24.1,1009.4,8.0
2025-02-15 08:00:00,1.7,99.0,2.1,19.4,1010.0,8.0
2025-02-15 09:00:00,0.6,98.0,1.5,18.7,1010.3,8.0
2025-02-15 10:00:00,0.3,92.0,1.0,22.7,1010.6,8.0
2025-02-15 11:00:00,-0.7,90.0,0.6,23.4,1011.7,8.0
2025-02-15 12:00:00,-1.4,85.0,0.9,23.8,1012.5,8.0
2025-02-15 13:00:00,-1.6,80.0,0.3,25.9,1012.6,8.0
2025-02-15 14:00:00,-2.5,77.0,0.0,26.3,1013.5,8.0
2025-02-15 15:00:00,-3.3,75.0,0.0,24.5,1014.3,8.0
2025-02-15 16:00:00,-3.9,75.0,0.0,23.8,1015.0,8.0
2025-02-15 17:00:00,-4.6,76.0,0.0,21.2,1015.9,8.0
2025-02-15 18:00:00,-5.0,78.0,0.0,19.1,1016.9,8.0
2025-02-15 19:00:00,-5.0,78.0,0.0,18.4,1017.8,8.0
2025-02-15 20:00:00,-5.1,76.0,0.0,16.9,1018.3,8.0
2025-02-15 21:00:00,-5.3,76.0,0.0,17.3,1018.4,8.0
2025-02-15 22:00:00,-5.6,74.0,0.0,18.0,1018.7,7.0
2025-02-15 23:00:00,-6.2,71.0,0.0,16.9,1019.0,7.0
2025-02-16 00:00:00,-6.9,74.0,0.0,10.1,1019.2,8.0
2025-02-16 01:00:00,-6.1,73.0,0.0,13.7,1019.4,8.0
2025-02-16 02:00:00,-6.3,73.0,0.0,13.0,1019.8,8.0
2025-02-16 03:00:00,-6.7,71.0,0.0,13.3,1019.6,8.0
2025-02-16 04:00:00,-7.8,74.0,0.0,9.7,1019.3,8.0
2025-02-16 05:00:00,-9.3,78.0,0.0,9.4,1019.5,8.0
2025-02-16 06:00:00,-9.0,80.0,0.0,10.4,1019.7,6.0
2025-02-16 07:00:00,-9.0,82.0,0.0,11.9,1020.0,7.0
2025-02-16 08:00:00,-7.8,80.0,0.0,12.6,1020.5,8.0
2025-02-16 09:00:00,-6.5,74.0,0.0,14.0,1020.6,8.0
2025-02-16 10:00:00,-5.5,69.0,0.0,15.5,1020.5,8.0
2025-02-16 11:00:00,-4.5,63.0,0.0,16.6,1020.7,8.0
2025-02-16 12:00:00,-4.0,61.0,0.0,16.6,1020.7,8.0
2025-02-16 13:00:00,-3.5,58.0,0.0,16.9,1020.2,5.0
2025-02-16 14:00:00,-3.1,55.0,0.0,16.2,1020.2,8.0
2025-02-16 15:00:00,-3.4,57.0,0.0,14.0,1020.3,5.0
2025-02-16 16:00:00,-3.8,58.0,0.0,11.5,1020.8,1.0
2025-02-16 17:00:00,-5.9,64.0,0.0,5.0,1021.2,2.0
2025-02-16 18:00:00,-7.6,74.0,0.0,6.5,1021.7,8.0
2025-02-16 19:00:00,-5.9,72.0,0.0,7.6,1022.1,6.0
2025-02-16 20:00:00,-6.2,72.0,0.0,9.4,1022.4,7.0
2025-02-16 21:00:00,-6.0,73.0,0.0,10.4,1022.8,8.0
2025-02-16 22:00:00,-6.0,77.0,0.0,9.7,1023.3,7.0
2025-02-16 23:00:00,-4.9,81.0,0.0,5.4,1023.4,8.0
2025-02-17 00:00:00,-5.3,84.0,0.0,5.0,1023.7,8.0
2025-02-17 01:00:00,-5.7,86.0,0.0,5.4,1023.9,3.0
2025-02-17 02:00:00,-7.6,88.0,0.0,5.0,1024.2,1.0
2025-02-17 03:00:00,-8.9,90.0,0.0,4.7,1024.1,2.0
2025-02-17 04:00:00,-12.4,92.0,0.0,2.2,1024.9,7.0
2025-02-17 05:00:00,-12.5,90.0,0.0,1.4,1025.0,7.0
2025-02-17 06:00:00,-12.3,91.0,0.0,1.1,1024.9,8.0
2025-02-17 07:00:00,-11.9,91.0,0.0,2.9,1025.2,8.0
2025-02-17 08:00:00,-10.7,92.0,0.0,3.6,1025.8,8.0
2025-02-17 09:00:00,-8.5,91.0,0.0,7.6,1026.3,8.0
2025-02-17 10:00:00,-6.0,84.0,0.0,8.3,1026.4,6.0
2025-02-17 11:00:00,-4.5,73.0,0.0,9.4,1026.2,6.0
2025-02-17 12:00:00,-3.8,68.0,0.0,9.0,1026.2,8.0
2025-02-17 13:00:00,-3.3,65.0,0.0,8.6,1025.9,6.0
2025-02-17 14:00:00,-3.3,64.0,0.0,7.6,1025.9,5.0
2025-02-17 15:00:00,-3.4,66.0,0.0,6.5,1025.8,6.0
2025-02-17 16:00:00,-3.6,69.0,0.0,5.8,1026.0,7.0
2025-02-17 17:00:00,-4.3,73.0,0.0,3.6,1026.1,8.0
2025-02-17 18:00:00,-4.0,75.0,0.0,4.3,1026.6,8.0
2025-02-17 19:00:00,-4.0,78.0,0.0,4.7,1027.1,8.0
2025-02-17 20:00:00,-4.0,78.0,0.0,10.4,1027.6,8.0
2025-02-17 21:00:00,-4.4,83.0,0.2,11.9,1027.8,8.0
2025-02-17 22:00:00,-4.8,84.0,0.2,11.5,1028.0,8.0
2025-02-17 23:00:00,-5.1,84.0,0.0,12.6,1028.0,8.0
2025-02-18 00:00:00,-6.3,82.0,0.0,8.6,1028.0,2.0
2025-02-18 01:00:00,-7.9,82.0,0.0,7.2,1028.2,2.0
2025-02-18 02:00:00,-8.9,86.0,0.0,7.2,1028.6,1.0
2025-02-18 03:00:00,-9.8,90.0,0.0,9.0,1028.5,0.0
2025-02-18 04:00:00,-9.7,90.0,0.0,9.4,1028.7,0.0
2025-02-18 05:00:00,-11.5,93.0,0.0,7.9,1029.1,8.0
2025-02-18 06:00:00,-11.3,93.0,0.0,8.3,1029.1,8.0
2025-02-18 07:00:00,-11.1,92.0,0.0,9.0,1029.3,8.0
2025-02-18 08:00:00,-10.7,93.0,0.0,7.2,1029.9,8.0
2025-02-18 09:00:00,-9.9,94.0,0.0,6.1,1030.2,8.0
2025-02-18 10:00:00,-8.1,82.0,0.0,5.8,1030.4,4.0
2025-02-18 11:00:00,-6.2,75.0,0.0,6.1,1030.3,0.0
2025-02-18 12:00:00,-4.8,68.0,0.0,5.0,1029.9,0.0
2025-02-18 13:00:00,-4.1,62.0,0.0,4.7,1029.4,0.0
2025-02-18 14:00:00,-3.7,59.0,0.0,4.0,1029.2,3.0
2025-02-18 15:00:00,-4.7,64.0,0.0,6.1,1029.2,0.0
2025-02-18 16:00:00,-5.7,67.0,0.0,7.9,1029.1,0.0
2025-02-18 17:00:00,-8.0,71.0,0.0,7.9,1029.4,0.0
2025-02-18 18:00:00,-9.0,78.0,0.0,10.1,1029.9,0.0
2025-02-18 19:00:00,-9.9,83.0,0.0,9.4,1030.3,0.0
2025-02-18 20:00:00,-10.7,85.0,0.0,8.6,1030.2,2.0
2025-02-18 21:00:00,-11.5,85.0,0.0,7.9,1030.2,6.0
2025-02-18 22:00:00,-12.0,86.0,0.0,6.8,1030.3,0.0
2025-02-18 23:00:00,-12.5,88.0,0.0,5.8,1030.4,0.0
2025-02-19 00:00:00,-12.8,89.0,0.0,6.1,1030.3,0.0
2025-02-19 01:00:00,-11.9,90.0,0.0,5.8,1030.1,0.0
2025-02-19 02:00:00,-12.5,91.0,0.0,6.1,1030.0,0.0
2025-02-19 03:00:00,-12.9,93.0,0.0,5.4,1029.9,0.0
2025-02-19 04:00:00,-13.2,93.0,0.0,5.0,1030.0,3.0
2025-02-19 05:00:00,-13.4,91.0,0.0,5.4,1030.1,6.0
2025-02-19 06:00:00,-13.2,89.0,0.0,7.9,1030.3,8.0
2025-02-19 07:00:00,-13.1,89.0,0.0,7.9,1030.5,8.0
2025-02-19 08:00:00,-12.7,90.0,0.0,7.2,1031.0,8.0
2025-02-19 09:00:00,-11.4,91.0,0.0,5.4,1031.1,8.0
2025-02-19 10:00:00,-9.3,84.0,0.0,4.3,1031.2,5.0
2025-02-19 11:00:00,-6.8,69.0,0.0,4.0,1030.9,0.0
2025-02-19 12:00:00,-5.0,57.0,0.0,4.0,1030.5,0.0
2025-02-19 13:00:00,-4.1,49.0,0.0,5.8,1029.8,0.0
2025-02-19 14:00:00,-3.6,50.0,0.0,7.6,1029.6,0.0
2025-02-19 15:00:00,-3.7,55.0,0.0,8.6,1029.8,0.0
2025-02-19 16:00:00,-2.9,44.0,0.0,9.0,1029.6,0.0
2025-02-19 17:00:00,-5.1,56.0,0.0,5.0,1029.8,0.0
2025-02-19 18:00:00,-6.2,61.0,0.0,4.3,1030.3,0.0
2025-02-19 19:00:00,-6.9,65.0,0.0,4.0,1030.5,0.0
2025-02-19 20:00:00,-7.5,67.0,0.0,2.5,1030.7,0.0
2025-02-19 21:00:00,-7.4,64.0,0.0,1.1,1030.4,0.0
2025-02-19 22:00:00,-7.9,64.0,0.0,2.5,1030.3,0.0
2025-02-19 23:00:00,-8.5,66.0,0.0,4.3,1030.3,0.0
2025-02-20 00:00:00,-9.3,70.0,0.0,5.0,1030.5,0.0
2025-02-20 01:00:00,-9.9,74.0,0.0,5.8,1030.4,0.0
2025-02-20 02:00:00,-10.4,77.0,0.0,6.1,1030.4,0.0
2025-02-20 03:00:00,-10.8,79.0,0.0,5.8,1030.1,0.0
2025-02-20 04:00:00,-11.3,81.0,0.0,5.8,1029.9,0.0
2025-02-20 05:00:00,-11.5,81.0,0.0,6.5,1029.9,1.0
2025-02-20 06:00:00,-11.4,81.0,0.0,6.5,1029.7,7.0
2025-02-20 07:00:00,-9.4,88.0,0.0,8.6,1030.1,6.0
2025-02-20 08:00:00,-6.4,81.0,0.0,9.4,1030.2,7.0
2025-02-20 09:00:00,-3.5,68.0,0.0,8.6,1030.2,6.0
2025-02-20 10:00:00,-1.9,56.0,0.0,10.1,1030.2,2.0
2025-02-20 11:00:00,-0.6,48.0,0.0,11.9,1029.9,1.0
2025-02-20 12:00:00,0.1,45.0,0.0,13.3,1029.7,4.0
2025-02-20 13:00:00,-0.5,47.0,0.0,12.6,1029.4,8.0
2025-02-20 14:00:00,-0.7,50.0,0.0,12.6,1029.4,8.0
2025-02-20 15:00:00,-1.9,64.0,0.3,16.9,1029.9,8.0
2025-02-20 16:00:00,-3.7,80.0,0.3,18.7,1030.6,8.0
2025-02-20 17:00:00,-5.0,84.0,0.2,18.4,1031.2,8.0
2025-02-20 18:00:00,-5.0,83.0,0.0,17.6,1031.8,8.0
2025-02-20 19:00:00,-5.0,86.0,0.2,15.8,1032.2,8.0
2025-02-20 20:00:00,-5.1,84.0,0.2,17.6,1032.5,8.0
2025-02-20 21:00:00,-5.7,80.0,0.2,18.7,1032.8,8.0
2025-02-20 22:00:00,-6.5,81.0,0.2,17.6,1032.8,8.0
2025-02-20 23:00:00,-7.1,83.0,0.0,15.1,1032.8,8.0
2025-02-21 00:00:00,-7.3,82.0,0.1,14.4,1033.0,8.0
2025-02-21 01:00:00,-7.7,82.0,0.1,13.7,1033.3,8.0
2025-02-21 02:00:00,-8.3,83.0,0.2,13.7,1033.5,8.0
2025-02-21 03:00:00,-8.8,84.0,0.0,15.8,1033.5,8.0
2025-02-21 04:00:00,-8.8,86.0,0.0,15.8,1033.8,8.0
2025-02-21 05:00:00,-8.6,86.0,0.2,15.5,1034.2,8.0
2025-02-21 06:00:00,-8.5,87.0,0.3,16.2,1034.7,8.0
2025-02-21 07:00:00,-8.5,88.0,0.0,14.8,1035.2,3.0
2025-02-21 08:00:00,-8.2,86.0,0.0,13.7,1035.9,0.0
2025-02-21 09:00:00,-7.5,78.0,0.0,11.5,1036.5,3.0
2025-02-21 10:00:00,-6.7,71.0,0.0,11.5,1037.1,1.0
2025-02-21 11:00:00,-5.7,68.0,0.0,11.9,1037.5,0.0
2025-02-21 12:00:00,-4.9,66.0,0.0,12.6,1037.7,0.0
2025-02-21 13:00:00,-4.4,63.0,0.0,14.4,1037.7,0.0
2025-02-21 14:00:00,-4.7,60.0,0.0,15.8,1037.9,0.0
2025-02-21 15:00:00,-4.9,62.0,0.0,16.2,1038.0,0.0
2025-02-21 16:00:00,-5.4,67.0,0.0,14.0,1038.3,0.0
2025-02-21 17:00:00,-6.6,72.0,0.0,13.3,1038.4,0.0
2025-02-21 18:00:00,-7.6,75.0,0.0,13.7,1038.7,0.0
2025-02-21 19:00:00,-8.2,79.0,0.0,13.7,1039.3,0.0
2025-02-21 20:00:00,-8.9,83.0,0.0,13.7,1039.6,0.0
2025-02-21 21:00:00,-9.4,87.0,0.0,14.4,1039.8,1.0
2025-02-21 22:00:00,-9.4,89.0,0.0,15.5,1039.7,1.0
2025-02-21 23:00:00,-9.1,88.0,0.0,15.1,1039.7,1.0
2025-02-22 00:00:00,-9.1,88.0,0.0,13.0,1039.5,7.0
2025-02-22 01:00:00,-9.0,85.0,0.0,12.6,1039.6,4.0
2025-02-22 02:00:00,-9.6,85.0,0.0,12.6,1039.6,3.0
2025-02-22 03:00:00,-10.6,84.0,0.0,12.2,1039.3,1.0
2025-02-22 04:00:00,-11.2,83.0,0.0,11.9,1039.0,1.0
2025-02-22 05:00:00,-11.2,83.0,0.0,11.5,1039.0,8.0
2025-02-22 06:00:00,-10.5,84.0,0.0,11.9,1039.0,8.0
2025-02-22 07:00:00,-10.0,86.0,0.0,10.4,1039.1,8.0
2025-02-22 08:00:00,-8.6,81.0,0.0,13.0,1039.5,1.0
2025-02-22 09:00:00,-8.1,81.0,0.0,15.8,1039.5,8.0
2025-02-22 10:00:00,-8.8,76.0,0.0,17.6,1039.6,7.0
2025-02-22 11:00:00,-8.2,75.0,0.0,16.2,1039.3,8.0
2025-02-22 12:00:00,-7.7,75.0,0.0,15.5,1038.9,8.0
2025-02-22 13:00:00,-7.2,74.0,0.0,15.5,1038.6,8.0
2025-02-22 14:00:00,-6.7,73.0,0.0,16.2,1038.3,8.0
2025-02-22 15:00:00,-7.0,75.0,0.0,15.8,1037.8,8.0
2025-02-22 16:00:00,-7.2,76.0,0.0,14.8,1037.4,8.0
2025-02-22 17:00:00,-7.9,79.0,0.0,14.8,1037.4,8.0
2025-02-22 18:00:00,-8.4,81.0,0.0,14.4,1037.8,8.0
2025-02-22 19:00:00,-8.4,81.0,0.0,14.0,1037.8,4.0
2025-02-22 20:00:00,-9.4,84.0,0.0,11.2,1037.6,0.0
2025-02-22 21:00:00,-11.2,87.0,0.0,9.7,1037.3,2.0
2025-02-22 22:00:00,-11.1,86.0,0.0,10.4,1036.9,1.0
2025-02-22 23:00:00,-11.1,86.0,0.0,11.5,1036.6,0.0
2025-02-23 00:00:00,-11.0,84.0,0.0,12.6,1036.3,4.0
2025-02-23 01:00:00,-10.2,84.0,0.0,14.0,1036.0,8.0
2025-02-23 02:00:00,-9.9,84.0,0.0,14.8,1035.6,8.0
2025-02-23 03:00:00,-10.1,83.0,0.0,15.1,1035.1,7.0
2025-02-23 04:00:00,-10.6,83.0,0.0,15.1,1035.0,1.0
2025-02-23 05:00:00,-11.1,83.0,0.0,15.1,1034.9,0.0
2025-02-23 06:00:00,-10.9,84.0,0.0,15.8,1034.4,0.0
2025-02-23 07:00:00,-11.0,83.0,0.0,16.2,1034.3,0.0
2025-02-23 08:00:00,-10.0,82.0,0.0,14.8,1034.4,0.0
2025-02-23 09:00:00,-8.4,75.0,0.0,15.8,1034.1,6.0
2025-02-23 10:00:00,-6.8,71.0,0.0,16.9,1033.7,1.0
2025-02-23 11:00:00,-5.5,65.0,0.0,19.1,1032.8,7.0
2025-02-23 12:00:00,-4.5,62.0,0.0,19.8,1032.2,8.0
2025-02-23 13:00:00,-3.8,60.0,0.0,20.2,1031.7,8.0
2025-02-23 14:00:00,-3.4,59.0,0.0,20.9,1031.4,8.0
2025-02-23 15:00:00,-3.5,60.0,0.0,21.2,1031.1,6.0
2025-02-23 16:00:00,-3.8,66.0,0.0,20.5,1030.5,8.0
2025-02-23 17:00:00,-4.7,72.0,0.0,19.4,1030.4,8.0
2025-02-23 18:00:00,-5.3,76.0,0.0,17.6,1030.5,7.0
2025-02-23 19:00:00,-5.5,77.0,0.0,17.6,1030.3,8.0
2025-02-23 20:00:00,-5.7,78.0,0.0,18.0,1030.1,8.0
2025-02-23 21:00:00,-5.8,78.0,0.0,18.4,1029.6,8.0
2025-02-23 22:00:00,-6.2,78.0,0.0,18.0,1029.4,8.0
2025-02-23 23:00:00,-6.0,78.0,0.0,18.7,1029.2,8.0
2025-02-24 00:00:00,-6.2,79.0,0.0,19.4,1029.0,8.0
2025-02-24 01:00:00,-6.2,79.0,0.0,19.4,1029.0,8.0
2025-02-24 02:00:00,-6.3,79.0,0.0,19.4,1028.9,8.0
2025-02-24 03:00:00,-6.5,79.0,0.0,18.4,1028.7,8.0
2025-02-24 04:00:00,-6.6,79.0,0.0,18.0,1028.3,8.0
2025-02-24 05:00:00,-6.8,79.0,0.0,18.0,1028.0,8.0
2025-02-24 06:00:00,-7.0,79.0,0.0,17.6,1027.7,8.0
2025-02-24 07:00:00,-7.0,79.0,0.0,17.6,1028.0,8.0
2025-02-24 08:00:00,-6.6,77.0,0.0,15.1,1028.3,8.0
2025-02-24 09:00:00,-5.8,73.0,0.0,16.2,1028.4,8.0
2025-02-24 10:00:00,-4.5,67.0,0.0,17.6,1027.9,8.0
2025-02-24 11:00:00,-3.1,60.0,0.0,19.1,1027.6,3.0
2025-02-24 12:00:00,-2.0,49.0,0.0,20.2,1026.6,5.0
2025-02-24 13:00:00,-1.2,44.0,0.0,20.9,1025.9,8.0
2025-02-24 14:00:00,-0.7,42.0,0.0,20.9,1025.5,1.0
2025-02-24 15:00:00,-0.3,37.0,0.0,20.5,1025.2,0.0
2025-02-24 16:00:00,-1.0,42.0,0.0,18.0,1025.1,0.0
2025-02-24 17:00:00,-2.7,51.0,0.0,14.8,1024.9,0.0
2025-02-24 18:00:00,-3.6,56.0,0.0,14.0,1025.0,0.0
2025-02-24 19:00:00,-4.1,64.0,0.0,14.0,1024.9,0.0
2025-02-24 20:00:00,-4.8,72.0,0.0,14.0,1024.8,0.0
2025-02-24 21:00:00,-5.5,77.0,0.0,13.7,1024.6,0.0
2025-02-24 22:00:00,-6.1,79.0,0.0,14.4,1024.2,0.0
2025-02-24 23:00:00,-5.5,76.0,0.0,15.1,1023.5,0.0
2025-02-25 00:00:00,-6.2,73.0,0.0,15.1,1023.3,0.0
2025-02-25 01:00:00,-7.1,74.0,0.0,14.4,1023.2,0.0
2025-02-25 02:00:00,-7.9,76.0,0.0,13.7,1023.0,1.0
2025-02-25 03:00:00,-8.3,77.0,0.0,14.4,1022.8,1.0
2025-02-25 04:00:00,-7.6,71.0,0.0,14.8,1022.6,0.0
2025-02-25 05:00:00,-8.1,73.0,0.0,14.4,1022.9,5.0
2025-02-25 06:00:00,-8.6,75.0,0.0,14.4,1023.2,0.0
2025-02-25 07:00:00,-8.9,78.0,0.0,13.7,1023.6,2.0
2025-02-25 08:00:00,-7.9,73.0,0.0,16.6,1024.1,8.0
2025-02-25 09:00:00,-7.2,70.0,0.0,14.4,1024.4,8.0
2025-02-25 10:00:00,-6.5,68.0,0.0,13.3,1024.7,8.0
2025-02-25 11:00:00,-5.9,67.0,0.0,11.9,1024.9,8.0
2025-02-25 12:00:00,-5.2,64.0,0.0,11.2,1024.8,8.0
2025-02-25 13:00:00,-4.6,60.0,0.0,11.5,1024.4,8.0
2025-02-25 14:00:00,-4.7,54.0,0.0,13.0,1024.6,8.0
2025-02-25 15:00:00,-4.8,55.0,0.0,11.9,1024.5,8.0
2025-02-25 16:00:00,-5.2,58.0,0.0,8.6,1024.2,8.0
2025-02-25 17:00:00,-6.1,63.0,0.0,6.5,1024.2,8.0
2025-02-25 18:00:00,-7.6,71.0,0.0,5.0,1024.2,8.0
2025-02-25 19:00:00,-8.1,74.0,0.0,5.0,1024.8,8.0
2025-02-25 20:00:00,-8.8,77.0,0.0,5.0,1025.0,3.0
2025-02-25 21:00:00,-9.7,81.0,0.0,5.0,1024.9,2.0
2025-02-25 22:00:00,-10.5,84.0,0.0,7.2,1025.1,8.0
2025-02-25 23:00:00,-10.2,86.0,0.0,7.2,1025.1,8.0
2025-02-26 00:00:00,-10.0,86.0,0.0,8.3,1025.0,8.0
2025-02-26 01:00:00,-10.0,84.0,0.0,8.6,1025.0,8.0
2025-02-26 02:00:00,-9.9,84.0,0.0,7.2,1024.9,8.0
2025-02-26 03:00:00,-9.9,85.0,0.0,5.4,1024.8,8.0
2025-02-26 04:00:00,-9.8,84.0,0.0,8.6,1025.2,8.0
2025-02-26 05:00:00,-9.9,88.0,0.0,7.9,1025.2,8.0
2025-02-26 06:00:00,-10.0,88.0,0.0,5.4,1025.2,8.0
2025-02-26 07:00:00,-9.5,85.0,0.0,7.2,1025.5,8.0
2025-02-26 08:00:00,-8.1,76.0,0.0,7.9,1026.0,8.0
2025-02-26 09:00:00,-6.6,68.0,0.0,9.0,1026.4,8.0
2025-02-26 10:00:00,-5.7,71.0,0.0,9.7,1026.6,8.0
2025-02-26 11:00:00,-4.6,67.0,0.0,9.0,1026.7,8.0
2025-02-26 12:00:00,-3.8,63.0,0.0,7.6,1026.7,7.0
2025-02-26 13:00:00,-3.1,61.0,0.0,6.5,1026.4,6.0
2025-02-26 14:00:00,-2.8,60.0,0.0,5.4,1026.6,6.0
2025-02-26 15:00:00,-2.0,56.0,0.0,5.0,1026.6,5.0
2025-02-26 16:00:00,-2.3,56.0,0.0,6.8,1026.9,4.0
2025-02-26 17:00:00,-3.7,61.0,0.0,6.5,1027.2,0.0
2025-02-26 18:00:00,-5.2,69.0,0.0,8.6,1027.5,2.0
2025-02-26 19:00:00,-5.9,71.0,0.0,10.1,1028.2,7.0
2025-02-26 20:00:00,-6.9,74.0,0.0,9.0,1028.4,8.0
2025-02-26 21:00:00,-7.8,77.0,0.0,7.6,1028.7,8.0
2025-02-26 22:00:00,-8.2,79.0,0.0,8.3,1029.1,8.0
2025-02-26 23:00:00,-8.2,78.0,0.0,8.3,1029.5,8.0
2025-02-27 00:00:00,-8.5,81.0,0.0,6.8,1030.0,8.0
2025-02-27 01:00:00,-7.3,88.0,0.0,7.2,1029.8,4.0
2025-02-27 02:00:00,-7.9,90.0,0.0,6.8,1029.9,1.0
2025-02-27 03:00:00,-8.6,91.0,0.0,5.4,1029.8,2.0
2025-02-27 04:00:00,-8.7,93.0,0.0,2.5,1029.8,4.0
2025-02-27 05:00:00,-9.2,93.0,0.0,2.2,1030.3,4.0
2025-02-27 06:00:00,-9.7,95.0,0.0,1.8,1030.1,3.0
2025-02-27 07:00:00,-9.5,93.0,0.0,2.5,1030.1,8.0
2025-02-27 08:00:00,-7.1,92.0,0.0,4.3,1030.3,6.0
2025-02-27 09:00:00,-3.6,77.0,0.0,4.7,1030.6,1.0
2025-02-27 10:00:00,-1.5,66.0,0.0,5.0,1030.6,0.0
2025-02-27 11:00:00,-0.6,60.0,0.0,4.7,1030.3,0.0
2025-02-27 12:00:00,0.2,55.0,0.0,5.4,1030.1,0.0
2025-02-27 13:00:00,0.7,53.0,0.0,5.8,1029.5,0.0
2025-02-27 14:00:00,1.0,52.0,0.0,4.7,1029.0,0.0
2025-02-27 15:00:00,0.8,53.0,0.0,3.2,1028.9,0.0
2025-02-27 16:00:00,0.5,52.0,0.0,2.9,1028.4,0.0
2025-02-27 17:00:00,-1.8,62.0,0.0,2.2,1028.1,0.0
2025-02-27 18:00:00,-3.4,71.0,0.0,3.6,1028.2,0.0
2025-02-27 19:00:00,-3.9,73.0,0.0,4.7,1028.6,0.0
2025-02-27 20:00:00,-4.3,75.0,0.0,5.8,1028.5,0.0
2025-02-27 21:00:00,-4.9,77.0,0.0,6.5,1028.4,0.0
2025-02-27 22:00:00,-5.7,78.0,0.0,6.5,1028.7,0.0
2025-02-27 23:00:00,-6.1,79.0,0.0,6.1,1028.7,0.0
2025-02-28 00:00:00,-6.4,78.0,0.0,4.7,1028.6,0.0
2025-02-28 01:00:00,-6.8,79.0,0.0,4.3,1028.7,0.0
2025-02-28 02:00:00,-7.4,81.0,0.0,5.4,1028.8,0.0
2025-02-28 03:00:00,-8.0,83.0,0.0,5.4,1028.4,0.0
2025-02-28 04:00:00,-8.5,84.0,0.0,4.0,1028.3,0.0
2025-02-28 05:00:00,-8.9,86.0,0.0,4.7,1028.4,0.0
2025-02-28 06:00:00,-9.4,87.0,0.0,5.0,1028.2,0.0
2025-02-28 07:00:00,-7.5,83.0,0.0,9.0,1028.1,0.0
2025-02-28 08:00:00,-4.4,69.0,0.0,9.4,1028.2,0.0
2025-02-28 09:00:00,-1.3,56.0,0.0,7.2,1028.3,0.0
2025-02-28 10:00:00,1.1,45.0,0.0,9.0,1028.6,0.0
2025-02-28 11:00:00,2.5,43.0,0.0,9.0,1028.7,0.0
2025-02-28 12:00:00,3.0,38.0,0.0,8.3,1028.4,0.0
2025-02-28 13:00:00,3.4,37.0,0.0,9.7,1028.0,0.0
2025-02-28 14:00:00,3.4,37.0,0.0,11.2,1027.8,0.0
2025-02-28 15:00:00,2.9,38.0,0.0,12.6,1027.7,0.0
2025-02-28 16:00:00,1.9,41.0,0.0,12.6,1027.7,0.0
2025-02-28 17:00:00,-0.8,55.0,0.0,8.6,1027.9,0.0
2025-02-28 18:00:00,-2.8,69.0,0.0,10.8,1028.3,0.0
2025-02-28 19:00:00,-3.2,73.0,0.0,10.4,1028.6,0.0
2025-02-28 20:00:00,-3.8,76.0,0.0,10.4,1028.8,0.0
2025-02-28 21:00:00,-4.1,77.0,0.0,13.0,1029.2,0.0
2025-02-28 22:00:00,-4.3,80.0,0.0,12.6,1029.7,1.0
2025-02-28 23:00:00,-4.6,89.0,0.0,12.2,1030.1,1.0
2025-03-01 00:00:00,-5.3,92.0,0.0,10.8,1030.3,4.0
2025-03-01 01:00:00,-5.5,93.0,0.0,10.1,1030.7,8.0
2025-03-01 02:00:00,-4.8,93.0,0.0,10.8,1030.9,8.0
2025-03-01 03:00:00,-4.5,91.0,0.0,10.8,1030.8,8.0
2025-03-01 04:00:00,-4.6,89.0,0.0,10.8,1031.0,8.0
2025-03-01 05:00:00,-4.7,88.0,0.0,11.5,1031.2,8.0
2025-03-01 06:00:00,-5.1,88.0,0.0,10.1,1031.2,8.0
2025-03-01 07:00:00,-5.4,86.0,0.0,10.8,1031.2,8.0
2025-03-01 08:00:00,-4.7,77.0,0.0,11.5,1031.5,8.0
2025-03-01 09:00:00,-3.6,69.0,0.0,12.2,1031.5,7.0
2025-03-01 10:00:00,-2.1,62.0,0.0,11.2,1031.6,8.0
2025-03-01 11:00:00,-0.9,57.0,0.0,9.7,1031.5,8.0
2025-03-01 12:00:00,0.3,52.0,0.0,9.7,1031.3,7.0
2025-03-01 13:00:00,1.3,46.0,0.0,9.7,1030.8,6.0
2025-03-01 14:00:00,1.8,43.0,0.0,9.7,1030.5,7.0
2025-03-01 15:00:00,2.1,42.0,0.0,9.4,1030.3,8.0
2025-03-01 16:00:00,1.9,42.0,0.0,9.0,1030.0,8.0
2025-03-01 17:00:00,-0.4,51.0,0.0,4.7,1029.7,8.0
2025-03-01 18:00:00,-1.6,55.0,0.0,7.9,1029.8,8.0
2025-03-01 19:00:00,-1.2,58.0,0.0,12.6,1030.1,8.0
2025-03-01 20:00:00,-1.6,60.0,0.0,12.2,1030.2,8.0
2025-03-01 21:00:00,-2.1,62.0,0.0,11.9,1030.0,8.0
2025-03-01 22:00:00,-2.6,64.0,0.0,10.8,1030.1,8.0
2025-03-01 23:00:00,-2.3,64.0,0.0,11.2,1029.8,8.0
2025-03-02 00:00:00,-2.2,62.0,0.0,10.8,1029.2,8.0
2025-03-02 01:00:00,-2.3,65.0,0.0,10.4,1029.0,8.0
2025-03-02 02:00:00,-2.2,67.0,0.0,9.0,1028.9,8.0
2025-03-02 03:00:00,-2.3,70.0,0.0,8.6,1028.3,8.0
2025-03-02 04:00:00,-2.3,73.0,0.0,7.2,1028.0,8.0
2025-03-02 05:00:00,-2.6,76.0,0.0,8.3,1027.7,8.0
2025-03-02 06:00:00,-2.6,77.0,0.0,9.0,1027.3,8.0
2025-03-02 07:00:00,-2.4,77.0,0.0,8.3,1027.2,8.0
2025-03-02 08:00:00,-1.8,74.0,0.0,10.1,1027.2,8.0
2025-03-02 09:00:00,-1.3,71.0,0.0,10.4,1027.1,8.0
2025-03-02 10:00:00,-0.6,67.0,0.1,10.1,1026.7,8.0
2025-03-02 11:00:00,0.1,61.0,0.0,9.0,1026.5,8.0
2025-03-02 12:00:00,1.0,55.0,0.0,7.6,1025.9,8.0
2025-03-02 13:00:00,1.4,51.0,0.0,6.8,1025.3,8.0
2025-03-02 14:00:00,1.7,49.0,0.0,6.1,1024.8,8.0
2025-03-02 15:00:00,1.4,51.0,0.0,6.8,1024.3,8.0
2025-03-02 16:00:00,1.2,52.0,0.0,5.8,1023.4,8.0
2025-03-02 17:00:00,0.1,58.0,0.0,2.2,1023.4,8.0
2025-03-02 18:00:00,-0.3,60.0,0.0,3.2,1023.3,8.0
2025-03-02 19:00:00,-0.6,64.0,0.0,6.5,1023.5,8.0
2025-03-02 20:00:00,-0.8,68.0,0.0,7.9,1023.6,8.0
2025-03-02 21:00:00,-1.0,73.0,0.0,7.6,1023.3,8.0
2025-03-02 22:00:00,-1.3,76.0,0.0,7.2,1023.0,8.0
2025-03-02 23:00:00,-2.5,84.0,0.0,5.8,1022.5,8.0
2025-03-03 00:00:00,-3.0,86.0,0.0,6.8,1022.4,8.0
2025-03-03 01:00:00,-2.7,86.0,0.0,8.3,1022.2,8.0
2025-03-03 02:00:00,-2.8,88.0,0.0,7.2,1022.0,8.0
2025-03-03 03:00:00,-2.4,87.0,0.0,7.2,1021.6,7.0
2025-03-03 04:00:00,-2.8,90.0,0.0,9.7,1021.7,2.0
2025-03-03 05:00:00,-4.2,92.0,0.0,7.2,1021.8,1.0
2025-03-03 06:00:00,-4.6,94.0,0.0,6.5,1021.8,6.0
2025-03-03 07:00:00,-3.5,94.0,0.0,7.9,1021.6,6.0
2025-03-03 08:00:00,-1.4,84.0,0.0,7.9,1022.0,1.0
2025-03-03 09:00:00,1.0,76.0,0.0,5.8,1022.2,0.0
2025-03-03 10:00:00,3.0,66.0,0.0,8.6,1021.9,0.0
2025-03-03 11:00:00,4.4,58.0,0.0,11.9,1022.0,5.0
2025-03-03 12:00:00,5.5,50.0,0.0,15.5,1021.5,5.0
2025-03-03 13:00:00,5.7,51.0,0.0,16.6,1020.8,8.0
2025-03-03 14:00:00,5.4,55.0,0.0,17.6,1020.9,8.0
2025-03-03 15:00:00,5.0,55.0,0.0,17.3,1020.9,8.0
2025-03-03 16:00:00,4.0,58.0,0.0,18.0,1021.2,8.0
2025-03-03 17:00:00,2.8,66.0,0.0,14.0,1021.6,8.0
2025-03-03 18:00:00,1.6,72.0,0.0,12.2,1022.2,8.0
2025-03-03 19:00:00,1.4,73.0,0.0,12.2,1022.6,8.0
2025-03-03 20:00:00,1.1,74.0,0.0,11.9,1022.7,8.0
2025-03-03 21:00:00,0.9,75.0,0.0,13.7,1022.6,8.0
2025-03-03 22:00:00,1.0,77.0,0.0,16.2,1022.2,7.0
2025-03-03 23:00:00,0.2,83.0,0.0,15.1,1022.1,7.0
2025-03-04 00:00:00,-0.2,84.0,0.0,16.6,1022.0,8.0
2025-03-04 01:00:00,0.5,80.0,0.0,16.2,1022.1,8.0
2025-03-04 02:00:00,0.4,80.0,0.0,17.3,1021.7,8.0
2025-03-04 03:00:00,0.6,79.0,0.0,18.4,1021.4,8.0
2025-03-04 04:00:00,0.7,81.0,0.0,19.1,1020.8,8.0
2025-03-04 05:00:00,0.7,83.0,0.0,18.4,1020.9,8.0
2025-03-04 06:00:00,0.6,86.0,0.0,18.4,1021.1,8.0
2025-03-04 07:00:00,0.8,87.0,0.0,17.6,1021.0,7.0
2025-03-04 08:00:00,2.2,82.0,0.0,20.2,1021.1,7.0
2025-03-04 09:00:00,3.4,76.0,0.0,19.4,1020.9,8.0
2025-03-04 10:00:00,4.5,71.0,0.0,19.4,1021.4,8.0
2025-03-04 11:00:00,4.9,68.0,0.0,21.6,1020.8,8.0
2025-03-04 12:00:00,5.9,64.0,0.0,24.8,1020.9,8.0
2025-03-04 13:00:00,6.1,61.0,0.0,23.8,1020.7,8.0
2025-03-04 14:00:00,6.0,61.0,0.0,21.6,1019.9,8.0
2025-03-04 15:00:00,6.4,58.0,0.0,22.7,1020.3,8.0
2025-03-04 16:00:00,5.9,60.0,0.0,22.0,1019.9,8.0
2025-03-04 17:00:00,4.5,67.0,0.0,19.1,1019.3,8.0
2025-03-04 18:00:00,2.9,74.0,0.0,18.0,1019.1,5.0
2025-03-04 19:00:00,2.0,79.0,0.0,19.8,1019.3,4.0
2025-03-04 20:00:00,1.8,79.0,0.0,20.9,1019.2,8.0
2025-03-04 21:00:00,1.8,80.0,0.0,21.6,1019.2,8.0
2025-03-04 22:00:00,1.6,82.0,0.0,23.4,1019.0,8.0
2025-03-04 23:00:00,1.6,84.0,0.0,23.0,1018.8,7.0
2025-03-05 00:00:00,1.5,84.0,0.0,24.1,1017.9,7.0
2025-03-05 01:00:00,1.5,84.0,0.0,23.0,1018.2,8.0
2025-03-05 02:00:00,1.0,88.0,0.0,22.3,1018.1,8.0
2025-03-05 03:00:00,0.9,89.0,0.0,22.3,1017.8,8.0
2025-03-05 04:00:00,1.5,87.0,0.0,21.2,1017.6,8.0
2025-03-05 05:00:00,1.4,88.0,0.0,20.2,1018.0,7.0
2025-03-05 06:00:00,1.3,89.0,0.0,20.5,1018.2,7.0
2025-03-05 07:00:00,1.8,87.0,0.0,20.2,1018.8,8.0
2025-03-05 08:00:00,3.7,80.0,0.0,20.2,1019.1,8.0
2025-03-05 09:00:00,5.8,70.0,0.0,20.5,1019.4,8.0
2025-03-05 10:00:00,8.0,61.0,0.0,23.8,1019.8,8.0
2025-03-05 11:00:00,8.4,58.0,0.0,26.3,1019.9,7.0
2025-03-05 12:00:00,8.9,54.0,0.0,25.2,1020.0,8.0
2025-03-05 13:00:00,9.4,51.0,0.0,23.4,1019.6,8.0
2025-03-05 14:00:00,9.8,49.0,0.0,22.7,1019.1,6.0
2025-03-05 15:00:00,10.4,47.0,0.0,22.0,1018.9,7.0
2025-03-05 16:00:00,10.0,50.0,0.0,20.9,1018.7,7.0
2025-03-05 17:00:00,8.2,56.0,0.0,16.2,1018.8,8.0
2025-03-05 18:00:00,6.3,63.0,0.0,15.8,1018.9,8.0
2025-03-05 19:00:00,5.1,65.0,0.0,19.4,1019.0,8.0
2025-03-05 20:00:00,5.4,63.0,0.0,20.5,1018.8,8.0
2025-03-05 21:00:00,5.2,64.0,0.0,21.6,1018.8,8.0
2025-03-05 22:00:00,5.3,62.0,0.0,22.7,1018.9,8.0
2025-03-05 23:00:00,5.2,59.0,0.0,22.7,1019.0,8.0
2025-03-06 00:00:00,4.8,57.0,0.0,22.3,1018.9,6.0
2025-03-06 01:00:00,4.6,54.0,0.0,22.3,1019.2,6.0
2025-03-06 02:00:00,4.1,53.0,0.0,22.0,1019.2,8.0
2025-03-06 03:00:00,3.9,52.0,0.0,21.6,1019.0,8.0
2025-03-06 04:00:00,3.8,50.0,0.0,22.0,1019.0,8.0
2025-03-06 05:00:00,4.7,56.0,0.0,20.9,1019.3,8.0
2025-03-06 06:00:00,4.8,52.0,0.0,20.9,1019.2,8.0
2025-03-06 07:00:00,4.9,49.0,0.0,20.5,1019.2,6.0
2025-03-06 08:00:00,7.0,41.0,0.0,20.5,1019.6,5.0
2025-03-06 09:00:00,9.4,35.0,0.0,19.1,1019.8,8.0
2025-03-06 10:00:00,11.7,32.0,0.0,20.2,1020.0,8.0
2025-03-06 11:00:00,13.9,29.0,0.0,20.5,1020.1,8.0
2025-03-06 12:00:00,15.6,28.0,0.0,20.5,1019.9,4.0
2025-03-06 13:00:00,16.7,28.0,0.0,21.2,1019.4,8.0
2025-03-06 14:00:00,17.3,29.0,0.0,22.3,1019.2,4.0
2025-03-06 15:00:00,16.4,32.0,0.0,21.6,1019.2,0.0
2025-03-06 16:00:00,15.3,36.0,0.0,17.3,1019.4,2.0
2025-03-06 17:00:00,12.6,40.0,0.0,16.2,1019.5,1.0
2025-03-06 18:00:00,9.9,44.0,0.0,17.3,1020.2,0.0
2025-03-06 19:00:00,8.9,43.0,0.0,18.4,1020.8,0.0
2025-03-06 20:00:00,8.2,42.0,0.0,18.7,1021.4,0.0
2025-03-06 21:00:00,7.5,43.0,0.0,18.4,1021.9,2.0
2025-03-06 22:00:00,6.6,46.0,0.0,18.0,1022.4,8.0
2025-03-06 23:00:00,5.7,48.0,0.0,17.3,1023.0,8.0
2025-03-07 00:00:00,5.1,49.0,0.0,16.6,1023.3,7.0
2025-03-07 01:00:00,5.1,52.0,0.0,16.6,1022.9,1.0
2025-03-07 02:00:00,4.2,54.0,0.0,15.5,1023.2,0.0
2025-03-07 03:00:00,3.5,56.0,0.0,14.4,1023.1,0.0
2025-03-07 04:00:00,2.8,59.0,0.0,12.6,1023.4,0.0
2025-03-07 05:00:00,2.1,61.0,0.0,11.2,1023.6,0.0
2025-03-07 06:00:00,2.4,58.0,0.0,10.4,1023.5,0.0
2025-03-07 07:00:00,3.1,56.0,0.0,12.2,1023.7,0.0
2025-03-07 08:00:00,6.2,48.0,0.0,13.0,1024.2,0.0
2025-03-07 09:00:00,9.4,41.0,0.0,9.7,1024.3,0.0
2025-03-07 10:00:00,12.7,34.0,0.0,10.1,1024.5,0.0
2025-03-07 11:00:00,15.6,32.0,0.0,10.8,1024.1,2.0
2025-03-07 12:00:00,17.5,29.0,0.0,11.5,1023.7,4.0
2025-03-07 13:00:00,18.8,27.0,0.0,12.2,1023.1,3.0
2025-03-07 14:00:00,19.4,26.0,0.0,13.0,1022.5,1.0
2025-03-07 15:00:00,19.4,26.0,0.0,13.3,1022.3,1.0
2025-03-07 16:00:00,17.5,31.0,0.0,11.9,1022.0,0.0
2025-03-07 17:00:00,13.2,43.0,0.0,9.4,1022.0,2.0
2025-03-07 18:00:00,9.8,54.0,0.0,10.4,1022.3,7.0
2025-03-07 19:00:00,8.2,61.0,0.0,11.2,1022.6,6.0
2025-03-07 20:00:00,6.5,68.0,0.0,10.8,1022.6,3.0
2025-03-07 21:00:00,4.9,76.0,0.0,9.0,1022.2,7.0
2025-03-07 22:00:00,3.2,80.0,0.0,8.3,1022.3,8.0
2025-03-07 23:00:00,2.7,79.0,0.0,6.8,1022.2,8.0
2025-03-08 00:00:00,2.5,78.0,0.0,6.8,1022.2,8.0
2025-03-08 01:00:00,2.2,78.0,0.0,7.9,1022.3,8.0
2025-03-08 02:00:00,1.3,81.0,0.0,7.9,1022.4,8.0
2025-03-08 03:00:00,0.7,85.0,0.0,8.6,1022.2,8.0
2025-03-08 04:00:00,0.7,85.0,0.0,10.1,1022.1,8.0
2025-03-08 05:00:00,0.5,87.0,0.0,10.8,1022.0,8.0
2025-03-08 06:00:00,0.0,88.0,0.0,9.4,1021.9,8.0
2025-03-08 07:00:00,1.8,84.0,0.0,9.4,1021.7,7.0
2025-03-08 08:00:00,5.1,73.0,0.0,9.7,1021.8,8.0
2025-03-08 09:00:00,8.9,63.0,0.0,6.5,1021.8,7.0
2025-03-08 10:00:00,12.1,52.0,0.0,5.0,1021.8,7.0
2025-03-08 11:00:00,15.2,42.0,0.0,4.7,1021.9,8.0
2025-03-08 12:00:00,16.7,36.0,0.0,4.0,1021.3,8.0
2025-03-08 13:00:00,17.6,30.0,0.0,4.3,1020.8,8.0
2025-03-08 14:00:00,17.9,28.0,0.0,5.8,1020.4,8.0
2025-03-08 15:00:00,17.7,27.0,0.0,6.5,1020.0,8.0
2025-03-08 16:00:00,16.8,30.0,0.0,6.1,1019.7,8.0
2025-03-08 17:00:00,12.7,42.0,0.0,5.4,1019.6,8.0
2025-03-08 18:00:00,8.5,52.0,0.0,6.8,1019.9,8.0
2025-03-08 19:00:00,6.5,58.0,0.0,8.6,1019.9,7.0
2025-03-08 20:00:00,4.6,68.0,0.0,9.4,1020.0,3.0
2025-03-08 21:00:00,3.5,69.0,0.0,8.3,1019.8,1.0
2025-03-08 22:00:00,3.1,69.0,0.0,8.3,1020.0,1.0
2025-03-08 23:00:00,3.8,67.0,0.0,7.9,1019.5,1.0
2025-03-09 00:00:00,2.0,75.0,0.0,8.3,1019.9,2.0
2025-03-09 01:00:00,1.0,81.0,0.0,7.9,1020.1,6.0
2025-03-09 02:00:00,0.4,85.0,0.0,6.8,1019.9,8.0
2025-03-09 03:00:00,0.3,86.0,0.0,7.2,1019.7,8.0
2025-03-09 04:00:00,1.1,86.0,0.0,8.6,1019.9,8.0
2025-03-09 05:00:00,0.9,89.0,0.0,9.0,1019.8,8.0
2025-03-09 06:00:00,0.6,91.0,0.0,9.4,1019.7,8.0
2025-03-09 07:00:00,2.3,90.0,0.0,11.5,1019.8,8.0
2025-03-09 08:00:00,4.7,82.0,0.0,11.9,1020.0,8.0
2025-03-09 09:00:00,7.6,70.0,0.0,9.4,1020.0,8.0
2025-03-09 10:00:00,10.7,60.0,0.0,9.7,1020.0,8.0
2025-03-09 11:00:00,13.4,52.0,0.0,11.5,1019.7,8.0
2025-03-09 12:00:00,15.1,45.0,0.0,13.3,1019.2,8.0
2025-03-09 13:00:00,16.1,40.0,0.0,13.0,1018.6,7.0
2025-03-09 14:00:00,16.4,37.0,0.0,11.9,1017.9,6.0
2025-03-09 15:00:00,16.3,37.0,0.0,10.8,1017.5,7.0
2025-03-09 16:00:00,15.8,38.0,0.0,9.0,1017.3,7.0
2025-03-09 17:00:00,12.3,52.0,0.0,5.0,1017.3,7.0
2025-03-09 18:00:00,9.1,63.0,0.0,7.2,1017.5,8.0
2025-03-09 19:00:00,6.9,72.0,0.0,9.7,1018.3,8.0
2025-03-09 20:00:00,5.9,77.0,0.0,9.7,1018.3,8.0
2025-03-09 21:00:00,4.8,81.0,0.0,9.7,1018.5,8.0
2025-03-09 22:00:00,4.2,83.0,0.0,10.8,1018.7,8.0
2025-03-09 23:00:00,3.7,85.0,0.0,11.5,1018.5,8.0
2025-03-10 00:00:00,2.9,86.0,0.0,11.5,1018.1,8.0
2025-03-10 01:00:00,2.0,86.0,0.0,11.5,1018.1,8.0
2025-03-10 02:00:00,1.4,87.0,0.0,11.2,1017.9,8.0
2025-03-10 03:00:00,1.2,88.0,0.0,10.8,1017.6,8.0
2025-03-10 04:00:00,1.1,89.0,0.0,10.8,1017.4,8.0
2025-03-10 05:00:00,1.1,89.0,0.0,10.4,1017.4,8.0
2025-03-10 06:00:00,0.9,90.0,0.0,10.8,1017.5,8.0
2025-03-10 07:00:00,2.2,88.0,0.0,13.0,1017.4,8.0
2025-03-10 08:00:00,4.0,84.0,0.0,14.0,1017.4,8.0
2025-03-10 09:00:00,6.2,74.0,0.0,12.2,1017.3,8.0
2025-03-10 10:00:00,8.6,64.0,0.0,12.2,1017.0,8.0
2025-03-10 11:00:00,10.3,59.0,0.0,11.2,1016.6,8.0
2025-03-10 12:00:00,11.6,55.0,0.0,11.9,1016.1,7.0
2025-03-10 13:00:00,12.7,53.0,0.0,11.2,1015.2,8.0
2025-03-10 14:00:00,12.9,52.0,0.0,9.7,1014.9,8.0
2025-03-10 15:00:00,11.2,59.0,0.0,8.3,1014.8,8.0
2025-03-10 16:00:00,10.1,69.0,0.0,3.2,1014.9,8.0
2025-03-10 17:00:00,8.9,71.0,0.0,2.9,1014.5,6.0
2025-03-10 18:00:00,7.0,77.0,0.0,3.2,1014.7,4.0
2025-03-10 19:00:00,5.2,82.0,0.0,3.2,1014.7,0.0
2025-03-10 20:00:00,4.4,83.0,0.0,4.3,1014.3,0.0
2025-03-10 21:00:00,3.2,89.0,0.0,10.8,1014.5,0.0
2025-03-10 22:00:00,3.3,94.0,0.0,12.6,1014.8,0.0
2025-03-10 23:00:00,2.7,95.0,0.0,10.8,1014.7,7.0
2025-03-11 00:00:00,2.3,96.0,0.0,11.2,1014.5,7.0
2025-03-11 01:00:00,2.2,96.0,0.0,10.8,1014.3,0.0
2025-03-11 02:00:00,1.6,97.0,0.0,10.4,1014.4,0.0
2025-03-11 03:00:00,1.1,98.0,0.0,10.4,1014.1,7.0
2025-03-11 04:00:00,1.4,99.0,0.0,12.2,1014.1,8.0
2025-03-11 05:00:00,1.9,100.0,0.0,12.2,1014.1,8.0
2025-03-11 06:00:00,2.4,100.0,0.0,10.8,1014.1,8.0
2025-03-11 07:00:00,3.0,99.0,0.0,13.7,1014.0,8.0
2025-03-11 08:00:00,3.6,98.0,0.0,16.6,1014.2,8.0
2025-03-11 09:00:00,4.7,94.0,0.0,16.9,1014.2,8.0
2025-03-11 10:00:00,8.0,74.0,0.0,17.6,1013.9,8.0
2025-03-11 11:00:00,11.5,59.0,0.0,19.4,1012.9,7.0
2025-03-11 12:00:00,14.0,50.0,0.0,21.2,1011.9,8.0
2025-03-11 13:00:00,16.1,44.0,0.0,22.3,1010.7,8.0
2025-03-11 14:00:00,17.5,40.0,0.0,23.8,1010.2,8.0
2025-03-11 15:00:00,17.8,40.0,0.0,23.8,1010.0,8.0
2025-03-11 16:00:00,17.1,42.0,0.0,20.5,1009.6,8.0
2025-03-11 17:00:00,15.1,48.0,0.0,18.4,1009.7,8.0
2025-03-11 18:00:00,12.7,55.0,0.0,18.0,1010.0,8.0
2025-03-11 19:00:00,11.4,60.0,0.0,18.4,1010.5,8.0
2025-03-11 20:00:00,10.1,67.0,0.0,18.4,1010.8,8.0
2025-03-11 21:00:00,9.1,72.0,0.0,17.6,1010.4,8.0
2025-03-11 22:00:00,8.2,79.0,0.0,18.0,1010.4,8.0
2025-03-11 23:00:00,7.4,86.0,0.0,18.4,1010.3,8.0
2025-03-12 00:00:00,6.9,90.0,0.0,18.7,1010.1,8.0
2025-03-12 01:00:00,6.6,90.0,0.0,18.7,1009.7,8.0
2025-03-12 02:00:00,6.3,90.0,0.0,18.7,1009.6,7.0
2025-03-12 03:00:00,6.1,90.0,0.0,18.4,1009.2,8.0
2025-03-12 04:00:00,5.8,91.0,0.0,16.2,1009.1,8.0
2025-03-12 05:00:00,5.7,91.0,0.0,16.2,1008.6,7.0
2025-03-12 06:00:00,6.2,89.0,0.0,19.1,1008.3,5.0
2025-03-12 07:00:00,8.5,79.0,0.0,22.3,1007.9,0.0
2025-03-12 08:00:00,10.8,73.0,0.0,22.7,1007.7,5.0
2025-03-12 09:00:00,12.9,66.0,0.0,24.5,1007.8,8.0
2025-03-12 10:00:00,14.8,62.0,0.0,24.8,1007.9,8.0
2025-03-12 11:00:00,15.9,57.0,0.0,24.5,1008.3,8.0
2025-03-12 12:00:00,17.3,51.0,0.0,24.1,1008.2,8.0
2025-03-12 13:00:00,18.1,47.0,0.0,23.8,1008.0,7.0
2025-03-12 14:00:00,18.6,46.0,0.0,24.8,1008.0,6.0
2025-03-12 15:00:00,18.7,46.0,0.0,24.8,1008.0,3.0
2025-03-12 16:00:00,18.2,47.0,0.0,22.3,1008.0,6.0
2025-03-12 17:00:00,16.7,52.0,0.0,18.0,1008.0,6.0
2025-03-12 18:00:00,14.3,59.0,0.0,17.3,1008.4,8.0
2025-03-12 19:00:00,12.8,66.0,0.0,17.3,1009.2,8.0
2025-03-12 20:00:00,11.7,74.0,0.0,17.6,1009.8,8.0
2025-03-12 21:00:00,10.4,82.0,0.0,15.1,1010.3,8.0
2025-03-12 22:00:00,9.2,89.0,0.0,14.8,1011.1,8.0
2025-03-12 23:00:00,8.4,93.0,0.0,13.7,1011.5,8.0
2025-03-13 00:00:00,7.5,95.0,0.0,11.2,1012.0,8.0
2025-03-13 01:00:00,6.9,96.0,0.0,9.0,1012.4,8.0
2025-03-13 02:00:00,6.0,97.0,0.0,7.6,1012.5,8.0
2025-03-13 03:00:00,5.4,98.0,0.0,6.8,1012.4,8.0
2025-03-13 04:00:00,5.2,99.0,0.0,7.2,1012.3,8.0
2025-03-13 05:00:00,5.1,99.0,0.0,9.0,1012.4,7.0
2025-03-13 06:00:00,4.9,99.0,0.0,10.4,1012.1,8.0
2025-03-13 07:00:00,6.2,97.0,0.0,13.0,1012.3,6.0
2025-03-13 08:00:00,8.5,91.0,0.0,13.7,1012.3,5.0
2025-03-13 09:00:00,11.5,74.0,0.0,15.5,1012.2,8.0
2025-03-13 10:00:00,14.3,58.0,0.0,16.9,1011.7,8.0
2025-03-13 11:00:00,16.5,51.0,0.0,18.4,1011.1,8.0
2025-03-13 12:00:00,18.4,47.0,0.0,20.2,1010.5,8.0
2025-03-13 13:00:00,20.1,44.0,0.0,20.9,1009.7,8.0
2025-03-13 14:00:00,21.1,41.0,0.0,22.0,1008.9,8.0
2025-03-13 15:00:00,20.9,41.0,0.0,19.4,1008.6,8.0
2025-03-13 16:00:00,19.9,46.0,0.0,19.8,1007.8,8.0
2025-03-13 17:00:00,18.2,50.0,0.0,19.8,1007.5,8.0
2025-03-13 18:00:00,17.1,52.0,0.0,20.2,1007.5,8.0
2025-03-13 19:00:00,15.9,55.0,0.0,21.6,1008.0,8.0
2025-03-13 20:00:00,14.3,59.0,0.0,23.4,1007.8,8.0
2025-03-13 21:00:00,12.4,66.0,0.0,21.6,1007.7,8.0
2025-03-13 22:00:00,11.6,68.0,0.0,19.8,1007.6,7.0
2025-03-13 23:00:00,10.9,72.0,0.0,20.2,1007.8,8.0
2025-03-14 00:00:00,10.8,75.0,0.0,19.8,1007.6,8.0
2025-03-14 01:00:00,10.4,78.0,0.0,16.6,1007.6,8.0
2025-03-14 02:00:00,10.7,75.0,0.0,17.3,1007.3,8.0
2025-03-14 03:00:00,10.8,69.0,0.0,17.6,1007.2,4.0
2025-03-14 04:00:00,10.6,69.0,0.0,17.6,1007.3,8.0
2025-03-14 05:00:00,10.2,74.0,0.0,17.3,1008.0,8.0
2025-03-14 06:00:00,9.6,81.0,0.0,16.9,1008.3,8.0
2025-03-14 07:00:00,10.4,79.0,0.0,18.4,1009.0,8.0
2025-03-14 08:00:00,12.1,73.0,0.0,17.6,1010.0,8.0
2025-03-14 09:00:00,13.7,68.0,0.0,18.4,1010.7,8.0
2025-03-14 10:00:00,15.1,63.0,0.0,19.1,1011.2,8.0
2025-03-14 11:00:00,16.5,57.0,0.0,18.7,1011.4,3.0
2025-03-14 12:00:00,18.8,49.0,0.0,18.7,1011.5,1.0
2025-03-14 13:00:00,20.0,43.0,0.0,19.8,1011.6,0.0
2025-03-14 14:00:00,20.4,39.0,0.0,21.2,1011.7,1.0
2025-03-14 15:00:00,20.3,39.0,0.0,21.6,1012.1,0.0
2025-03-14 16:00:00,19.9,41.0,0.0,19.1,1012.2,0.0
2025-03-14 17:00:00,18.2,46.0,0.0,13.7,1012.4,0.0
2025-03-14 18:00:00,15.4,56.0,0.0,13.0,1013.5,0.0
2025-03-14 19:00:00,14.4,59.0,0.0,13.7,1013.8,1.0
2025-03-14 20:00:00,13.8,61.0,0.0,15.5,1014.3,7.0
2025-03-15 02:00:00,8.8,94.0,0.0,10.8,1014.9,8.0
2025-03-15 08:00:00,11.7,79.0,0.0,14.0,1014.4,8.0
2025-03-15 14:00:00,21.2,40.0,0.0,19.8,1011.6,8.0
2025-03-15 20:00:00,13.1,71.0,,11.2,1012.3,8.0
2025-03-16 02:00:00,8.9,88.0,,7.6,1012.6,8.0
2025-03-16 08:00:00,9.2,86.0,,2.5,1012.7,8.0
2025-03-16 14:00:00,18.0,54.0,,9.4,1011.4,8.0
2025-03-16 20:00:00,11.9,90.0,,9.7,1011.5,8.0
2025-03-17 02:00:00,8.5,96.0,,9.7,1010.0,2.0
2025-03-17 08:00:00,7.4,95.0,,12.6,1007.6,8.0
2025-03-17 14:00:00,8.4,77.0,,15.5,1006.7,8.0
2025-03-17 20:00:00,7.0,69.0,,10.8,1009.9,8.0
2025-03-18 02:00:00,2.5,60.0,,18.4,1012.5,8.0
2025-03-18 08:00:00,1.3,68.0,,21.6,1016.5,8.0
2025-03-18 14:00:00,4.8,41.0,,21.2,1019.8,8.0
2025-03-18 20:00:00,0.9,39.0,,14.4,1024.9,0.0
2025-03-19 02:00:00,-2.3,51.0,,12.6,1027.8,0.0
2025-03-19 08:00:00,-0.7,49.0,,16.2,1029.2,0.0
2025-03-19 14:00:00,4.6,28.0,,16.2,1027.2,8.0
2025-03-19 20:00:00,0.4,71.0,,12.6,1028.1,8.0
2025-03-20 02:00:00,-0.2,75.0,,13.3,1026.9,8.0
2025-03-20 08:00:00,-0.2,82.0,,16.6,1026.4,8.0
2025-03-20 14:00:00,1.6,74.0,,10.8,1025.3,8.0
2025-03-20 20:00:00,0.1,88.0,,8.6,1026.1,8.0
2025-03-21 02:00:00,-0.3,93.0,,5.8,1025.2,8.0
2025-03-21 08:00:00,0.8,84.0,,5.4,1025.2,8.0
2025-03-21 14:00:00,4.1,61.0,,5.8,1023.4,4.0
2025-03-21 16:00:00,11.0,42.0,,15.5,1024.7,1.0
2025-03-21 17:00:00,9.2,48.0,0.0,14.8,1024.8,0.0
2025-03-21 18:00:00,6.5,57.0,0.0,10.4,1025.0,1.0
2025-03-21 19:00:00,5.6,59.0,0.0,9.4,1025.2,1.0
2025-03-21 20:00:00,4.5,64.0,0.0,8.3,1025.3,1.0
2025-03-21 21:00:00,4.9,64.0,0.0,17.3,1025.0,1.0
2025-03-21 22:00:00,3.7,68.0,0.0,13.7,1025.4,0.0
2025-03-21 23:00:00,2.9,71.0,0.0,12.6,1025.4,0.0
2025-03-22 00:00:00,2.3,71.0,0.0,13.0,1025.5,0.0
2025-03-22 01:00:00,1.8,74.0,0.0,11.9,1025.4,0.0
2025-03-22 02:00:00,1.4,76.0,0.0,11.2,1025.2,0.0
2025-03-22 03:00:00,1.1,78.0,0.0,11.2,1024.7,0.0
2025-03-22 04:00:00,0.5,82.0,0.0,9.4,1024.6,0.0
2025-03-22 05:00:00,-0.2,86.0,0.0,7.6,1024.6,0.0
2025-03-22 06:00:00,-0.4,88.0,0.0,6.8,1024.6,0.0
2025-03-22 07:00:00,3.2,73.0,0.0,11.5,1024.9,0.0
2025-03-22 08:00:00,6.0,61.0,0.0,9.0,1025.0,0.0
2025-03-22 09:00:00,8.6,50.0,0.0,10.1,1025.2,1.0
2025-03-22 10:00:00,10.7,43.0,0.0,11.5,1025.1,0.0
2025-03-22 11:00:00,12.1,39.0,0.0,12.2,1025.2,0.0
2025-03-22 12:00:00,13.1,34.0,0.0,12.6,1025.0,0.0
2025-03-22 13:00:00,13.9,31.0,0.0,11.9,1024.8,3.0
2025-03-22 14:00:00,14.0,30.0,0.0,9.0,1024.5,5.0
2025-03-22 15:00:00,13.8,30.0,0.0,9.7,1024.4,6.0
2025-03-22 16:00:00,13.0,31.0,0.0,10.4,1024.3,7.0
2025-03-22 17:00:00,11.6,36.0,0.0,9.7,1024.5,7.0
2025-03-22 18:00:00,9.0,43.0,0.0,10.8,1025.0,6.0
2025-03-22 19:00:00,8.4,47.0,0.0,8.6,1025.4,7.0
2025-03-22 20:00:00,7.4,50.0,0.0,15.5,1025.8,8.0
2025-03-22 21:00:00,6.8,59.0,0.0,18.7,1026.7,7.0
2025-03-22 22:00:00,5.5,65.0,0.0,16.2,1027.1,6.0
2025-03-22 23:00:00,4.8,68.0,0.0,13.7,1027.3,8.0
2025-03-23 00:00:00,4.0,71.0,0.0,11.2,1027.5,5.0
2025-03-23 01:00:00,4.2,68.0,0.0,9.7,1027.5,3.0
2025-03-23 02:00:00,3.4,70.0,0.0,9.0,1027.5,0.0
2025-03-23 03:00:00,3.1,73.0,0.0,6.8,1027.9,1.0
2025-03-23 04:00:00,2.3,80.0,0.0,6.1,1028.3,4.0
2025-03-23 05:00:00,2.5,82.0,0.0,5.8,1028.5,5.0
2025-03-23 06:00:00,3.1,80.0,0.0,6.1,1028.8,4.0
2025-03-23 07:00:00,4.9,71.0,0.0,9.4,1029.1,6.0
2025-03-23 08:00:00,6.5,63.0,0.0,9.4,1029.5,8.0
2025-03-23 09:00:00,7.8,55.0,0.0,11.2,1030.0,8.0
2025-03-23 10:00:00,9.6,47.0,0.0,13.3,1030.0,8.0
2025-03-23 11:00:00,10.8,42.0,0.0,13.0,1030.1,8.0
2025-03-23 12:00:00,12.1,35.0,0.0,15.1,1030.0,8.0
2025-03-23 13:00:00,11.4,34.0,0.0,18.4,1029.4,8.0
2025-03-23 14:00:00,11.3,35.0,0.0,15.8,1029.2,8.0
2025-03-23 15:00:00,11.5,34.0,0.0,15.1,1028.9,8.0
2025-03-23 16:00:00,11.2,36.0,0.0,14.4,1028.8,8.0
2025-03-23 17:00:00,10.6,39.0,0.0,11.2,1029.0,8.0
2025-03-23 18:00:00,9.4,44.0,0.0,9.4,1028.5,8.0
2025-03-23 19:00:00,8.8,46.0,0.0,11.9,1029.1,8.0
2025-03-23 20:00:00,8.0,51.0,0.0,13.3,1029.4,8.0
2025-03-23 21:00:00,6.9,61.0,0.0,12.2,1029.7,8.0
2025-03-23 22:00:00,5.6,69.0,0.0,12.2,1030.0,8.0
2025-03-23 23:00:00,4.5,74.0,0.0,12.2,1029.8,8.0
2025-03-24 00:00:00,4.4,72.0,0.0,11.2,1030.3,8.0
2025-03-24 01:00:00,4.1,70.0,0.0,13.7,1030.3,8.0
2025-03-24 02:00:00,4.0,67.0,0.0,14.0,1030.0,8.0
2025-03-24 03:00:00,3.9,67.0,0.0,15.5,1030.0,8.0
2025-03-24 04:00:00,4.3,68.0,0.0,17.3,1029.7,8.0
2025-03-24 05:00:00,4.0,71.0,0.0,16.9,1029.8,8.0
2025-03-24 06:00:00,4.3,72.0,0.0,18.7,1029.9,8.0
2025-03-24 07:00:00,5.0,73.0,0.0,18.0,1030.1,8.0
2025-03-24 08:00:00,6.6,69.0,0.0,22.3,1029.8,8.0
2025-03-24 09:00:00,7.8,65.0,0.0,23.4,1029.7,8.0
2025-03-24 10:00:00,9.0,57.0,0.0,25.9,1029.5,8.0
2025-03-24 11:00:00,8.8,56.0,0.0,25.2,1029.3,8.0
2025-03-24 12:00:00,9.8,50.0,0.0,27.7,1028.8,8.0
2025-03-24 13:00:00,10.6,47.0,0.0,28.1,1028.4,8.0
2025-03-24 14:00:00,10.9,46.0,0.0,27.4,1027.7,8.0
2025-03-24 15:00:00,10.6,46.0,0.0,26.6,1027.2,8.0
2025-03-24 16:00:00,10.6,45.0,0.0,25.9,1026.8,8.0
2025-03-24 17:00:00,9.9,48.0,0.0,22.3,1026.7,8.0
2025-03-24 18:00:00,8.8,52.0,0.0,21.6,1026.0,7.0
2025-03-24 19:00:00,8.5,55.0,0.0,22.0,1025.9,8.0
2025-03-24 20:00:00,7.7,60.0,0.1,20.2,1025.9,8.0
2025-03-24 21:00:00,7.3,62.0,0.0,20.2,1025.3,7.0
2025-03-24 22:00:00,7.4,63.0,0.0,20.2,1025.2,8.0
2025-03-24 23:00:00,7.2,66.0,0.0,18.7,1024.4,8.0
2025-03-25 00:00:00,7.2,67.0,0.8,19.8,1023.6,8.0
2025-03-25 01:00:00,7.1,69.0,0.0,19.1,1023.0,8.0
2025-03-25 02:00:00,6.9,69.0,0.0,19.1,1022.2,8.0
2025-03-25 03:00:00,6.7,70.0,0.0,18.4,1021.6,8.0
2025-03-25 04:00:00,6.6,72.0,0.0,18.7,1021.3,8.0
2025-03-25 05:00:00,6.9,72.0,0.0,20.9,1020.9,8.0
2025-03-25 06:00:00,6.7,75.0,0.0,21.6,1020.4,8.0
2025-03-25 07:00:00,7.0,75.0,0.0,18.7,1020.3,8.0
2025-03-25 08:00:00,7.8,75.0,0.0,22.0,1020.0,8.0
2025-03-25 09:00:00,8.2,74.0,0.0,22.3,1019.2,8.0
2025-03-25 10:00:00,9.6,71.0,0.0,23.4,1018.7,8.0
2025-03-25 11:00:00,10.7,69.0,0.3,23.4,1017.8,8.0
2025-03-25 12:00:00,11.8,60.0,0.0,24.5,1017.5,8.0
2025-03-25 13:00:00,12.8,58.0,0.0,25.2,1016.4,8.0
2025-03-25 14:00:00,13.8,58.0,0.0,23.0,1015.8,8.0
2025-03-25 15:00:00,14.5,58.0,0.0,19.8,1015.8,8.0
2025-03-25 16:00:00,13.8,67.0,0.2,16.9,1015.2,8.0
2025-03-25 17:00:00,13.1,74.0,0.0,16.6,1014.7,8.0
2025-03-25 18:00:00,12.4,76.0,0.0,17.6,1014.8,7.0
2025-03-25 19:00:00,10.8,86.0,0.0,11.2,1015.0,7.0
2025-03-25 20:00:00,11.0,88.0,0.1,11.9,1015.3,7.0
2025-03-25 21:00:00,11.2,90.0,0.0,14.0,1015.6,8.0
2025-03-25 22:00:00,11.5,88.0,0.0,16.6,1015.6,8.0
2025-03-25 23:00:00,10.7,88.0,0.0,15.1,1015.8,8.0
2025-03-26 00:00:00,10.2,87.0,0.0,12.6,1015.5,7.0
2025-03-26 01:00:00,8.4,90.0,0.0,10.4,1015.7,8.0
2025-03-26 02:00:00,7.8,93.0,0.0,10.8,1015.8,8.0
2025-03-26 03:00:00,7.0,94.0,0.0,9.7,1016.0,8.0
2025-03-26 04:00:00,6.3,94.0,0.0,9.7,1016.0,5.0
2025-03-26 05:00:00,5.9,93.0,0.0,8.3,1016.2,2.0
2025-03-26 06:00:00,5.8,93.0,0.0,7.9,1016.5,1.0
2025-03-26 07:00:00,8.3,85.0,0.0,9.7,1016.5,1.0
2025-03-26 08:00:00,10.9,73.0,0.0,7.9,1016.7,2.0
2025-03-26 09:00:00,13.2,61.0,0.0,7.6,1016.9,2.0
2025-03-26 10:00:00,14.9,56.0,0.0,8.3,1016.8,4.0
2025-03-26 11:00:00,16.2,48.0,0.0,12.2,1016.5,7.0
2025-03-26 12:00:00,16.3,47.0,0.0,12.2,1016.1,7.0
2025-03-26 13:00:00,17.3,43.0,0.0,13.0,1015.5,7.0
2025-03-26 14:00:00,17.2,43.0,0.0,13.7,1015.3,8.0
2025-03-26 15:00:00,17.3,42.0,0.0,14.4,1015.1,7.0
2025-03-26 16:00:00,17.3,41.0,0.0,14.8,1014.8,7.0
2025-03-26 17:00:00,15.9,48.0,0.0,11.5,1015.1,4.0
2025-03-26 18:00:00,12.6,61.0,0.0,8.6,1015.4,6.0
2025-03-26 19:00:00,11.8,62.0,0.0,12.2,1016.5,7.0
2025-03-26 20:00:00,10.1,63.0,0.0,13.3,1017.4,4.0
2025-03-26 21:00:00,8.2,66.0,0.0,13.0,1017.6,0.0
2025-03-26 22:00:00,7.5,65.0,0.0,13.0,1017.4,1.0
2025-03-26 23:00:00,6.8,68.0,0.0,13.3,1017.4,0.0
2025-03-27 00:00:00,5.9,77.0,0.0,11.9,1017.4,5.0
2025-03-27 01:00:00,5.1,86.0,0.0,10.8,1017.3,6.0
2025-03-27 02:00:00,4.5,90.0,0.0,10.1,1017.2,7.0
2025-03-27 03:00:00,4.5,90.0,0.0,10.4,1017.4,8.0
2025-03-27 04:00:00,4.2,92.0,0.0,10.8,1017.2,8.0
2025-03-27 05:00:00,3.8,93.0,0.0,9.7,1016.8,8.0
2025-03-27 06:00:00,4.2,92.0,0.0,9.7,1017.2,8.0
2025-03-27 07:00:00,6.1,82.0,0.0,9.7,1017.6,8.0
2025-03-27 08:00:00,8.8,69.0,0.0,7.6,1017.6,8.0
2025-03-27 09:00:00,11.2,56.0,0.0,8.6,1017.5,8.0
2025-03-27 10:00:00,13.2,47.0,0.0,6.8,1017.8,8.0
2025-03-27 11:00:00,14.7,41.0,0.0,6.1,1017.4,8.0
2025-03-27 12:00:00,15.8,37.0,0.0,4.7,1016.8,8.0
2025-03-27 13:00:00,16.3,33.0,0.0,3.6,1016.6,8.0
2025-03-27 14:00:00,16.8,32.0,0.0,3.6,1016.0,8.0
2025-03-27 15:00:00,16.8,32.0,0.0,5.0,1015.9,8.0
2025-03-27 16:00:00,16.1,33.0,0.0,5.0,1015.6,8.0
2025-03-27 17:00:00,15.5,43.0,0.0,5.0,1015.6,8.0
2025-03-27 18:00:00,13.2,43.0,0.0,6.5,1015.5,8.0
2025-03-27 19:00:00,12.3,47.0,0.0,7.9,1016.1,8.0
2025-03-27 20:00:00,12.1,52.0,0.0,12.2,1016.8,8.0
2025-03-27 21:00:00,10.8,58.0,0.0,12.6,1016.9,8.0
2025-03-27 22:00:00,10.7,57.0,0.0,12.2,1016.9,8.0
2025-03-27 23:00:00,10.9,56.0,0.0,9.0,1016.3,8.0
2025-03-28 00:00:00,10.7,57.0,0.0,6.8,1016.4,8.0
2025-03-28 01:00:00,10.2,63.0,0.2,7.9,1016.7,8.0
2025-03-28 02:00:00,9.0,78.0,0.5,9.0,1016.7,8.0
2025-03-28 03:00:00,8.3,81.0,0.0,8.6,1016.2,7.0
2025-03-28 04:00:00,8.5,78.0,0.0,9.0,1015.9,3.0
2025-03-28 05:00:00,7.8,80.0,0.0,11.2,1016.3,7.0
2025-03-28 06:00:00,7.7,80.0,0.0,13.3,1016.7,5.0
2025-03-28 07:00:00,9.2,73.0,0.0,14.4,1016.8,1.0
2025-03-28 08:00:00,11.2,63.0,0.0,14.8,1016.7,0.0
2025-03-28 09:00:00,13.1,52.0,0.0,15.1,1017.0,8.0
2025-03-28 10:00:00,14.6,45.0,0.0,16.9,1016.8,8.0
2025-03-28 11:00:00,15.6,40.0,0.0,15.5,1016.4,8.0
2025-03-28 12:00:00,16.5,37.0,0.0,14.4,1015.9,6.0
2025-03-28 13:00:00,17.2,34.0,0.0,14.4,1015.2,2.0
2025-03-28 14:00:00,17.7,32.0,0.0,14.0,1014.6,2.0
2025-03-28 15:00:00,17.7,32.0,0.0,14.8,1014.1,1.0
2025-03-28 16:00:00,17.4,32.0,0.0,15.8,1013.8,1.0
2025-03-28 17:00:00,16.6,34.0,0.0,14.0,1013.7,3.0
2025-03-28 18:00:00,13.8,42.0,0.0,10.4,1013.6,8.0
2025-03-28 19:00:00,11.8,49.0,0.0,14.0,1014.1,7.0
2025-03-28 20:00:00,10.8,53.0,0.0,15.1,1014.3,6.0
2025-03-28 21:00:00,9.9,59.0,0.0,14.4,1014.5,2.0
2025-03-28 22:00:00,9.0,71.0,0.0,11.9,1014.5,3.0
2025-03-28 23:00:00,8.5,81.0,0.0,11.9,1014.1,2.0
2025-03-29 00:00:00,8.4,82.0,0.0,13.3,1013.8,4.0
2025-03-29 01:00:00,8.0,85.0,0.0,12.6,1013.6,7.0
2025-03-29 02:00:00,7.3,86.0,0.0,13.0,1013.4,7.0
2025-03-29 03:00:00,6.6,88.0,0.0,13.0,1013.1,3.0
2025-03-29 04:00:00,6.4,88.0,0.0,14.4,1012.6,0.0
2025-03-29 05:00:00,6.2,88.0,0.0,15.5,1012.6,7.0
2025-03-29 06:00:00,6.4,87.0,0.0,17.6,1012.6,8.0
2025-03-29 07:00:00,8.1,78.0,0.0,17.3,1012.6,8.0
2025-03-29 08:00:00,10.3,68.0,0.0,18.7,1012.6,8.0
2025-03-29 09:00:00,12.8,56.0,0.0,20.5,1012.5,6.0
2025-03-29 10:00:00,13.1,60.0,0.0,22.7,1012.4,8.0
2025-03-29 11:00:00,14.3,55.0,0.0,24.5,1012.1,8.0
2025-03-29 12:00:00,16.1,46.0,0.0,25.6,1011.8,6.0
2025-03-29 13:00:00,17.1,44.0,0.0,26.6,1011.1,8.0
2025-03-29 14:00:00,16.4,46.0,0.0,26.6,1010.6,8.0
2025-03-29 15:00:00,18.3,36.0,0.0,27.0,1010.2,8.0
2025-03-29 16:00:00,17.6,38.0,0.0,24.5,1009.9,8.0
2025-03-29 17:00:00,16.4,42.0,0.0,24.5,1010.0,8.0
2025-03-29 18:00:00,14.0,57.0,0.3,23.0,1010.4,7.0
2025-03-29 19:00:00,13.3,57.0,0.0,20.5,1010.7,8.0
2025-03-29 20:00:00,13.0,55.0,0.0,21.6,1010.8,7.0
2025-03-29 21:00:00,12.3,57.0,0.0,21.2,1011.0,6.0
2025-03-29 22:00:00,11.3,65.0,0.0,22.0,1011.1,8.0
2025-03-29 23:00:00,10.2,74.0,0.0,20.2,1010.8,8.0
2025-03-30 00:00:00,9.5,77.0,0.0,19.4,1010.6,8.0
2025-03-30 01:00:00,9.0,79.0,0.0,19.1,1010.7,8.0
2025-03-30 02:00:00,7.9,90.0,1.4,20.5,1010.4,8.0
2025-03-30 04:00:00,7.6,91.0,0.3,19.8,1010.2,8.0
2025-03-30 05:00:00,7.4,91.0,0.1,20.2,1009.9,8.0
2025-03-30 06:00:00,7.5,90.0,0.0,20.9,1009.6,8.0
2025-03-30 07:00:00,7.6,89.0,0.0,17.6,1009.8,8.0
2025-03-30 08:00:00,7.8,95.0,0.0,19.1,1010.4,8.0
2025-03-30 09:00:00,8.5,89.0,0.2,23.0,1010.1,8.0
2025-03-30 10:00:00,9.1,87.0,0.0,23.4,1010.1,8.0
2025-03-30 11:00:00,10.8,76.0,0.0,22.0,1009.9,8.0
2025-03-30 12:00:00,11.0,77.0,0.0,20.5,1009.8,8.0
2025-03-30 13:00:00,13.9,68.0,0.0,17.6,1009.1,8.0
2025-03-30 14:00:00,15.0,66.0,0.0,16.6,1008.6,8.0
2025-03-30 15:00:00,16.4,62.0,0.0,12.6,1008.2,8.0
2025-03-30 16:00:00,17.3,58.0,0.0,10.8,1007.6,8.0
2025-03-30 17:00:00,17.3,59.0,0.0,10.1,1007.3,8.0
2025-03-30 18:00:00,15.6,68.0,0.0,9.7,1007.6,7.0
2025-03-30 19:00:00,13.8,76.0,0.0,10.8,1007.2,8.0
2025-03-30 20:00:00,12.2,83.0,0.0,13.7,1007.7,8.0
2025-03-30 21:00:00,11.3,86.0,0.0,15.5,1007.9,8.0
2025-03-30 22:00:00,11.1,86.0,0.0,13.7,1008.0,8.0
2025-03-30 23:00:00,11.6,88.0,0.0,10.8,1007.8,8.0
2025-03-31 00:00:00,11.4,88.0,0.0,6.5,1007.6,8.0
2025-03-31 01:00:00,11.6,88.0,0.0,9.7,1007.4,8.0
2025-03-31 02:00:00,11.3,87.0,0.0,11.2,1007.0,8.0
2025-03-31 03:00:00,10.5,89.0,0.2,10.8,1006.7,8.0
2025-03-31 04:00:00,9.8,95.0,0.8,10.1,1006.6,8.0
2025-03-31 05:00:00,9.6,96.0,2.0,10.8,1006.0,8.0
2025-03-31 06:00:00,9.4,96.0,3.9,12.6,1006.2,8.0
2025-03-31 07:00:00,9.3,97.0,1.8,14.0,1006.2,8.0
2025-03-31 08:00:00,9.5,97.0,2.1,13.0,1006.1,8.0
2025-03-31 09:00:00,10.8,92.0,0.2,13.0,1006.5,8.0
2025-03-31 10:00:00,10.7,94.0,1.0,11.9,1006.5,8.0
2025-03-31 11:00:00,12.1,86.0,0.2,12.6,1006.7,8.0
2025-03-31 12:00:00,12.7,85.0,0.5,8.3,1006.8,8.0
2025-03-31 13:00:00,12.8,86.0,0.7,5.8,1007.2,8.0
2025-03-31 14:00:00,12.5,92.0,0.4,7.9,1006.9,8.0
2025-03-31 15:00:00,12.5,93.0,0.8,5.4,1006.9,8.0
2025-03-31 16:00:00,12.9,90.0,0.4,4.7,1007.0,8.0
2025-03-31 17:00:00,12.9,90.0,0.2,7.9,1007.2,8.0
2025-03-31 18:00:00,12.7,91.0,0.0,8.6,1007.6,8.0
2025-03-31 19:00:00,11.9,94.0,0.0,6.8,1008.2,8.0
2025-03-31 20:00:00,10.9,94.0,0.0,7.6,1008.8,8.0
2025-03-31 21:00:00,10.4,96.0,0.0,6.8,1009.2,8.0
2025-03-31 22:00:00,10.0,97.0,0.0,6.5,1009.7,8.0
2025-03-31 23:00:00,10.2,97.0,0.0,8.3,1010.0,8.0
2025-04-01 00:00:00,10.1,97.0,0.0,7.6,1009.9,8.0
2025-04-01 01:00:00,10.2,97.0,0.0,11.2,1009.9,8.0
2025-04-01 02:00:00,10.1,97.0,0.1,11.2,1010.1,8.0
2025-04-01 03:00:00,9.6,98.0,0.0,11.2,1010.2,8.0
2025-04-01 04:00:00,9.3,98.0,0.0,12.2,1010.3,8.0
2025-04-01 05:00:00,9.0,98.0,0.1,14.8,1010.3,7.0
2025-04-01 06:00:00,8.6,96.0,0.0,14.8,1010.5,5.0
2025-04-01 07:00:00,8.8,94.0,0.0,16.2,1011.0,8.0
2025-04-01 08:00:00,10.2,89.0,0.0,17.6,1011.3,8.0
2025-04-01 09:00:00,11.0,82.0,0.0,18.0,1011.7,8.0
2025-04-01 10:00:00,11.0,80.0,0.0,19.4,1012.2,8.0
2025-04-01 11:00:00,12.0,75.0,0.0,19.8,1012.3,7.0
2025-04-01 12:00:00,14.9,64.0,0.0,22.3,1012.2,3.0
2025-04-01 13:00:00,16.3,56.0,0.0,23.4,1012.1,4.0
2025-04-01 14:00:00,17.2,50.0,0.0,23.4,1012.0,3.0
2025-04-01 15:00:00,17.2,48.0,0.0,22.3,1011.7,7.0
2025-04-01 16:00:00,16.7,51.0,0.0,19.4,1011.8,4.0
2025-04-01 17:00:00,16.7,51.0,0.0,16.6,1011.6,4.0
2025-04-01 18:00:00,16.0,53.0,0.0,12.6,1011.6,3.0
2025-04-01 19:00:00,13.7,62.0,0.0,6.5,1011.5,2.0
2025-04-01 20:00:00,11.2,71.0,0.0,9.0,1011.9,0.0
2025-04-01 21:00:00,10.6,72.0,0.0,11.2,1012.2,1.0
2025-04-01 22:00:00,10.4,70.0,0.0,10.1,1012.2,2.0
2025-04-01 23:00:00,9.2,76.0,0.0,9.0,1012.2,2.0
2025-04-02 00:00:00,8.1,83.0,0.0,9.0,1012.1,1.0
2025-04-02 01:00:00,7.6,87.0,0.0,7.6,1011.9,0.0
2025-04-02 02:00:00,7.1,91.0,0.0,8.6,1011.8,1.0
2025-04-02 03:00:00,6.2,95.0,0.0,5.8,1011.4,0.0
2025-04-02 04:00:00,5.8,98.0,0.0,7.2,1011.1,0.0
2025-04-02 05:00:00,5.2,99.0,0.0,5.4,1010.7,5.0
2025-04-02 06:00:00,5.3,99.0,0.0,5.4,1010.5,2.0
2025-04-02 07:00:00,6.2,99.0,0.0,6.5,1010.4,6.0
2025-04-02 08:00:00,8.0,96.0,0.0,7.2,1010.5,8.0
2025-04-02 09:00:00,10.3,89.0,0.0,6.1,1010.7,4.0
2025-04-02 10:00:00,13.1,75.0,0.0,4.7,1010.7,2.0
2025-04-02 11:00:00,15.1,66.0,0.0,7.2,1010.1,8.0
2025-04-02 12:00:00,16.4,56.0,0.0,8.6,1009.4,8.0
2025-04-02 13:00:00,17.1,52.0,0.0,8.3,1009.1,8.0
2025-04-02 14:00:00,18.1,48.0,0.0,8.6,1009.1,4.0
2025-04-02 15:00:00,18.6,45.0,0.0,9.0,1008.7,8.0
2025-04-02 16:00:00,18.0,44.0,0.0,7.9,1008.6,8.0
2025-04-02 17:00:00,18.0,43.0,0.0,9.4,1008.2,8.0
2025-04-02 18:00:00,17.2,48.0,0.0,14.8,1008.2,8.0
2025-04-02 19:00:00,13.7,76.0,0.0,13.3,1008.9,8.0
2025-04-02 20:00:00,12.2,90.0,0.2,10.4,1009.2,8.0
2025-04-02 21:00:00,12.0,93.0,0.2,3.2,1009.2,8.0
2025-04-02 22:00:00,11.6,94.0,0.0,8.3,1009.3,8.0
2025-04-02 23:00:00,11.6,93.0,0.0,9.4,1009.4,8.0
2025-04-03 00:00:00,11.4,94.0,0.2,10.4,1009.6,8.0
2025-04-03 01:00:00,11.1,93.0,0.0,12.2,1009.7,8.0
2025-04-03 02:00:00,11.3,86.0,0.0,15.8,1009.4,7.0
2025-04-03 03:00:00,10.7,89.0,0.0,15.8,1009.7,8.0
2025-04-03 04:00:00,10.6,90.0,0.7,16.9,1009.7,8.0
2025-04-03 05:00:00,10.1,94.0,1.1,18.7,1009.7,8.0
2025-04-03 06:00:00,10.0,91.0,0.0,19.4,1010.0,7.0
2025-04-03 07:00:00,10.7,88.0,0.0,21.2,1010.3,8.0
2025-04-03 08:00:00,11.6,82.0,0.0,22.3,1010.6,8.0
2025-04-03 09:00:00,12.7,76.0,0.0,22.0,1010.9,8.0
2025-04-03 10:00:00,14.3,71.0,0.0,25.6,1011.2,8.0
2025-04-03 11:00:00,14.8,69.0,0.0,24.1,1011.6,8.0
2025-04-03 12:00:00,17.2,60.0,0.0,22.7,1011.7,8.0
2025-04-03 13:00:00,17.7,59.0,0.0,20.5,1011.8,8.0
2025-04-03 14:00:00,18.1,58.0,0.0,20.5,1011.8,8.0
2025-04-03 15:00:00,18.4,56.0,0.0,22.3,1012.0,8.0
2025-04-03 16:00:00,15.3,75.0,1.4,20.9,1013.0,8.0
2025-04-03 17:00:00,14.9,76.0,0.6,20.2,1013.5,8.0
2025-04-03 18:00:00,14.4,75.0,0.1,19.4,1013.6,8.0
2025-04-03 19:00:00,13.7,74.0,0.0,16.6,1014.2,8.0
2025-04-03 20:00:00,13.4,74.0,0.0,14.8,1014.9,8.0
2025-04-03 21:00:00,13.4,72.0,0.0,13.3,1015.5,8.0
2025-04-03 22:00:00,12.3,81.0,0.0,10.4,1016.0,8.0
2025-04-03 23:00:00,11.9,81.0,0.0,9.7,1016.2,8.0
2025-04-04 00:00:00,11.7,79.0,0.0,10.1,1016.2,8.0
2025-04-04 01:00:00,11.5,78.0,0.0,10.8,1016.5,8.0
2025-04-04 02:00:00,10.6,82.0,0.0,10.1,1016.6,7.0
2025-04-04 03:00:00,10.0,83.0,0.0,9.7,1016.5,6.0
2025-04-04 04:00:00,9.5,83.0,0.0,9.4,1016.4,8.0
2025-04-04 05:00:00,9.6,80.0,0.0,9.0,1016.1,8.0
2025-04-04 06:00:00,9.6,78.0,0.0,9.0,1016.2,8.0
2025-04-04 07:00:00,10.0,76.0,0.0,9.4,1016.4,8.0
2025-04-04 08:00:00,10.3,80.0,0.0,8.3,1016.7,5.0
2025-04-04 09:00:00,12.5,70.0,0.0,6.1,1016.9,2.0
2025-04-04 10:00:00,15.1,60.0,0.0,5.4,1016.9,2.0
2025-04-04 11:00:00,17.0,51.0,0.0,5.8,1016.5,1.0
2025-04-04 12:00:00,18.3,44.0,0.0,6.5,1016.0,8.0
2025-04-04 13:00:00,18.6,45.0,0.0,4.7,1015.4,4.0
2025-04-04 14:00:00,18.9,44.0,0.0,4.7,1014.7,5.0
2025-04-04 15:00:00,18.7,44.0,0.0,6.1,1013.9,6.0
2025-04-04 16:00:00,19.0,43.0,0.0,5.8,1013.1,6.0
2025-04-04 17:00:00,18.8,43.0,0.0,5.8,1012.7,8.0
2025-04-04 18:00:00,17.7,49.0,0.0,11.5,1011.7,8.0
2025-04-04 19:00:00,15.2,63.0,0.0,11.2,1011.4,2.0
2025-04-04 20:00:00,12.9,76.0,0.0,10.1,1011.6,1.0
2025-04-04 21:00:00,11.9,84.0,0.0,9.7,1011.6,2.0
2025-04-04 22:00:00,11.3,89.0,0.0,10.8,1011.3,3.0
2025-04-04 23:00:00,10.8,93.0,0.0,10.1,1011.3,8.0
2025-04-05 00:00:00,11.4,92.0,0.0,8.6,1011.0,8.0
2025-04-05 01:00:00,11.4,92.0,0.0,9.0,1010.5,8.0
2025-04-05 02:00:00,11.1,94.0,0.0,9.4,1009.6,7.0
2025-04-05 03:00:00,10.8,95.0,0.0,9.7,1009.0,8.0
2025-04-05 04:00:00,10.7,96.0,0.0,11.2,1008.3,3.0
2025-04-05 05:00:00,10.3,97.0,0.0,11.9,1007.7,3.0
2025-04-05 06:00:00,9.9,98.0,0.0,13.3,1007.2,4.0
2025-04-05 07:00:00,10.1,97.0,1.0,14.4,1007.1,7.0
2025-04-05 08:00:00,10.9,94.0,0.3,13.0,1006.6,6.0
2025-04-05 09:00:00,11.4,89.0,0.0,16.9,1006.4,8.0
2025-04-05 10:00:00,12.2,83.0,0.0,19.1,1006.2,8.0
2025-04-05 11:00:00,12.9,79.0,0.0,19.1,1005.9,8.0
2025-04-05 12:00:00,12.9,79.0,0.2,20.5,1005.5,8.0
2025-04-05 13:00:00,14.1,71.0,0.0,21.6,1004.5,5.0
2025-04-05 14:00:00,16.1,62.0,0.0,21.2,1003.5,4.0
2025-04-05 15:00:00,16.6,58.0,0.0,22.7,1002.7,3.0
2025-04-05 16:00:00,16.2,58.0,0.0,22.0,1001.8,1.0
2025-04-05 17:00:00,16.0,58.0,0.0,21.2,1000.9,1.0
2025-04-05 18:00:00,15.1,61.0,0.0,20.2,1000.5,2.0
2025-04-05 19:00:00,13.6,66.0,0.0,15.8,1000.2,2.0
2025-04-05 20:00:00,13.0,68.0,0.0,21.2,1000.4,8.0
2025-04-05 21:00:00,11.9,73.0,0.0,21.2,1000.9,5.0
2025-04-05 22:00:00,10.7,78.0,0.0,21.2,1000.9,8.0
2025-04-05 23:00:00,10.8,77.0,0.0,23.8,1000.9,8.0
2025-04-06 00:00:00,10.0,82.0,0.0,22.7,1000.8,8.0
2025-04-06 01:00:00,9.4,85.0,0.0,20.2,1000.6,8.0
2025-04-06 02:00:00,9.4,86.0,0.0,19.1,1000.5,8.0
2025-04-06 03:00:00,9.5,87.0,0.0,18.4,1000.1,8.0
2025-04-06 04:00:00,9.5,89.0,0.0,18.7,999.8,8.0
2025-04-06 05:00:00,9.4,91.0,0.0,19.8,999.2,8.0
2025-04-06 06:00:00,9.5,93.0,0.0,22.3,998.9,8.0
2025-04-06 07:00:00,9.6,94.0,0.0,22.0,998.7,8.0
2025-04-06 08:00:00,9.8,93.0,0.1,24.5,998.2,8.0
2025-04-06 09:00:00,10.6,87.0,0.0,28.4,998.2,8.0
2025-04-06 10:00:00,11.4,81.0,0.4,25.9,998.8,8.0
2025-04-06 11:00:00,12.1,74.0,0.7,31.0,999.1,8.0
2025-04-06 12:00:00,12.8,75.0,0.3,28.4,999.1,8.0
2025-04-06 13:00:00,14.5,66.0,0.0,32.4,998.7,8.0
2025-04-06 14:00:00,13.3,76.0,1.8,25.2,999.2,7.0
2025-04-06 15:00:00,14.5,69.0,0.9,28.1,999.1,8.0
2025-04-06 16:00:00,12.9,76.0,0.3,24.5,999.8,8.0
2025-04-06 17:00:00,12.5,72.0,0.0,23.4,1000.6,8.0
2025-04-06 18:00:00,10.6,71.0,0.0,20.9,1001.6,8.0
2025-04-06 19:00:00,9.2,69.0,0.0,19.1,1002.5,8.0
2025-04-06 20:00:00,7.9,67.0,0.0,17.6,1004.4,8.0
2025-04-06 21:00:00,6.6,69.0,0.0,15.5,1005.6,8.0
2025-04-06 22:00:00,6.4,67.0,0.0,15.1,1006.7,8.0
2025-04-06 23:00:00,6.4,63.0,0.0,13.7,1007.1,8.0
2025-04-07 00:00:00,6.1,62.0,0.0,11.5,1007.7,8.0
2025-04-07 01:00:00,5.8,63.0,0.0,10.8,1008.0,8.0
2025-04-07 02:00:00,5.4,58.0,0.0,12.6,1008.8,8.0
2025-04-07 03:00:00,5.2,58.0,0.0,11.2,1009.0,8.0
2025-04-07 04:00:00,5.3,60.0,0.0,15.8,1009.3,8.0
2025-04-07 05:00:00,4.6,64.0,0.0,16.6,1009.3,8.0
2025-04-07 06:00:00,2.7,69.0,0.0,16.9,1010.1,8.0
2025-04-07 07:00:00,2.0,69.0,0.0,15.5,1011.1,5.0
2025-04-07 08:00:00,2.4,67.0,0.0,15.8,1011.7,8.0
2025-04-07 09:00:00,3.7,58.0,0.0,16.2,1012.0,8.0
2025-04-07 10:00:00,5.0,50.0,0.0,14.0,1012.1,8.0
2025-04-07 11:00:00,5.2,48.0,0.0,13.0,1012.4,8.0
2025-04-07 12:00:00,6.5,44.0,0.0,11.2,1012.2,8.0
2025-04-07 13:00:00,6.6,42.0,0.0,10.8,1012.2,8.0
2025-04-07 14:00:00,7.1,40.0,0.0,11.9,1012.4,8.0
2025-04-07 15:00:00,6.3,47.0,0.1,11.9,1012.1,8.0
2025-04-07 16:00:00,5.3,57.0,0.2,10.1,1012.1,8.0
2025-04-07 17:00:00,5.1,52.0,0.1,9.0,1012.4,8.0
2025-04-07 18:00:00,4.7,52.0,0.1,7.2,1012.2,8.0
2025-04-07 19:00:00,4.5,53.0,0.0,5.4,1012.3,8.0
2025-04-07 20:00:00,4.2,59.0,0.0,6.1,1012.8,8.0
2025-04-07 21:00:00,3.8,65.0,0.0,8.6,1013.3,8.0
2025-04-07 22:00:00,3.4,67.0,0.0,9.7,1013.4,8.0
2025-04-07 23:00:00,3.4,58.0,0.0,15.1,1013.6,8.0
2025-04-08 00:00:00,3.0,52.0,0.0,12.2,1014.0,8.0
2025-04-08 01:00:00,2.9,52.0,0.0,11.5,1013.6,8.0
2025-04-08 02:00:00,2.2,54.0,0.0,10.8,1013.7,7.0
2025-04-08 03:00:00,1.5,56.0,0.0,12.6,1014.0,7.0
2025-04-08 04:00:00,0.9,59.0,0.0,12.6,1014.2,8.0
2025-04-08 05:00:00,1.0,57.0,0.0,12.6,1014.4,4.0
2025-04-08 06:00:00,0.1,60.0,0.0,15.5,1014.6,0.0
2025-04-08 07:00:00,0.3,60.0,0.0,17.3,1015.1,1.0
2025-04-08 08:00:00,1.3,60.0,0.0,20.2,1015.4,0.0
2025-04-08 09:00:00,2.2,56.0,0.0,24.5,1015.7,1.0
2025-04-08 10:00:00,3.3,46.0,0.0,26.3,1015.9,4.0
2025-04-08 11:00:00,3.8,45.0,0.1,27.4,1016.2,5.0
2025-04-08 12:00:00,4.6,41.0,0.0,27.7,1016.3,4.0
2025-04-08 13:00:00,5.6,35.0,0.0,30.6,1016.4,4.0
2025-04-08 14:00:00,6.3,32.0,0.0,30.2,1016.6,6.0
2025-04-08 15:00:00,6.4,33.0,0.0,29.5,1016.8,5.0
2025-04-08 16:00:00,6.8,31.0,0.0,28.1,1016.9,6.0
2025-04-08 17:00:00,7.0,30.0,0.0,24.8,1016.9,2.0
2025-04-08 18:00:00,6.5,31.0,0.0,21.2,1016.8,1.0
2025-04-08 19:00:00,4.9,36.0,0.0,11.9,1017.1,1.0
2025-04-08 20:00:00,2.6,46.0,0.0,11.9,1017.8,2.0
2025-04-08 21:00:00,2.0,54.0,0.0,14.8,1018.2,2.0
2025-04-08 22:00:00,2.5,57.0,0.0,16.2,1018.2,6.0
2025-04-08 23:00:00,2.4,60.0,0.0,16.6,1017.9,1.0
2025-04-09 00:00:00,2.2,65.0,0.0,14.8,1017.6,0.0
2025-04-09 01:00:00,1.7,70.0,0.0,14.8,1017.3,0.0
2025-04-09 02:00:00,1.1,75.0,0.0,13.3,1017.0,0.0
2025-04-09 03:00:00,0.2,82.0,0.0,11.2,1016.7,0.0
2025-04-09 04:00:00,-0.2,83.0,0.0,10.1,1016.7,1.0
2025-04-09 05:00:00,-0.4,83.0,0.0,9.4,1016.2,0.0
2025-04-09 06:00:00,0.1,79.0,0.0,9.7,1015.9,8.0
2025-04-09 07:00:00,1.3,74.0,0.1,10.1,1015.8,5.0
2025-04-09 08:00:00,2.7,65.0,0.5,10.8,1015.8,4.0
2025-04-09 09:00:00,3.8,62.0,0.7,11.2,1015.9,7.0
2025-04-09 10:00:00,4.6,61.0,0.5,6.1,1015.7,8.0
2025-04-09 11:00:00,4.9,61.0,0.1,5.4,1015.8,8.0
2025-04-09 12:00:00,4.3,68.0,0.2,6.1,1015.4,8.0
2025-04-09 13:00:00,4.6,74.0,0.4,7.6,1015.0,8.0
2025-04-09 14:00:00,4.8,67.0,0.7,10.8,1014.2,8.0
2025-04-09 15:00:00,3.8,74.0,1.0,14.8,1013.7,8.0
2025-04-09 16:00:00,3.4,83.0,0.5,17.3,1013.5,8.0
2025-04-09 17:00:00,4.0,69.0,0.2,16.2,1013.2,8.0
2025-04-09 18:00:00,3.7,64.0,0.1,14.8,1013.3,8.0
2025-04-09 19:00:00,1.8,94.0,0.0,9.7,1013.6,8.0
2025-04-09 20:00:00,1.4,92.0,0.4,8.6,1014.5,7.0
2025-04-09 21:00:00,1.3,87.0,0.0,5.0,1014.6,8.0
2025-04-09 22:00:00,0.9,85.0,0.0,7.6,1014.6,8.0
2025-04-09 23:00:00,0.4,81.0,0.0,9.0,1014.5,3.0
2025-04-10 00:00:00,-1.0,75.0,0.0,9.7,1014.4,0.0
2025-04-10 01:00:00,-1.9,74.0,0.0,7.9,1014.0,0.0
2025-04-10 02:00:00,-2.5,76.0,0.0,6.8,1013.3,0.0
2025-04-10 03:00:00,-3.0,79.0,0.0,6.8,1012.7,0.0
2025-04-10 04:00:00,-3.3,82.0,0.0,6.5,1012.4,0.0
2025-04-10 05:00:00,-3.3,86.0,0.0,6.5,1012.0,0.0
2025-04-10 06:00:00,-3.3,86.0,0.0,7.2,1011.8,0.0
2025-04-10 07:00:00,-1.8,82.0,0.0,11.2,1011.5,0.0
2025-04-10 08:00:00,1.0,80.0,0.0,11.2,1011.0,6.0
2025-04-10 09:00:00,3.2,63.0,0.0,18.0,1010.6,2.0
2025-04-10 10:00:00,4.5,51.0,0.0,20.5,1010.3,3.0
2025-04-10 11:00:00,5.8,43.0,0.0,22.3,1009.6,5.0
2025-04-10 12:00:00,6.7,39.0,0.0,21.2,1008.9,7.0
2025-04-10 13:00:00,7.3,38.0,0.0,21.2,1008.5,8.0
2025-04-10 14:00:00,7.5,39.0,0.0,21.2,1008.1,6.0
2025-04-10 15:00:00,7.5,40.0,0.0,20.5,1007.5,8.0
2025-04-10 16:00:00,7.4,40.0,0.0,20.9,1007.2,8.0
2025-04-10 17:00:00,7.4,40.0,0.0,19.8,1006.8,8.0
2025-04-10 18:00:00,7.2,43.0,0.0,18.7,1006.5,8.0
2025-04-10 19:00:00,6.4,47.0,0.0,16.6,1006.2,8.0
2025-04-10 20:00:00,3.1,61.0,0.0,13.3,1006.9,8.0
2025-04-10 21:00:00,3.5,63.0,0.0,15.8,1006.8,8.0
2025-04-10 22:00:00,3.5,65.0,0.0,19.8,1006.3,8.0
2025-04-10 23:00:00,2.8,65.0,0.0,19.4,1006.2,8.0
2025-04-11 00:00:00,3.1,68.0,0.0,19.4,1005.7,7.0
2025-04-11 01:00:00,3.3,72.0,0.0,15.1,1005.4,8.0
2025-04-11 02:00:00,3.2,75.0,0.0,14.4,1005.0,6.0
2025-04-11 03:00:00,2.6,81.0,0.0,15.8,1004.3,8.0
2025-04-11 04:00:00,2.5,87.0,0.0,14.8,1004.0,7.0
2025-04-11 05:00:00,2.1,90.0,0.0,15.5,1003.7,5.0
2025-04-11 06:00:00,1.9,90.0,0.0,17.3,1003.6,8.0
2025-04-11 07:00:00,3.5,90.0,0.0,18.4,1003.7,8.0
2025-04-11 08:00:00,5.2,84.0,0.0,20.2,1003.9,8.0
2025-04-11 09:00:00,5.5,84.0,0.1,19.8,1004.1,8.0
2025-04-11 10:00:00,6.2,83.0,0.2,22.7,1004.0,8.0
2025-04-11 11:00:00,6.9,83.0,0.6,23.8,1003.8,8.0
2025-04-11 12:00:00,6.7,80.0,0.5,25.6,1003.7,8.0
2025-04-11 13:00:00,7.5,76.0,0.3,29.5,1003.3,7.0
2025-04-11 14:00:00,8.7,67.0,0.2,30.2,1003.1,7.0
2025-04-11 15:00:00,9.8,59.0,0.2,26.6,1003.2,5.0
2025-04-11 16:00:00,10.2,49.0,0.0,25.2,1003.3,8.0
2025-04-11 17:00:00,9.5,47.0,0.0,23.4,1003.7,8.0
2025-04-11 18:00:00,8.6,48.0,0.0,21.2,1004.2,8.0
2025-04-11 19:00:00,7.1,55.0,0.0,15.8,1004.6,6.0
2025-04-11 20:00:00,5.5,63.0,0.0,13.3,1005.5,8.0
2025-04-11 21:00:00,5.0,68.0,0.0,13.7,1006.3,8.0
2025-04-11 22:00:00,4.1,75.0,0.0,10.1,1006.7,7.0
2025-04-11 23:00:00,2.6,83.0,0.0,8.6,1006.9,8.0
2025-04-12 00:00:00,2.3,85.0,0.0,9.7,1007.0,7.0
2025-04-12 01:00:00,1.7,87.0,0.0,7.9,1007.1,4.0
2025-04-12 02:00:00,1.2,89.0,0.0,9.4,1007.3,6.0
2025-04-12 03:00:00,0.6,89.0,0.0,10.1,1008.2,8.0
2025-04-12 04:00:00,0.7,89.0,0.0,9.7,1008.4,8.0
2025-04-12 05:00:00,0.5,90.0,0.0,8.6,1008.6,8.0
2025-04-12 06:00:00,0.5,91.0,0.0,8.6,1009.4,8.0
2025-04-12 07:00:00,1.7,87.0,0.0,10.8,1010.0,8.0
2025-04-12 08:00:00,3.6,79.0,0.0,9.7,1010.5,3.0
2025-04-12 09:00:00,5.8,65.0,0.0,10.1,1011.0,8.0
2025-04-12 10:00:00,7.1,56.0,0.0,10.1,1011.4,8.0
2025-04-12 11:00:00,8.5,54.0,0.0,11.5,1011.7,8.0
2025-04-12 12:00:00,9.7,53.0,0.0,15.1,1011.7,8.0
2025-04-12 13:00:00,11.1,51.0,0.0,15.5,1012.2,5.0
2025-04-12 14:00:00,12.4,49.0,0.0,13.0,1012.2,8.0
2025-04-12 15:00:00,12.3,47.0,0.0,11.9,1011.9,7.0
2025-04-12 16:00:00,9.9,62.0,0.6,18.7,1013.0,8.0
2025-04-12 17:00:00,8.3,74.0,1.3,11.9,1013.7,8.0
2025-04-12 18:00:00,7.1,84.0,0.3,16.9,1014.3,8.0
2025-04-12 19:00:00,6.6,91.0,0.4,8.6,1014.7,8.0
2025-04-12 20:00:00,5.6,94.0,0.4,7.6,1015.6,8.0
2025-04-12 21:00:00,5.4,95.0,0.4,9.0,1016.1,8.0
2025-04-12 22:00:00,5.4,95.0,0.2,7.2,1016.6,7.0
2025-04-12 23:00:00,4.7,95.0,0.0,4.3,1016.3,0.0
2025-04-13 00:00:00,3.8,96.0,0.0,1.8,1016.6,0.0
2025-04-13 01:00:00,2.7,98.0,0.0,2.9,1016.9,0.0
2025-04-13 02:00:00,2.2,99.0,0.0,6.1,1017.1,0.0
2025-04-13 03:00:00,2.4,99.0,0.0,6.1,1017.4,1.0
2025-04-13 04:00:00,2.0,97.0,0.0,6.5,1017.6,1.0
2025-04-13 05:00:00,1.6,94.0,0.0,8.3,1017.9,2.0
2025-04-13 06:00:00,1.8,93.0,0.0,8.3,1018.4,1.0
2025-04-13 07:00:00,3.1,91.0,0.0,8.6,1019.0,5.0
2025-04-13 08:00:00,5.2,90.0,0.0,9.4,1019.9,6.0
2025-04-13 09:00:00,6.6,80.0,0.0,13.0,1020.4,7.0
2025-04-13 10:00:00,8.0,70.0,0.0,11.5,1020.9,7.0
2025-04-13 11:00:00,9.2,63.0,0.0,10.8,1021.2,8.0
2025-04-13 12:00:00,10.2,58.0,0.0,10.4,1021.2,8.0
2025-04-13 13:00:00,10.6,55.0,0.0,8.6,1021.3,8.0
2025-04-13 14:00:00,10.7,55.0,0.0,7.2,1021.4,8.0
2025-04-13 15:00:00,10.9,52.0,0.0,8.6,1021.4,4.0
2025-04-13 16:00:00,11.6,46.0,0.0,6.5,1021.2,1.0
2025-04-13 17:00:00,11.8,44.0,0.0,3.2,1021.3,2.0
2025-04-13 18:00:00,11.3,45.0,0.0,3.2,1021.5,3.0
2025-04-13 19:00:00,9.2,58.0,0.0,4.0,1022.0,7.0
2025-04-13 20:00:00,7.2,62.0,0.0,4.7,1022.8,5.0
2025-04-13 21:00:00,6.1,72.0,0.0,5.4,1023.5,8.0
2025-04-13 22:00:00,5.2,77.0,0.0,6.1,1023.9,7.0
2025-04-13 23:00:00,4.4,82.0,0.0,10.4,1024.1,1.0
2025-04-14 00:00:00,4.7,88.0,0.0,11.2,1024.7,0.0
2025-04-14 01:00:00,4.1,89.0,0.0,10.1,1025.1,0.0
2025-04-14 02:00:00,3.6,91.0,0.0,10.1,1025.2,0.0
2025-04-14 03:00:00,3.0,91.0,0.0,9.4,1025.4,0.0
2025-04-14 04:00:00,2.3,91.0,0.0,8.3,1025.7,0.0
2025-04-14 05:00:00,2.1,90.0,0.0,7.2,1026.0,0.0
2025-04-14 06:00:00,1.9,90.0,0.0,6.5,1026.5,0.0
2025-04-14 07:00:00,3.6,91.0,0.0,6.8,1027.2,0.0
2025-04-14 08:00:00,6.5,82.0,0.0,5.0,1027.6,0.0
2025-04-14 09:00:00,9.3,72.0,0.0,6.5,1028.1,0.0
2025-04-14 10:00:00,11.6,61.0,0.0,5.4,1028.4,0.0
2025-04-14 11:00:00,13.0,50.0,0.0,7.9,1028.6,0.0
2025-04-14 12:00:00,13.9,45.0,0.0,11.2,1028.5,0.0
2025-04-14 13:00:00,14.4,40.0,0.0,12.6,1028.5,0.0
2025-04-14 14:00:00,14.7,38.0,0.0,11.5,1028.3,0.0
2025-04-14 15:00:00,15.0,38.0,0.0,9.7,1028.1,0.0
2025-04-14 16:00:00,15.0,38.0,0.0,8.3,1027.8,0.0
2025-04-14 17:00:00,14.7,39.0,0.0,6.8,1027.6,0.0
2025-04-14 18:00:00,14.0,40.0,0.0,6.5,1027.6,0.0
2025-04-14 19:00:00,11.3,57.0,0.0,5.0,1027.5,0.0
2025-04-14 20:00:00,9.0,66.0,0.0,4.7,1028.1,0.0
2025-04-14 21:00:00,8.2,69.0,0.0,3.6,1028.7,0.0
2025-04-14 22:00:00,7.4,72.0,0.0,1.8,1028.8,0.0
2025-04-14 23:00:00,6.2,77.0,0.0,2.9,1028.9,0.0
2025-04-15 00:00:00,5.6,80.0,0.0,3.2,1028.7,0.0
2025-04-15 01:00:00,5.7,76.0,0.0,3.6,1028.3,0.0
2025-04-15 02:00:00,5.4,78.0,0.0,3.2,1028.2,0.0
2025-04-15 03:00:00,4.9,81.0,0.0,5.0,1028.3,0.0
2025-04-15 04:00:00,4.5,83.0,0.0,5.4,1028.4,0.0
2025-04-15 05:00:00,4.3,84.0,0.0,5.8,1028.5,0.0
2025-04-15 06:00:00,3.8,85.0,0.0,5.0,1029.3,0.0
2025-04-15 07:00:00,5.7,81.0,0.0,7.2,1029.2,0.0
2025-04-15 08:00:00,8.5,70.0,0.0,8.3,1028.9,0.0
2025-04-15 09:00:00,11.6,58.0,0.0,8.6,1028.8,0.0
2025-04-15 10:00:00,14.6,47.0,0.0,10.1,1028.7,0.0
2025-04-15 11:00:00,16.2,38.0,0.0,10.8,1028.6,0.0
2025-04-15 12:00:00,17.0,36.0,0.0,10.8,1028.4,0.0
2025-04-15 13:00:00,17.6,36.0,0.0,9.0,1028.0,0.0
2025-04-15 14:00:00,18.0,36.0,0.0,7.9,1027.6,0.0
2025-04-15 15:00:00,18.2,36.0,0.0,7.2,1027.3,0.0
2025-04-15 16:00:00,18.3,36.0,0.0,8.3,1026.9,0.0
2025-04-15 17:00:00,18.1,37.0,0.0,8.6,1026.8,0.0
2025-04-15 18:00:00,17.4,42.0,0.0,7.2,1026.8,0.0
2025-04-15 19:00:00,14.7,56.0,0.0,5.8,1026.9,0.0
2025-04-15 20:00:00,12.5,59.0,0.0,6.5,1027.5,0.0
2025-04-15 21:00:00,11.3,63.0,0.0,7.2,1027.8,0.0
2025-04-15 22:00:00,10.3,66.0,0.0,7.6,1027.8,0.0
2025-04-15 23:00:00,8.9,71.0,0.0,9.4,1027.7,1.0
2025-04-16 00:00:00,8.1,75.0,0.0,7.6,1028.0,8.0
2025-04-16 01:00:00,7.5,76.0,0.0,2.5,1028.1,3.0
2025-04-16 02:00:00,6.7,80.0,0.0,2.2,1028.1,8.0
2025-04-16 03:00:00,6.3,82.0,0.0,4.0,1028.2,8.0
2025-04-16 04:00:00,6.0,84.0,0.0,5.8,1028.6,8.0
2025-04-16 05:00:00,5.8,85.0,0.0,7.2,1028.8,8.0
2025-04-16 06:00:00,5.7,84.0,0.0,9.0,1029.1,8.0
2025-04-16 07:00:00,8.1,75.0,0.0,11.9,1029.6,8.0
2025-04-16 08:00:00,10.5,68.0,0.0,10.8,1030.0,7.0
2025-04-16 09:00:00,13.0,60.0,0.0,10.4,1030.3,8.0
2025-04-16 10:00:00,15.5,54.0,0.0,9.7,1030.6,7.0
2025-04-16 11:00:00,17.6,47.0,0.0,10.8,1030.7,8.0
2025-04-16 12:00:00,18.8,41.0,0.0,14.0,1030.4,4.0
2025-04-16 13:00:00,19.4,39.0,0.0,13.3,1030.1,8.0
2025-04-16 14:00:00,20.1,37.0,0.0,10.8,1029.8,8.0
2025-04-16 15:00:00,20.8,33.0,0.0,10.8,1029.4,8.0
2025-04-16 16:00:00,20.3,34.0,0.0,9.0,1029.1,8.0
2025-04-16 17:00:00,19.5,36.0,0.0,7.9,1029.0,8.0
2025-04-16 18:00:00,18.1,51.0,0.0,9.4,1028.9,8.0
2025-04-16 19:00:00,16.5,57.0,0.0,6.5,1028.9,8.0
2025-04-16 20:00:00,14.9,58.0,0.0,9.7,1029.3,8.0
2025-04-16 21:00:00,13.5,60.0,0.0,9.7,1029.6,8.0
2025-04-16 22:00:00,13.2,62.0,0.0,9.4,1029.7,8.0
2025-04-16 23:00:00,12.7,65.0,0.0,10.1,1030.3,7.0
2025-04-17 00:00:00,11.5,73.0,0.0,7.2,1030.4,7.0
2025-04-17 01:00:00,11.2,75.0,0.0,5.0,1030.2,7.0
2025-04-17 02:00:00,10.8,75.0,0.0,3.2,1030.0,5.0
2025-04-17 03:00:00,9.8,80.0,0.0,4.3,1030.1,4.0
2025-04-17 04:00:00,9.2,82.0,0.0,5.0,1030.2,4.0
2025-04-17 05:00:00,8.6,83.0,0.0,5.4,1030.3,3.0
2025-04-17 06:00:00,8.0,83.0,0.0,6.8,1030.3,6.0
2025-04-17 07:00:00,10.0,75.0,0.0,10.4,1030.5,7.0
2025-04-17 08:00:00,12.4,67.0,0.0,9.0,1030.5,7.0
2025-04-17 09:00:00,15.1,57.0,0.0,7.2,1030.7,2.0
2025-04-17 10:00:00,17.4,48.0,0.0,9.4,1030.6,1.0
2025-04-17 11:00:00,18.8,40.0,0.0,12.6,1030.5,0.0
2025-04-17 12:00:00,19.6,36.0,0.0,14.8,1030.0,0.0
2025-04-17 13:00:00,20.1,36.0,0.0,15.1,1029.5,0.0
2025-04-17 14:00:00,20.5,36.0,0.0,14.0,1029.0,0.0
2025-04-17 15:00:00,20.7,36.0,0.0,13.0,1028.2,0.0
2025-04-17 16:00:00,21.0,38.0,0.0,11.9,1027.0,0.0
2025-04-17 17:00:00,20.7,38.0,0.0,13.0,1026.3,0.0
2025-04-17 18:00:00,19.7,43.0,0.0,10.8,1025.8,0.0
2025-04-17 19:00:00,17.2,56.0,0.0,5.8,1025.6,1.0
2025-04-17 20:00:00,15.1,59.0,0.0,6.5,1025.8,1.0
2025-04-17 21:00:00,12.9,64.0,0.0,5.4,1027.2,0.0
2025-04-17 22:00:00,12.4,68.0,0.0,9.0,1026.3,1.0
2025-04-17 23:00:00,11.6,70.0,0.0,7.2,1026.1,1.0
2025-04-18 00:00:00,10.9,68.0,0.0,4.0,1025.8,0.0
2025-04-18 01:00:00,10.3,70.0,0.0,2.2,1025.7,0.0
2025-04-18 02:00:00,9.6,74.0,0.0,2.5,1025.5,0.0
2025-04-18 03:00:00,8.4,80.0,0.0,2.9,1026.1,0.0
2025-04-18 04:00:00,8.2,82.0,0.0,6.1,1025.2,0.0
2025-04-18 05:00:00,7.9,83.0,0.0,7.6,1024.9,0.0
2025-04-18 06:00:00,7.8,83.0,0.0,8.3,1024.7,0.0
2025-04-18 07:00:00,10.2,77.0,0.0,11.5,1024.6,0.0
2025-04-18 08:00:00,12.7,68.0,0.0,10.4,1024.5,0.0
2025-04-18 09:00:00,14.8,61.0,0.0,8.6,1025.2,0.0
2025-04-18 10:00:00,18.0,49.0,0.0,13.0,1023.9,0.0
2025-04-18 11:00:00,19.8,42.0,0.0,14.8,1023.3,0.0
2025-04-18 12:00:00,20.9,36.0,0.0,16.6,1022.9,0.0
2025-04-18 13:00:00,21.5,35.0,0.0,16.9,1022.5,0.0
2025-04-18 14:00:00,21.8,36.0,0.0,15.5,1021.8,0.0
2025-04-18 15:00:00,20.5,35.0,0.0,14.4,1021.4,0.0
2025-04-18 16:00:00,21.7,36.0,0.0,14.4,1020.3,0.0
2025-04-18 17:00:00,21.4,36.0,0.0,14.8,1019.7,0.0
2025-04-18 18:00:00,20.5,42.0,0.0,12.2,1019.3,0.0
2025-04-18 19:00:00,17.6,54.0,0.0,9.0,1019.0,0.0
2025-04-18 20:00:00,15.1,58.0,0.0,10.8,1019.2,0.0
2025-04-18 21:00:00,12.8,57.0,0.0,8.3,1020.1,0.0
2025-04-18 22:00:00,12.5,57.0,0.0,9.7,1019.1,0.0
2025-04-18 23:00:00,11.1,62.0,0.0,6.8,1019.1,0.0
2025-04-19 00:00:00,10.3,65.0,0.0,8.6,1018.9,0.0
2025-04-19 01:00:00,10.3,64.0,0.0,11.9,1018.9,0.0
2025-04-19 02:00:00,10.1,65.0,0.0,12.6,1018.7,0.0
2025-04-19 03:00:00,10.2,74.0,0.0,10.4,1018.5,0.0
2025-04-19 04:00:00,9.2,72.0,0.0,13.7,1018.2,0.0
2025-04-19 05:00:00,8.8,74.0,0.0,14.0,1017.9,0.0
2025-04-19 06:00:00,8.5,76.0,0.0,14.0,1018.0,0.0
2025-04-19 07:00:00,9.9,71.0,0.0,16.2,1018.0,0.0
2025-04-19 08:00:00,12.0,65.0,0.0,14.4,1017.9,0.0
2025-04-19 09:00:00,14.2,63.0,0.0,12.6,1017.8,0.0
2025-04-19 10:00:00,16.2,53.0,0.0,18.4,1017.6,0.0
2025-04-19 11:00:00,17.8,45.0,0.0,18.4,1017.4,0.0
2025-04-19 12:00:00,19.0,42.0,0.0,18.4,1017.0,0.0
2025-04-19 13:00:00,20.0,42.0,0.0,18.0,1016.6,0.0
2025-04-19 14:00:00,20.9,38.0,0.0,16.9,1016.0,0.0
2025-04-19 15:00:00,20.1,40.0,0.0,12.6,1015.0,0.0
2025-04-19 16:00:00,21.7,32.0,0.0,18.0,1014.7,0.0
2025-04-19 17:00:00,21.4,34.0,0.0,18.4,1014.1,0.0
2025-04-19 18:00:00,20.5,40.0,0.0,16.2,1013.8,0.0
2025-04-19 19:00:00,18.1,49.0,0.0,11.5,1013.6,0.0
2025-04-19 20:00:00,15.9,55.0,0.0,10.8,1014.3,0.0
2025-04-19 21:00:00,13.7,71.0,0.0,9.0,1014.3,0.0
2025-04-19 22:00:00,14.1,60.0,0.0,11.2,1014.7,0.0
2025-04-19 23:00:00,13.5,59.0,0.0,13.0,1014.6,0.0
2025-04-20 00:00:00,12.9,59.0,0.0,13.7,1014.4,0.0
2025-04-20 01:00:00,12.2,62.0,0.0,13.0,1014.3,0.0
2025-04-20 02:00:00,11.4,65.0,0.0,12.2,1014.1,0.0
2025-04-20 03:00:00,9.4,88.0,0.0,7.2,1013.1,0.0
2025-04-20 04:00:00,10.4,68.0,0.0,12.2,1013.8,0.0
2025-04-20 05:00:00,9.9,70.0,0.0,13.3,1013.6,0.0
2025-04-20 06:00:00,9.6,72.0,0.0,13.7,1013.7,0.0
2025-04-20 07:00:00,11.1,68.0,0.0,15.5,1013.9,0.0
2025-04-20 08:00:00,13.0,63.0,0.0,14.4,1013.8,0.0
2025-04-20 09:00:00,14.4,65.0,0.0,8.6,1012.9,0.0
2025-04-20 10:00:00,16.6,51.0,0.0,14.8,1013.4,0.0
2025-04-20 11:00:00,18.2,46.0,0.0,14.0,1013.3,0.0
2025-04-20 12:00:00,19.4,44.0,0.0,13.0,1013.2,0.0
2025-04-20 13:00:00,20.3,43.0,0.0,12.2,1013.2,0.0
2025-04-20 14:00:00,20.9,42.0,0.0,11.9,1013.0,0.0
2025-04-20 15:00:00,21.3,44.0,0.0,6.1,1011.7,0.0
2025-04-20 16:00:00,21.4,41.0,0.0,8.3,1012.4,0.0
2025-04-20 17:00:00,21.3,41.0,0.0,7.2,1012.1,0.0
2025-04-20 18:00:00,22.0,43.0,0.0,9.7,1011.4,3.0
2025-04-20 19:00:00,19.9,53.0,0.0,8.3,1011.6,1.0
2025-04-20 20:00:00,17.3,61.0,0.0,10.1,1012.3,0.0
2025-04-20 21:00:00,14.8,70.0,0.0,3.6,1012.2,0.0
2025-04-20 22:00:00,14.7,70.0,0.0,9.0,1012.5,4.0
2025-04-20 23:00:00,13.6,75.0,0.0,7.2,1013.1,0.0
2025-04-21 00:00:00,12.2,82.0,0.0,5.0,1013.1,0.0
2025-04-21 01:00:00,11.3,85.0,0.0,4.3,1012.7,1.0
2025-04-21 02:00:00,10.7,88.0,0.0,5.4,1012.4,0.0
2025-04-21 03:00:00,9.8,100.0,0.0,2.2,1012.3,4.0
2025-04-21 04:00:00,10.6,90.0,0.0,9.0,1012.7,1.0
2025-04-21 05:00:00,10.3,90.0,0.0,8.6,1012.8,6.0
2025-04-21 06:00:00,10.9,86.0,0.0,10.1,1012.9,7.0
2025-04-21 07:00:00,13.0,74.0,0.0,12.2,1013.3,8.0
2025-04-21 08:00:00,14.9,67.0,0.0,11.9,1013.3,8.0
2025-04-21 09:00:00,14.0,88.0,0.0,6.1,1013.2,5.0
2025-04-21 10:00:00,18.0,58.0,0.0,12.6,1013.3,4.0
2025-04-21 11:00:00,19.1,57.0,0.0,14.0,1013.4,3.0
2025-04-21 12:00:00,20.1,52.0,0.2,14.4,1013.2,4.0
2025-04-21 13:00:00,19.5,56.0,0.3,13.7,1013.4,6.0
2025-04-21 14:00:00,19.7,63.0,0.7,16.6,1013.6,5.0
2025-04-21 15:00:00,21.4,50.0,1.1,4.7,1012.3,1.0
2025-04-21 16:00:00,22.2,40.0,0.0,12.2,1012.7,6.0
2025-04-21 17:00:00,21.6,43.0,0.0,14.8,1012.7,7.0
2025-04-21 18:00:00,20.8,46.0,0.0,15.8,1012.9,5.0
2025-04-21 19:00:00,19.5,52.0,0.0,14.4,1013.1,2.0
2025-04-21 20:00:00,16.3,72.0,0.0,13.0,1013.7,1.0
2025-04-21 21:00:00,15.4,76.0,0.0,4.3,1012.6,1.0
2025-04-21 22:00:00,13.9,89.0,0.0,14.8,1015.2,0.0
2025-04-21 23:00:00,12.8,92.0,0.0,9.4,1014.7,0.0
2025-04-22 00:00:00,11.5,95.0,0.0,6.1,1014.9,0.0
2025-04-22 01:00:00,10.9,96.0,0.0,3.2,1015.1,0.0
2025-04-22 02:00:00,10.2,99.0,0.0,4.0,1015.2,0.0
2025-04-22 03:00:00,10.2,98.0,0.0,5.0,1013.0,0.0
2025-04-22 04:00:00,9.4,99.0,0.0,5.4,1015.4,6.0
2025-04-22 05:00:00,9.2,100.0,0.0,5.0,1015.5,8.0
2025-04-22 06:00:00,9.4,100.0,0.0,4.3,1015.6,8.0
2025-04-22 07:00:00,10.4,98.0,0.0,3.2,1015.7,8.0
2025-04-22 08:00:00,11.9,93.0,0.0,2.5,1015.9,6.0
2025-04-22 09:00:00,16.0,78.0,0.0,5.4,1013.0,4.0
2025-04-22 10:00:00,17.3,66.0,0.0,4.0,1016.0,0.0
2025-04-22 11:00:00,19.2,55.0,0.0,5.8,1015.9,1.0
2025-04-22 12:00:00,21.7,44.0,0.0,9.7,1014.9,2.0
2025-04-22 13:00:00,22.6,38.0,0.0,9.0,1014.7,2.0
2025-04-22 14:00:00,23.1,35.0,0.0,8.3,1014.4,3.0
2025-04-22 15:00:00,23.1,35.0,0.0,9.0,1014.1,3.0
2025-04-22 16:00:00,22.9,36.0,0.0,9.4,1013.9,3.0
2025-04-22 17:00:00,22.5,37.0,0.0,11.5,1013.9,4.0
2025-04-22 18:00:00,21.0,44.0,0.0,12.6,1013.8,3.0
2025-04-22 19:00:00,19.0,50.0,0.0,9.4,1014.0,1.0
2025-04-22 20:00:00,17.0,55.0,0.0,6.1,1014.7,1.0
2025-04-22 21:00:00,16.6,56.0,0.0,2.9,1015.3,0.0
2025-04-22 22:00:00,14.9,61.0,0.0,8.6,1015.3,0.0
2025-04-22 23:00:00,13.8,77.0,0.0,10.8,1015.6,0.0
2025-04-23 00:00:00,12.7,92.0,0.0,9.0,1015.8,0.0
2025-04-23 01:00:00,12.2,93.0,0.0,7.9,1015.6,0.0
2025-04-23 02:00:00,11.3,94.0,0.0,5.8,1015.6,0.0
2025-04-23 03:00:00,11.0,95.0,0.0,3.2,1015.5,0.0
2025-04-23 04:00:00,10.5,97.0,0.0,0.4,1015.4,0.0
2025-04-23 05:00:00,10.0,99.0,0.0,4.0,1015.2,3.0
2025-04-23 06:00:00,10.1,99.0,0.0,5.8,1014.9,3.0
2025-04-23 07:00:00,12.3,93.0,0.0,7.9,1015.0,0.0
2025-04-23 08:00:00,15.2,75.0,0.0,5.0,1015.6,0.0
2025-04-23 09:00:00,18.7,55.0,0.0,5.0,1015.4,0.0
2025-04-23 10:00:00,21.4,43.0,0.0,7.2,1015.2,0.0
2025-04-23 11:00:00,23.0,36.0,0.0,9.4,1014.9,1.0
2025-04-23 12:00:00,23.9,33.0,0.0,10.4,1014.6,1.0
2025-04-23 13:00:00,25.2,27.0,0.0,12.6,1013.4,1.0
2025-04-23 14:00:00,26.0,25.0,0.0,13.7,1012.8,1.0
2025-04-23 15:00:00,26.0,25.0,0.0,15.8,1012.2,1.0
2025-04-23 16:00:00,25.5,25.0,0.0,16.2,1011.7,2.0
2025-04-23 17:00:00,24.9,27.0,0.0,16.2,1011.4,1.0
2025-04-23 18:00:00,23.7,30.0,0.0,14.0,1011.4,1.0
2025-04-23 19:00:00,22.2,35.0,0.0,9.4,1011.3,1.0
2025-04-23 20:00:00,19.3,44.0,0.0,8.3,1011.8,1.0
2025-04-23 21:00:00,17.6,55.0,0.0,6.1,1012.4,2.0
2025-04-23 22:00:00,16.8,60.0,0.0,4.3,1012.5,0.0
2025-04-23 23:00:00,15.6,68.0,0.0,3.6,1012.1,0.0
2025-04-24 00:00:00,14.9,72.0,0.0,4.7,1012.1,0.0
2025-04-24 01:00:00,14.2,74.0,0.0,4.0,1012.0,0.0
2025-04-24 02:00:00,13.4,77.0,0.0,4.0,1011.7,0.0
2025-04-24 03:00:00,12.7,79.0,0.0,4.0,1011.4,0.0
2025-04-24 04:00:00,12.4,76.0,0.0,2.9,1010.8,0.0
2025-04-24 05:00:00,11.8,80.0,0.0,4.0,1010.5,0.0
2025-04-24 06:00:00,11.3,84.0,0.0,5.4,1010.6,0.0
2025-04-24 07:00:00,13.8,74.0,0.0,8.6,1010.5,0.0
2025-04-24 08:00:00,17.3,60.0,0.0,6.1,1010.4,0.0
2025-04-24 09:00:00,20.6,47.0,0.0,5.4,1010.4,0.0
2025-04-24 10:00:00,23.2,36.0,0.0,7.2,1010.2,0.0
2025-04-24 11:00:00,24.8,29.0,0.0,10.4,1010.0,1.0
2025-04-24 12:00:00,25.6,26.0,0.0,11.5,1009.6,2.0
2025-04-24 13:00:00,24.3,31.0,0.0,14.8,1009.7,4.0
2025-04-24 14:00:00,24.9,31.0,0.0,12.6,1009.0,7.0
2025-04-24 15:00:00,22.8,39.0,0.2,11.9,1009.3,2.0
2025-04-24 16:00:00,23.7,33.0,0.0,11.2,1008.5,2.0
2025-04-24 17:00:00,24.2,29.0,0.0,9.7,1007.8,0.0
2025-04-24 18:00:00,23.8,29.0,0.0,9.0,1007.5,0.0
2025-04-24 19:00:00,22.1,39.0,0.0,6.8,1007.5,3.0
2025-04-24 20:00:00,20.0,47.0,0.0,8.6,1008.0,4.0
2025-04-24 21:00:00,19.0,51.0,0.0,5.4,1008.1,0.0
2025-04-24 22:00:00,17.4,52.0,0.0,3.6,1008.1,0.0
2025-04-24 23:00:00,16.4,55.0,0.0,3.2,1007.7,0.0
2025-04-25 00:00:00,14.9,58.0,0.0,5.4,1007.8,0.0
2025-04-25 01:00:00,13.7,64.0,0.0,5.8,1007.7,0.0
2025-04-25 02:00:00,13.1,67.0,0.0,2.9,1007.4,0.0
2025-04-25 03:00:00,12.5,71.0,0.0,2.2,1007.0,0.0
2025-04-25 04:00:00,12.1,74.0,0.0,1.8,1007.0,0.0
2025-04-25 05:00:00,12.2,72.0,0.0,3.2,1006.4,0.0
2025-04-25 06:00:00,12.1,74.0,0.0,3.2,1006.5,0.0
2025-04-25 07:00:00,14.2,68.0,0.0,6.1,1006.5,0.0
2025-04-25 08:00:00,17.6,58.0,0.0,3.2,1006.8,0.0
2025-04-25 09:00:00,20.6,47.0,0.0,3.2,1006.9,0.0
2025-04-25 10:00:00,23.0,38.0,0.0,1.8,1006.6,0.0
2025-04-25 11:00:00,24.8,31.0,0.0,3.2,1006.3,0.0
2025-04-25 12:00:00,26.1,26.0,0.0,7.2,1006.0,1.0
2025-04-25 13:00:00,26.8,23.0,0.0,10.1,1005.6,1.0
2025-04-25 14:00:00,27.5,23.0,0.0,10.1,1005.1,0.0
2025-04-25 15:00:00,27.7,22.0,0.0,9.4,1004.7,2.0
2025-04-25 16:00:00,25.5,29.0,0.3,12.6,1005.1,5.0
2025-04-25 17:00:00,21.2,49.0,0.9,20.2,1006.1,6.0
2025-04-25 18:00:00,21.7,49.0,0.0,14.0,1006.3,5.0
2025-04-25 19:00:00,20.8,55.0,0.0,4.7,1006.2,3.0
2025-04-25 20:00:00,18.4,58.0,0.0,4.0,1006.5,1.0
2025-04-25 21:00:00,17.4,62.0,0.0,6.5,1006.8,1.0
2025-04-25 22:00:00,16.1,67.0,0.0,7.2,1006.9,0.0
2025-04-25 23:00:00,15.2,72.0,0.0,6.8,1006.8,0.0
2025-04-26 00:00:00,14.2,77.0,0.0,5.4,1006.7,0.0
2025-04-26 01:00:00,14.6,72.0,0.0,6.5,1005.7,0.0
2025-04-26 02:00:00,13.3,78.0,0.0,7.6,1005.9,0.0
2025-04-26 03:00:00,13.4,78.0,0.0,9.4,1005.8,0.0
2025-04-26 04:00:00,13.3,79.0,0.0,9.4,1005.4,0.0
2025-04-26 05:00:00,12.6,83.0,0.0,9.4,1004.9,0.0
2025-04-26 06:00:00,12.7,86.0,0.0,8.3,1005.0,0.0
2025-04-26 07:00:00,15.0,77.0,0.0,10.4,1005.2,0.0
2025-04-26 08:00:00,17.9,64.0,0.0,8.3,1005.4,0.0
2025-04-26 09:00:00,21.0,50.0,0.0,9.0,1005.5,0.0
2025-04-26 10:00:00,23.4,40.0,0.0,10.4,1005.5,1.0
2025-04-26 11:00:00,23.2,44.0,0.0,14.8,1006.1,3.0
2025-04-26 12:00:00,22.7,46.0,1.3,16.2,1006.6,6.0
2025-04-26 13:00:00,22.0,45.0,0.4,21.2,1006.5,6.0
2025-04-26 14:00:00,22.3,41.0,0.0,23.0,1006.8,7.0
2025-04-26 15:00:00,21.1,45.0,0.0,28.4,1007.3,8.0
2025-04-26 16:00:00,18.7,47.0,0.0,28.4,1008.3,7.0
2025-04-26 17:00:00,18.4,46.0,0.0,28.1,1008.7,8.0
2025-04-26 18:00:00,16.6,49.0,0.0,29.9,1009.8,8.0
2025-04-26 19:00:00,14.8,49.0,0.0,29.2,1010.7,2.0
2025-04-26 20:00:00,12.5,53.0,0.0,28.1,1012.3,0.0
2025-04-26 21:00:00,10.5,57.0,0.0,26.3,1014.1,0.0
2025-04-26 22:00:00,9.5,57.0,0.0,22.7,1014.9,0.0
2025-04-26 23:00:00,8.9,56.0,0.0,19.8,1015.4,0.0
2025-04-27 00:00:00,8.5,56.0,0.0,16.6,1015.7,0.0
2025-04-27 01:00:00,8.0,58.0,0.0,13.0,1016.0,0.0
2025-04-27 02:00:00,7.3,64.0,0.0,9.7,1016.1,0.0
2025-04-27 03:00:00,6.9,65.0,0.0,12.6,1016.6,1.0
2025-04-27 04:00:00,6.8,57.0,0.0,15.5,1016.9,0.0
2025-04-27 05:00:00,6.5,51.0,0.0,17.3,1017.4,0.0
2025-04-27 06:00:00,6.3,49.0,0.0,16.6,1018.3,0.0
2025-04-27 07:00:00,7.0,43.0,0.0,17.3,1019.4,0.0
2025-04-27 08:00:00,8.2,41.0,0.0,20.5,1019.7,0.0
2025-04-27 09:00:00,9.2,30.0,0.0,25.9,1020.2,0.0
2025-04-27 10:00:00,10.1,28.0,0.0,25.6,1020.8,2.0
2025-04-27 11:00:00,11.6,23.0,0.0,27.0,1021.1,3.0
2025-04-27 12:00:00,12.1,24.0,0.0,27.4,1021.3,5.0
2025-04-27 13:00:00,12.1,25.0,0.0,27.7,1021.7,6.0
2025-04-27 14:00:00,12.7,23.0,0.0,27.0,1021.6,4.0
2025-04-27 15:00:00,12.7,23.0,0.0,28.1,1021.8,3.0
2025-04-27 16:00:00,12.6,22.0,0.0,27.7,1022.1,3.0
2025-04-27 17:00:00,11.9,24.0,0.0,28.1,1022.7,1.0
2025-04-27 18:00:00,11.3,24.0,0.0,26.3,1023.1,1.0
2025-04-27 19:00:00,10.2,26.0,0.0,25.6,1023.7,1.0
2025-04-27 20:00:00,9.1,29.0,0.0,21.2,1025.1,0.0
2025-04-27 21:00:00,8.2,32.0,0.0,18.7,1026.4,0.0
2025-04-27 22:00:00,7.5,35.0,0.0,17.3,1027.2,0.0
2025-04-27 23:00:00,6.8,41.0,0.0,16.6,1027.7,0.0
2025-04-28 00:00:00,6.0,45.0,0.0,14.0,1028.3,0.0
2025-04-28 01:00:00,5.1,51.0,0.0,10.4,1028.8,0.0
2025-04-28 02:00:00,4.1,55.0,0.0,9.4,1029.0,0.0
2025-04-28 03:00:00,3.5,58.0,0.0,9.4,1029.6,0.0
2025-04-28 04:00:00,3.0,60.0,0.0,10.1,1030.0,0.0
2025-04-28 05:00:00,2.6,63.0,0.0,10.8,1030.3,0.0
2025-04-28 06:00:00,2.6,64.0,0.0,11.5,1030.8,0.0
2025-04-28 07:00:00,4.2,59.0,0.0,11.5,1031.4,0.0
2025-04-28 08:00:00,6.1,48.0,0.0,12.2,1031.9,0.0
2025-04-28 09:00:00,6.9,44.0,0.0,12.2,1032.3,0.0
2025-04-28 10:00:00,8.2,38.0,0.0,11.5,1032.5,1.0
2025-04-28 11:00:00,9.4,34.0,0.0,10.8,1032.7,1.0
2025-04-28 12:00:00,10.4,31.0,0.0,10.4,1032.5,0.0
2025-04-28 13:00:00,11.3,29.0,0.0,9.7,1032.1,0.0
2025-04-28 14:00:00,11.9,28.0,0.0,10.8,1031.7,0.0
2025-04-28 15:00:00,12.4,27.0,0.0,11.5,1031.1,0.0
2025-04-28 16:00:00,12.5,27.0,0.0,11.5,1030.6,0.0
2025-04-28 17:00:00,12.3,28.0,0.0,10.1,1030.2,0.0
2025-04-28 18:00:00,11.8,29.0,0.0,9.4,1029.8,0.0
2025-04-28 19:00:00,11.1,31.0,0.0,8.3,1029.4,0.0
2025-04-28 20:00:00,8.9,40.0,0.0,6.8,1029.9,0.0
2025-04-28 21:00:00,8.0,49.0,0.0,5.8,1030.3,0.0
2025-04-28 22:00:00,7.0,61.0,0.0,5.0,1030.3,1.0
2025-04-28 23:00:00,6.2,69.0,0.0,6.1,1030.4,8.0
2025-04-29 00:00:00,6.6,62.0,0.0,9.7,1029.6,8.0
2025-04-29 01:00:00,6.5,65.0,0.0,8.6,1029.8,7.0
2025-04-29 02:00:00,5.9,65.0,0.0,9.7,1029.4,1.0
2025-04-29 03:00:00,5.4,66.0,0.0,8.6,1029.3,8.0
2025-04-29 04:00:00,5.6,62.0,0.0,7.9,1029.1,5.0
2025-04-29 05:00:00,4.8,63.0,0.0,7.9,1029.0,2.0
2025-04-29 06:00:00,4.7,64.0,0.0,8.6,1029.1,3.0
2025-04-29 07:00:00,6.9,59.0,0.0,10.8,1029.0,0.0
2025-04-29 08:00:00,9.8,51.0,0.0,9.7,1028.9,0.0
2025-04-29 09:00:00,12.3,35.0,0.0,13.0,1028.7,0.0
2025-04-29 10:00:00,13.8,31.0,0.0,14.4,1028.4,0.0
2025-04-29 11:00:00,14.8,29.0,0.0,15.1,1027.7,1.0
2025-04-29 12:00:00,15.6,28.0,0.0,15.8,1026.9,3.0
2025-04-29 13:00:00,16.3,28.0,0.0,15.8,1026.2,2.0
2025-04-29 14:00:00,16.9,27.0,0.0,15.5,1025.4,0.0
2025-04-29 15:00:00,17.1,26.0,0.0,15.5,1024.5,0.0
2025-04-29 16:00:00,17.3,26.0,0.0,14.0,1023.9,0.0
2025-04-29 17:00:00,17.0,27.0,0.0,12.6,1023.1,1.0
2025-04-29 18:00:00,16.3,29.0,0.0,13.7,1022.4,0.0
2025-04-29 19:00:00,15.0,35.0,0.0,12.6,1021.9,0.0
2025-04-29 20:00:00,13.0,42.0,0.0,13.7,1021.7,0.0
2025-04-29 21:00:00,11.8,48.0,0.0,12.6,1022.1,0.0
2025-04-29 22:00:00,11.3,50.0,0.0,14.0,1022.0,1.0
2025-04-29 23:00:00,10.8,56.0,0.0,20.2,1022.0,1.0
2025-04-30 00:00:00,9.6,67.0,0.0,19.8,1021.8,3.0
2025-04-30 01:00:00,9.3,67.0,0.0,18.4,1021.3,4.0
2025-04-30 02:00:00,8.7,69.0,0.0,16.2,1021.1,4.0
2025-04-30 03:00:00,8.4,71.0,0.0,15.5,1020.7,2.0
2025-04-30 04:00:00,8.3,73.0,0.0,14.4,1020.7,1.0
2025-04-30 05:00:00,7.9,75.0,0.0,15.5,1020.1,2.0
2025-04-30 06:00:00,8.0,70.0,0.0,16.2,1019.7,6.0
2025-04-30 07:00:00,9.7,60.0,0.0,15.8,1019.6,4.0
2025-04-30 08:00:00,12.1,45.0,0.0,16.9,1019.5,4.0
2025-04-30 09:00:00,14.4,35.0,0.0,19.1,1019.3,4.0
2025-04-30 10:00:00,16.2,31.0,0.0,20.5,1018.9,8.0
2025-04-30 11:00:00,17.6,31.0,0.0,18.7,1018.6,4.0
2025-04-30 12:00:00,18.9,31.0,0.0,18.4,1018.3,1.0
2025-04-30 13:00:00,20.1,30.0,0.0,18.4,1018.0,2.0
2025-04-30 14:00:00,21.2,30.0,0.0,18.4,1017.7,1.0
2025-04-30 15:00:00,22.3,28.0,0.0,18.7,1017.0,6.0
2025-04-30 16:00:00,22.2,29.0,0.0,19.1,1016.4,8.0
2025-04-30 17:00:00,21.2,33.0,0.0,15.5,1016.4,6.0
2025-04-30 18:00:00,20.8,33.0,0.0,13.0,1016.3,6.0
2025-04-30 19:00:00,20.1,37.0,0.0,8.6,1016.4,6.0
2025-04-30 20:00:00,18.1,41.0,0.0,4.3,1016.4,7.0
2025-04-30 21:00:00,16.0,48.0,0.0,7.2,1017.0,4.0
2025-04-30 22:00:00,14.6,55.0,0.0,12.2,1017.3,3.0
2025-04-30 23:00:00,13.9,61.0,0.0,13.0,1017.4,6.0
2025-05-01 00:00:00,13.3,69.0,0.0,10.4,1017.4,6.0
2025-05-01 01:00:00,12.2,75.0,0.0,7.9,1017.2,5.0
2025-05-01 02:00:00,11.7,73.0,0.0,8.3,1016.7,0.0
2025-05-01 03:00:00,10.5,76.0,0.0,8.3,1016.7,0.0
2025-05-01 04:00:00,9.7,78.0,0.0,7.6,1016.4,0.0
2025-05-01 05:00:00,8.7,82.0,0.0,7.2,1016.2,0.0
2025-05-01 06:00:00,8.6,85.0,0.0,7.2,1016.1,0.0
2025-05-01 07:00:00,11.2,75.0,0.0,8.3,1016.1,0.0
2025-05-01 08:00:00,14.6,64.0,0.0,7.6,1016.3,0.0
2025-05-01 09:00:00,17.5,51.0,0.0,7.6,1016.4,0.0
2025-05-01 10:00:00,19.6,43.0,0.0,8.3,1016.0,0.0
2025-05-01 11:00:00,21.3,37.0,0.0,10.8,1015.7,0.0
2025-05-01 12:00:00,22.1,35.0,0.0,13.7,1015.6,0.0
2025-05-01 13:00:00,23.4,29.0,0.0,15.8,1014.9,0.0
2025-05-01 14:00:00,24.2,26.0,0.0,16.9,1014.3,4.0
2025-05-01 15:00:00,24.5,23.0,0.0,18.4,1013.0,4.0
2025-05-01 16:00:00,25.5,20.0,0.0,24.1,1011.9,4.0
2025-05-01 17:00:00,23.7,25.0,0.0,25.2,1012.1,6.0
2025-05-01 18:00:00,22.8,25.0,0.0,19.8,1012.1,6.0
2025-05-01 19:00:00,21.7,30.0,0.0,14.0,1012.2,8.0
2025-05-01 20:00:00,19.7,35.0,0.0,20.9,1012.7,8.0
2025-05-01 21:00:00,17.3,48.0,0.0,23.4,1014.1,8.0
2025-05-01 22:00:00,16.7,47.0,0.0,20.5,1014.0,8.0
2025-05-01 23:00:00,15.7,48.0,0.0,18.0,1014.7,8.0
2025-05-02 00:00:00,14.8,49.0,0.0,20.2,1015.1,2.0
2025-05-02 01:00:00,13.6,48.0,0.0,20.9,1015.9,4.0
2025-05-02 02:00:00,12.4,50.0,0.0,20.5,1016.5,6.0
2025-05-02 03:00:00,11.4,51.0,0.0,20.9,1016.7,8.0
2025-05-02 04:00:00,10.5,55.0,0.0,21.2,1016.9,8.0
2025-05-02 05:00:00,9.3,60.0,0.0,20.9,1017.1,8.0
2025-05-02 06:00:00,8.6,64.0,0.0,18.0,1017.8,8.0
2025-05-02 07:00:00,9.0,61.0,0.0,19.4,1018.2,4.0
2025-05-02 08:00:00,10.0,56.0,0.0,22.3,1018.3,0.0
2025-05-02 09:00:00,10.8,51.0,0.0,21.6,1018.3,1.0
2025-05-02 10:00:00,12.0,44.0,0.0,21.2,1018.4,0.0
2025-05-02 11:00:00,13.3,35.0,0.0,21.6,1018.5,0.0
2025-05-02 12:00:00,14.3,31.0,0.0,23.0,1018.3,0.0
2025-05-02 13:00:00,14.7,33.0,0.0,24.8,1018.2,0.0
2025-05-02 14:00:00,15.7,31.0,0.0,22.7,1017.9,0.0
2025-05-02 15:00:00,16.1,30.0,0.0,22.3,1017.7,0.0
2025-05-02 16:00:00,16.2,30.0,0.0,20.9,1017.7,0.0
2025-05-02 17:00:00,16.1,29.0,0.0,19.8,1017.9,0.0
2025-05-02 18:00:00,15.9,28.0,0.0,19.1,1017.5,0.0
2025-05-02 19:00:00,14.9,29.0,0.0,16.6,1017.6,0.0
2025-05-02 20:00:00,13.4,33.0,0.0,11.5,1018.1,0.0
2025-05-02 21:00:00,12.1,37.0,0.0,11.5,1018.5,0.0
2025-05-02 22:00:00,10.9,42.0,0.0,10.4,1018.7,0.0
2025-05-02 23:00:00,9.7,46.0,0.0,6.8,1018.5,0.0
2025-05-03 00:00:00,8.9,49.0,0.0,6.8,1018.7,0.0
2025-05-03 01:00:00,7.9,54.0,0.0,6.8,1018.8,0.0
2025-05-03 02:00:00,7.0,59.0,0.0,7.6,1018.7,0.0
2025-05-03 03:00:00,6.2,62.0,0.0,5.8,1018.9,0.0
2025-05-03 04:00:00,5.6,64.0,0.0,5.0,1018.4,0.0
2025-05-03 05:00:00,5.2,68.0,0.0,4.0,1018.4,0.0
2025-05-03 06:00:00,5.6,71.0,0.0,2.5,1018.5,0.0
2025-05-03 07:00:00,8.3,62.0,0.0,4.0,1018.6,0.0
2025-05-03 08:00:00,12.3,43.0,0.0,5.0,1018.9,0.0
2025-05-03 09:00:00,14.8,30.0,0.0,8.3,1018.8,0.0
2025-05-03 10:00:00,16.3,25.0,0.0,10.1,1018.5,0.0
2025-05-03 11:00:00,17.5,23.0,0.0,12.2,1018.2,0.0
2025-05-03 12:00:00,18.5,21.0,0.0,13.0,1018.0,0.0
2025-05-03 13:00:00,19.4,17.0,0.0,13.7,1017.5,0.0
2025-05-03 14:00:00,20.1,15.0,0.0,14.8,1017.0,0.0
2025-05-03 15:00:00,20.1,20.0,0.0,15.8,1016.8,0.0
2025-05-03 16:00:00,20.4,20.0,0.0,16.6,1016.2,0.0
2025-05-03 17:00:00,20.1,20.0,0.0,18.0,1015.6,0.0
2025-05-03 18:00:00,19.4,22.0,0.0,19.1,1015.1,0.0
2025-05-03 19:00:00,18.3,26.0,0.0,15.8,1014.9,0.0
2025-05-03 20:00:00,16.1,28.0,0.0,13.3,1015.1,0.0
2025-05-03 21:00:00,15.1,32.0,0.0,15.1,1015.5,0.0
2025-05-03 22:00:00,14.0,41.0,0.0,15.5,1015.4,0.0
2025-05-03 23:00:00,13.0,52.0,0.0,14.8,1015.7,0.0
2025-05-04 00:00:00,12.1,59.0,0.0,14.8,1015.9,0.0
2025-05-04 01:00:00,11.7,60.0,0.0,14.4,1015.4,0.0
2025-05-04 02:00:00,11.2,58.0,0.0,15.5,1015.0,3.0
2025-05-04 03:00:00,10.2,59.0,0.0,11.5,1015.2,3.0
2025-05-04 04:00:00,9.7,56.0,0.0,12.2,1015.0,0.0
2025-05-04 05:00:00,9.5,50.0,0.0,13.3,1014.7,0.0
2025-05-04 06:00:00,9.9,45.0,0.0,14.4,1015.0,0.0
2025-05-04 07:00:00,11.9,39.0,0.0,15.8,1014.9,4.0
2025-05-04 08:00:00,14.3,33.0,0.0,16.2,1014.7,5.0
2025-05-04 09:00:00,16.6,28.0,0.0,18.4,1014.5,5.0
2025-05-04 10:00:00,18.5,27.0,0.0,20.5,1014.3,0.0
2025-05-04 11:00:00,19.3,27.0,0.0,20.5,1014.2,2.0
2025-05-04 12:00:00,20.7,25.0,0.0,20.2,1013.7,2.0
2025-05-04 13:00:00,21.7,23.0,0.0,20.5,1013.1,0.0
2025-05-04 14:00:00,22.4,23.0,0.0,20.5,1012.7,0.0
2025-05-04 15:00:00,22.7,23.0,0.0,19.8,1012.1,0.0
2025-05-04 16:00:00,22.9,23.0,0.0,19.4,1011.6,0.0
2025-05-04 17:00:00,22.5,24.0,0.0,19.8,1011.1,0.0
2025-05-04 18:00:00,21.8,23.0,0.0,19.1,1010.7,0.0
2025-05-04 19:00:00,20.6,25.0,0.0,16.2,1010.5,0.0
2025-05-04 20:00:00,18.1,31.0,0.0,14.4,1010.6,0.0
2025-05-04 21:00:00,16.1,40.0,0.0,19.4,1011.8,0.0
2025-05-04 22:00:00,14.9,56.0,0.0,18.7,1012.2,0.0
2025-05-04 23:00:00,13.8,66.0,0.0,15.8,1012.4,0.0
2025-05-05 00:00:00,12.9,73.0,0.0,14.0,1012.4,0.0
2025-05-05 01:00:00,12.3,73.0,0.0,13.3,1012.2,0.0
2025-05-05 02:00:00,11.9,62.0,0.0,11.9,1011.6,0.0
2025-05-05 03:00:00,11.4,63.0,0.0,10.8,1011.2,0.0
2025-05-05 04:00:00,11.0,68.0,0.0,10.1,1010.8,0.0
2025-05-05 05:00:00,10.3,72.0,0.0,9.0,1010.8,0.0
2025-05-05 06:00:00,10.3,69.0,0.0,9.0,1011.0,0.0
2025-05-05 07:00:00,12.2,58.0,0.0,8.3,1011.2,0.0
2025-05-05 08:00:00,14.7,51.0,0.0,9.0,1011.0,0.0
2025-05-05 09:00:00,17.0,46.0,0.0,11.9,1011.0,1.0
2025-05-05 10:00:00,18.6,44.0,0.0,14.0,1011.0,4.0
2025-05-05 11:00:00,19.9,42.0,0.0,15.5,1010.9,5.0
2025-05-05 12:00:00,21.2,42.0,0.0,19.8,1010.4,4.0
2025-05-05 13:00:00,22.5,39.0,0.0,19.1,1010.0,4.0
2025-05-05 14:00:00,23.5,35.0,0.0,17.6,1009.8,3.0
2025-05-05 15:00:00,24.1,32.0,0.0,15.5,1009.3,1.0
2025-05-05 16:00:00,24.3,31.0,0.0,14.8,1008.8,1.0
2025-05-05 17:00:00,23.6,32.0,0.0,16.2,1008.4,1.0
2025-05-05 18:00:00,23.1,33.0,0.0,15.1,1008.2,0.0
2025-05-05 19:00:00,22.2,35.0,0.0,14.4,1008.0,1.0
2025-05-05 20:00:00,20.2,41.0,0.0,12.2,1008.6,0.0
2025-05-05 21:00:00,18.7,45.0,0.0,12.2,1009.6,1.0
2025-05-05 22:00:00,17.7,48.0,0.0,13.0,1009.8,1.0
2025-05-05 23:00:00,16.2,55.0,0.0,11.9,1010.5,1.0
2025-05-06 00:00:00,15.4,62.0,0.0,10.4,1010.6,1.0
2025-05-06 01:00:00,15.0,65.0,0.0,9.0,1010.6,3.0
2025-05-06 02:00:00,14.4,68.0,0.0,10.1,1010.5,2.0
2025-05-06 03:00:00,13.5,73.0,0.0,9.7,1010.7,1.0
2025-05-06 04:00:00,12.5,79.0,0.0,9.7,1011.1,1.0
2025-05-06 05:00:00,11.3,85.0,0.0,6.8,1011.0,6.0
2025-05-06 06:00:00,11.5,85.0,0.0,9.4,1011.5,7.0
2025-05-06 07:00:00,13.2,76.0,0.0,6.5,1011.7,3.0
2025-05-06 08:00:00,15.4,67.0,0.0,6.5,1012.2,7.0
2025-05-06 09:00:00,17.1,58.0,0.2,7.6,1012.2,8.0
2025-05-06 10:00:00,17.1,59.0,0.5,9.7,1012.5,8.0
2025-05-06 11:00:00,18.6,53.0,0.2,10.8,1012.5,8.0
2025-05-06 12:00:00,20.6,45.0,0.0,12.2,1012.6,8.0
2025-05-06 13:00:00,23.0,30.0,0.0,17.3,1012.3,8.0
2025-05-06 14:00:00,23.6,28.0,0.0,19.4,1012.2,8.0
2025-05-06 15:00:00,24.0,29.0,0.0,20.5,1011.9,7.0
2025-05-06 16:00:00,23.1,33.0,0.0,23.8,1011.6,8.0
2025-05-06 17:00:00,21.3,40.0,0.0,19.1,1011.7,8.0
2025-05-06 18:00:00,19.5,51.0,0.0,15.8,1011.7,8.0
2025-05-06 19:00:00,19.2,52.0,0.0,13.0,1011.6,8.0
2025-05-06 20:00:00,18.1,58.0,0.0,10.1,1011.8,8.0
2025-05-06 21:00:00,16.6,67.0,0.0,5.4,1012.4,8.0
2025-05-06 22:00:00,16.6,68.0,0.0,2.2,1012.6,8.0
2025-05-06 23:00:00,15.8,62.0,0.0,15.1,1012.8,8.0
2025-05-07 00:00:00,15.3,66.0,0.0,10.4,1013.0,8.0
2025-05-07 01:00:00,14.6,73.0,0.1,6.1,1012.4,8.0
2025-05-07 02:00:00,14.2,77.0,0.0,5.8,1012.1,6.0
2025-05-07 03:00:00,14.0,83.0,0.0,9.0,1011.9,7.0
2025-05-07 04:00:00,12.3,88.0,0.4,6.5,1011.8,3.0
2025-05-07 05:00:00,12.1,89.0,0.0,6.1,1011.4,3.0
2025-05-07 06:00:00,12.5,88.0,0.0,8.3,1011.2,2.0
2025-05-07 07:00:00,14.3,79.0,0.0,8.3,1011.0,4.0
2025-05-07 08:00:00,16.4,66.0,0.0,7.2,1011.0,2.0
2025-05-07 09:00:00,18.4,58.0,0.0,9.0,1010.8,2.0
2025-05-07 10:00:00,19.7,51.0,0.0,10.8,1010.3,4.0
2025-05-07 11:00:00,21.3,39.0,0.0,12.6,1009.9,8.0
2025-05-07 12:00:00,21.6,38.0,0.3,14.8,1009.8,8.0
2025-05-07 13:00:00,19.9,49.0,0.5,11.5,1009.7,8.0
2025-05-07 14:00:00,22.4,37.0,0.2,14.0,1008.3,8.0
2025-05-07 15:00:00,23.0,41.0,0.2,16.9,1007.8,8.0
2025-05-07 16:00:00,21.4,50.0,0.3,18.7,1007.4,8.0
2025-05-07 17:00:00,21.0,52.0,0.0,16.6,1007.2,8.0
2025-05-07 18:00:00,19.2,63.0,0.1,15.8,1007.1,8.0
2025-05-07 19:00:00,17.8,76.0,1.1,6.5,1007.0,8.0
2025-05-07 20:00:00,16.8,83.0,0.8,5.4,1007.4,8.0
2025-05-07 21:00:00,16.4,86.0,0.3,7.2,1007.3,8.0
2025-05-07 22:00:00,15.6,93.0,1.0,12.2,1007.3,8.0
2025-05-07 23:00:00,15.2,94.0,0.4,12.6,1007.1,8.0
2025-05-08 00:00:00,14.5,96.0,2.1,9.0,1006.9,7.0
2025-05-08 01:00:00,14.4,94.0,1.0,10.4,1006.9,8.0
2025-05-08 02:00:00,13.8,96.0,0.0,11.5,1006.5,3.0
2025-05-08 03:00:00,13.1,98.0,0.0,13.7,1006.7,8.0
2025-05-08 04:00:00,12.8,97.0,0.0,15.5,1007.1,8.0
2025-05-08 05:00:00,12.1,95.0,0.0,14.4,1008.2,8.0
2025-05-08 06:00:00,12.5,93.0,0.0,15.5,1008.6,8.0
2025-05-08 07:00:00,12.9,90.0,0.0,17.3,1008.7,8.0
2025-05-08 08:00:00,13.2,87.0,0.0,19.1,1009.0,8.0
2025-05-08 09:00:00,14.4,75.0,0.0,20.5,1009.6,8.0
2025-05-08 10:00:00,15.7,65.0,0.0,16.6,1009.9,8.0
2025-05-08 11:00:00,16.9,58.0,0.0,14.0,1010.2,8.0
2025-05-08 12:00:00,18.3,51.0,0.0,13.7,1010.3,4.0
2025-05-08 13:00:00,18.8,46.0,0.0,13.3,1010.5,6.0
2025-05-08 14:00:00,19.4,41.0,0.0,13.0,1010.5,8.0
2025-05-08 15:00:00,19.4,40.0,0.0,13.7,1010.4,8.0
2025-05-08 16:00:00,19.6,38.0,0.0,13.0,1010.5,8.0
2025-05-08 17:00:00,19.5,37.0,0.0,13.3,1010.6,8.0
2025-05-08 18:00:00,18.7,38.0,0.0,13.3,1010.8,8.0
2025-05-08 19:00:00,17.9,40.0,0.0,12.6,1011.3,5.0
2025-05-08 20:00:00,16.2,46.0,0.0,11.2,1011.7,2.0
2025-05-08 21:00:00,15.0,51.0,0.0,10.4,1012.2,8.0
2025-05-08 22:00:00,14.3,54.0,0.0,11.5,1012.3,6.0
2025-05-08 23:00:00,13.3,56.0,0.0,14.0,1012.9,1.0
2025-05-09 00:00:00,12.3,59.0,0.0,14.4,1012.9,5.0
2025-05-09 01:00:00,11.8,61.0,0.0,12.6,1012.5,3.0
2025-05-09 02:00:00,11.2,65.0,0.0,13.0,1012.2,6.0
2025-05-09 03:00:00,10.8,67.0,0.0,11.9,1011.8,8.0
2025-05-09 04:00:00,10.5,69.0,0.0,12.6,1011.5,8.0
2025-05-09 05:00:00,10.2,70.0,0.0,11.2,1011.3,8.0
2025-05-09 06:00:00,10.7,66.0,0.0,13.0,1011.4,8.0
2025-05-09 07:00:00,12.1,63.0,0.0,13.3,1011.1,8.0
2025-05-09 08:00:00,13.6,60.0,0.0,11.5,1010.7,8.0
2025-05-09 09:00:00,15.3,59.0,0.0,13.7,1010.4,8.0
2025-05-09 10:00:00,15.4,68.0,0.4,15.5,1009.9,8.0
2025-05-09 11:00:00,14.5,89.0,1.6,17.6,1009.8,8.0
2025-05-09 12:00:00,13.9,93.0,2.5,18.4,1009.2,8.0
2025-05-09 13:00:00,14.9,89.0,0.4,18.0,1009.0,8.0
2025-05-09 14:00:00,15.6,88.0,0.6,15.1,1008.1,8.0
2025-05-09 15:00:00,16.0,87.0,2.7,14.4,1007.1,8.0
2025-05-09 16:00:00,15.1,90.0,3.3,18.0,1006.8,6.0
2025-05-09 17:00:00,15.6,82.0,0.6,20.9,1006.2,7.0
2025-05-09 18:00:00,15.4,82.0,0.9,19.1,1006.0,4.0
2025-05-09 19:00:00,14.9,84.0,0.2,21.6,1006.3,5.0
2025-05-09 20:00:00,12.2,87.0,0.1,30.6,1007.5,8.0
2025-05-09 21:00:00,9.9,83.0,0.0,27.7,1009.6,8.0
2025-05-09 22:00:00,9.2,82.0,0.0,25.6,1010.6,8.0
2025-05-09 23:00:00,8.7,82.0,0.0,23.0,1011.7,8.0
2025-05-10 00:00:00,8.4,82.0,0.0,24.8,1012.7,7.0
2025-05-10 01:00:00,7.9,81.0,0.0,24.5,1013.7,8.0
2025-05-10 02:00:00,7.7,80.0,0.0,22.3,1013.9,8.0
2025-05-10 03:00:00,7.7,79.0,0.0,19.8,1014.5,8.0
2025-05-10 04:00:00,7.5,78.0,0.0,18.7,1015.3,8.0
2025-05-10 05:00:00,7.2,77.0,0.0,16.6,1015.4,8.0
2025-05-10 06:00:00,6.9,78.0,0.0,13.7,1015.8,8.0
2025-05-10 07:00:00,7.3,77.0,0.0,11.9,1016.2,7.0
2025-05-10 08:00:00,8.3,70.0,0.0,11.2,1016.3,8.0
2025-05-10 09:00:00,10.1,61.0,0.0,11.9,1016.2,8.0
2025-05-10 10:00:00,11.8,50.0,0.0,15.1,1015.8,8.0
2025-05-10 11:00:00,13.2,41.0,0.0,18.0,1015.7,8.0
2025-05-10 12:00:00,14.0,37.0,0.0,17.3,1015.4,7.0
2025-05-10 13:00:00,14.5,37.0,0.0,18.7,1015.1,5.0
2025-05-10 14:00:00,14.8,36.0,0.0,19.1,1015.1,6.0
2025-05-10 15:00:00,15.0,35.0,0.0,18.7,1014.8,6.0
2025-05-10 16:00:00,14.8,35.0,0.0,17.6,1014.7,5.0
2025-05-10 17:00:00,14.5,35.0,0.0,18.4,1014.5,8.0
2025-05-10 18:00:00,13.6,36.0,0.0,19.8,1014.8,8.0
2025-05-10 19:00:00,12.7,39.0,0.0,13.3,1014.9,3.0
2025-05-10 20:00:00,10.5,49.0,0.0,10.8,1015.7,2.0
2025-05-10 21:00:00,9.2,54.0,0.0,7.2,1016.5,0.0
2025-05-10 22:00:00,8.1,63.0,0.0,6.1,1016.6,0.0
2025-05-10 23:00:00,8.2,66.0,0.0,5.0,1016.3,0.0
2025-05-11 00:00:00,7.6,68.0,0.0,2.5,1016.3,0.0
2025-05-11 01:00:00,6.7,72.0,0.0,4.0,1016.2,0.0
2025-05-11 02:00:00,6.1,76.0,0.0,7.2,1016.1,0.0
2025-05-11 03:00:00,6.7,76.0,0.0,8.6,1015.9,0.0
2025-05-11 04:00:00,7.0,77.0,0.0,9.7,1015.9,0.0
2025-05-11 05:00:00,7.1,78.0,0.0,10.8,1015.6,0.0
2025-05-11 06:00:00,7.9,76.0,0.0,13.0,1015.5,4.0
2025-05-11 07:00:00,9.8,70.0,0.0,15.8,1015.3,8.0
2025-05-11 08:00:00,11.2,63.0,0.0,15.8,1015.1,5.0
2025-05-11 09:00:00,13.0,64.0,0.0,16.9,1014.7,3.0
2025-05-11 10:00:00,14.8,54.0,0.0,20.9,1014.4,4.0
2025-05-11 11:00:00,16.0,47.0,0.0,20.9,1014.1,6.0
2025-05-11 12:00:00,16.6,46.0,0.0,21.6,1013.7,6.0
2025-05-11 13:00:00,16.0,51.0,0.2,22.7,1013.5,4.0
2025-05-11 14:00:00,17.1,51.0,0.0,22.7,1013.4,7.0
2025-05-11 15:00:00,14.9,61.0,0.3,20.2,1013.3,4.0
2025-05-11 16:00:00,14.6,63.0,0.8,18.0,1013.2,6.0
2025-05-11 17:00:00,14.1,66.0,0.4,12.2,1013.4,4.0
2025-05-11 18:00:00,14.6,61.0,0.0,10.1,1013.0,5.0
2025-05-11 19:00:00,13.8,62.0,0.0,10.4,1013.1,7.0
2025-05-11 20:00:00,12.0,76.0,0.0,12.6,1013.4,8.0
2025-05-11 21:00:00,10.8,85.0,0.0,8.3,1013.8,7.0
2025-05-11 22:00:00,10.1,89.0,0.0,7.2,1013.6,8.0
2025-05-11 23:00:00,9.7,92.0,0.0,5.0,1013.4,8.0
2025-05-12 00:00:00,9.7,94.0,0.0,3.2,1013.1,8.0
2025-05-12 01:00:00,9.3,96.0,0.0,3.2,1012.8,8.0
2025-05-12 02:00:00,8.9,98.0,0.0,3.6,1012.5,8.0
2025-05-12 03:00:00,8.6,99.0,0.0,5.0,1012.3,8.0
2025-05-12 04:00:00,8.3,99.0,0.0,5.8,1011.9,8.0
2025-05-12 05:00:00,8.2,100.0,0.0,5.4,1011.3,8.0
2025-05-12 06:00:00,8.7,98.0,0.0,7.2,1011.2,8.0
2025-05-12 07:00:00,10.2,93.0,0.0,6.8,1011.2,8.0
2025-05-12 08:00:00,11.3,87.0,0.0,8.6,1011.0,8.0
2025-05-12 09:00:00,12.6,80.0,0.0,10.8,1011.0,8.0
2025-05-12 10:00:00,13.4,74.0,0.0,14.0,1010.6,8.0
2025-05-12 11:00:00,13.0,71.0,0.1,16.6,1010.6,8.0
2025-05-12 12:00:00,12.9,70.0,0.0,12.6,1010.4,8.0
2025-05-12 13:00:00,13.6,67.0,0.0,12.6,1010.0,8.0
2025-05-12 14:00:00,11.6,81.0,1.4,15.8,1010.4,8.0
2025-05-12 15:00:00,13.5,62.0,0.8,16.9,1009.9,8.0
2025-05-12 16:00:00,13.4,65.0,0.0,15.8,1009.5,4.0
2025-05-12 17:00:00,13.1,66.0,0.0,17.3,1009.6,5.0
2025-05-12 18:00:00,11.9,68.0,0.0,18.0,1009.7,2.0
2025-05-12 19:00:00,10.9,68.0,0.0,17.3,1009.9,1.0
2025-05-12 20:00:00,10.1,82.0,0.0,12.6,1010.2,3.0
2025-05-12 21:00:00,9.0,82.0,0.0,14.4,1010.7,7.0
2025-05-12 22:00:00,8.9,79.0,0.0,16.6,1010.8,8.0
2025-05-12 23:00:00,8.4,80.0,0.0,14.4,1010.9,7.0
2025-05-13 00:00:00,7.7,82.0,0.0,12.6,1010.7,5.0
2025-05-13 01:00:00,6.8,87.0,0.0,11.9,1010.9,1.0
2025-05-13 02:00:00,6.3,89.0,0.0,11.2,1010.9,1.0
2025-05-13 03:00:00,5.6,92.0,0.0,10.8,1011.2,0.0
2025-05-13 04:00:00,5.1,94.0,0.0,11.2,1011.4,0.0
2025-05-13 05:00:00,4.8,95.0,0.0,11.5,1011.5,0.0
2025-05-13 06:00:00,5.5,92.0,0.0,13.7,1011.4,0.0
2025-05-13 07:00:00,7.4,83.0,0.0,11.9,1011.8,0.0
2025-05-13 08:00:00,9.7,73.0,0.0,10.4,1011.9,0.0
2025-05-13 09:00:00,11.9,60.0,0.0,11.5,1012.0,1.0
2025-05-13 10:00:00,13.3,47.0,0.0,13.7,1011.9,1.0
2025-05-13 11:00:00,14.4,38.0,0.0,13.3,1011.8,2.0
2025-05-13 12:00:00,15.1,35.0,0.0,13.3,1011.5,5.0
2025-05-13 13:00:00,15.4,35.0,0.0,14.0,1011.4,4.0
2025-05-13 14:00:00,15.5,36.0,0.1,15.5,1011.1,3.0
2025-05-13 15:00:00,15.5,36.0,0.0,15.5,1010.9,3.0
2025-05-13 16:00:00,15.3,40.0,0.0,15.1,1010.7,2.0
2025-05-13 17:00:00,14.9,43.0,0.0,14.0,1010.4,1.0
2025-05-13 18:00:00,13.9,47.0,0.0,18.4,1010.6,3.0
2025-05-13 19:00:00,12.2,59.0,0.0,13.3,1011.0,2.0
2025-05-13 20:00:00,10.7,68.0,0.0,6.1,1011.3,0.0
2025-05-13 21:00:00,9.2,74.0,0.0,6.5,1011.7,1.0
2025-05-13 22:00:00,8.6,77.0,0.0,6.8,1011.9,0.0
2025-05-13 23:00:00,8.0,80.0,0.0,7.6,1011.9,0.0
2025-05-14 00:00:00,7.4,83.0,0.0,9.4,1011.9,0.0
2025-05-14 01:00:00,6.9,85.0,0.0,10.8,1012.0,0.0
2025-05-14 02:00:00,6.5,88.0,0.0,9.4,1011.9,0.0
2025-05-14 03:00:00,6.1,90.0,0.0,9.4,1012.3,0.0
2025-05-14 04:00:00,5.6,93.0,0.0,8.3,1012.3,0.0
2025-05-14 05:00:00,5.2,94.0,0.0,7.2,1012.4,0.0
2025-05-14 06:00:00,6.0,92.0,0.0,9.0,1012.5,0.0
2025-05-14 07:00:00,8.2,84.0,0.0,7.6,1012.7,0.0
2025-05-14 08:00:00,10.7,75.0,0.0,7.9,1012.7,0.0
2025-05-14 09:00:00,12.9,60.0,0.1,10.4,1012.8,2.0
2025-05-14 10:00:00,14.1,54.0,0.2,13.0,1012.5,1.0
2025-05-14 11:00:00,15.0,54.0,0.0,13.7,1012.4,3.0
2025-05-14 12:00:00,16.4,47.0,0.0,18.4,1012.0,5.0
2025-05-14 13:00:00,16.5,46.0,0.0,18.7,1011.9,8.0
2025-05-14 14:00:00,16.4,45.0,0.0,19.1,1011.6,8.0
2025-05-14 15:00:00,14.7,52.0,0.5,16.9,1011.7,7.0
2025-05-14 16:00:00,14.6,54.0,0.6,21.6,1011.4,7.0
2025-05-14 17:00:00,15.3,46.0,1.5,17.6,1011.2,4.0
2025-05-14 18:00:00,14.9,47.0,0.0,16.6,1011.3,4.0
2025-05-14 19:00:00,13.7,58.0,0.0,10.4,1011.6,1.0
2025-05-14 20:00:00,11.6,69.0,0.0,6.5,1011.8,1.0
2025-05-14 21:00:00,10.3,75.0,0.0,9.7,1012.4,0.0
2025-05-14 22:00:00,9.6,74.0,0.0,10.1,1012.3,0.0
2025-05-14 23:00:00,9.7,81.0,0.0,13.3,1012.5,0.0
2025-05-15 00:00:00,9.7,84.0,0.0,12.6,1012.8,0.0
2025-05-15 01:00:00,9.3,87.0,0.0,13.0,1013.0,0.0
2025-05-15 02:00:00,9.0,89.0,0.0,13.0,1013.0,0.0
2025-05-15 03:00:00,8.6,90.0,0.0,11.9,1013.0,0.0
2025-05-15 04:00:00,8.3,92.0,0.0,11.2,1013.0,0.0
2025-05-15 05:00:00,8.1,93.0,0.0,11.2,1012.8,0.0
2025-05-15 06:00:00,8.7,92.0,0.0,12.2,1012.8,0.0
2025-05-15 07:00:00,10.6,87.0,0.0,12.2,1013.1,0.0
2025-05-15 08:00:00,12.7,74.0,0.0,14.0,1013.2,0.0
2025-05-15 09:00:00,14.6,66.0,0.0,15.5,1013.3,1.0
2025-05-15 10:00:00,16.2,56.0,0.0,19.4,1013.3,1.0
2025-05-15 11:00:00,17.4,47.0,0.0,21.6,1013.4,1.0
2025-05-15 12:00:00,18.2,42.0,0.0,23.8,1013.5,3.0
2025-05-15 13:00:00,18.6,45.0,0.0,24.8,1013.9,8.0
2025-05-15 14:00:00,18.7,44.0,0.0,24.1,1014.0,3.0
2025-05-15 15:00:00,15.5,60.0,0.8,26.3,1014.8,6.0
2025-05-15 16:00:00,17.8,50.0,0.0,22.7,1013.9,3.0
2025-05-15 17:00:00,18.1,45.0,0.0,24.5,1013.7,1.0
2025-05-15 18:00:00,17.8,44.0,0.0,24.5,1013.8,2.0
2025-05-15 19:00:00,16.8,48.0,0.0,20.2,1013.9,2.0
2025-05-15 20:00:00,15.2,55.0,0.0,15.8,1014.7,1.0
2025-05-15 21:00:00,14.0,59.0,0.0,16.2,1015.6,8.0
2025-05-15 22:00:00,13.4,59.0,0.0,16.2,1016.0,8.0
2025-05-15 23:00:00,12.4,63.0,0.0,15.1,1016.3,8.0
2025-05-16 00:00:00,11.6,70.0,0.0,13.0,1016.5,8.0
2025-05-16 01:00:00,10.9,74.0,0.0,12.6,1016.4,8.0
2025-05-16 02:00:00,10.3,78.0,0.0,11.5,1016.6,3.0
2025-05-16 03:00:00,9.7,83.0,0.0,11.2,1016.8,1.0
2025-05-16 04:00:00,9.6,84.0,0.0,11.5,1017.0,3.0
2025-05-16 05:00:00,9.0,85.0,0.0,9.0,1017.2,3.0
2025-05-16 06:00:00,9.9,83.0,0.0,10.8,1017.8,0.0
2025-05-16 07:00:00,11.8,78.0,0.0,12.2,1017.7,0.0
2025-05-16 08:00:00,13.5,76.0,0.0,15.5,1017.8,0.0
2025-05-16 09:00:00,15.2,60.0,0.0,19.1,1018.0,8.0
2025-05-16 10:00:00,16.4,48.0,0.0,22.0,1017.5,8.0
2025-05-16 11:00:00,17.6,40.0,0.0,25.2,1017.3,8.0
2025-05-16 12:00:00,18.7,32.0,0.0,27.4,1017.4,8.0
2025-05-16 13:00:00,19.2,29.0,0.0,27.4,1017.2,8.0
2025-05-16 14:00:00,18.9,35.0,0.0,27.4,1017.3,8.0
2025-05-16 15:00:00,19.2,37.0,0.0,27.4,1016.9,3.0
2025-05-16 16:00:00,19.3,38.0,0.0,27.4,1016.4,1.0
2025-05-16 17:00:00,18.8,40.0,0.0,26.6,1016.2,8.0
2025-05-16 18:00:00,17.9,44.0,0.0,24.1,1016.0,8.0
2025-05-16 19:00:00,16.7,49.0,0.0,19.4,1015.4,8.0
2025-05-16 20:00:00,15.8,55.0,0.0,17.6,1015.6,8.0
2025-05-16 21:00:00,15.1,61.0,0.0,16.6,1015.5,8.0
2025-05-16 22:00:00,14.9,65.0,0.0,17.6,1015.1,8.0
2025-05-16 23:00:00,14.7,67.0,0.0,18.4,1014.4,8.0
2025-05-17 00:00:00,14.4,69.0,0.0,16.9,1013.8,8.0
2025-05-17 01:00:00,14.5,71.0,0.0,14.4,1013.1,8.0
2025-05-17 02:00:00,14.3,73.0,0.0,13.7,1012.7,8.0
2025-05-17 03:00:00,14.4,74.0,0.0,14.4,1012.2,8.0
2025-05-17 04:00:00,14.5,76.0,0.0,15.8,1011.3,8.0
2025-05-17 05:00:00,15.2,75.0,0.0,18.0,1010.7,8.0
2025-05-17 06:00:00,15.7,73.0,0.0,20.2,1010.1,8.0
2025-05-17 07:00:00,16.0,70.0,0.0,20.5,1009.6,8.0
2025-05-17 08:00:00,17.3,67.0,0.0,23.4,1009.5,8.0
2025-05-17 09:00:00,18.4,61.0,0.0,25.9,1008.6,8.0
2025-05-17 10:00:00,19.1,59.0,0.0,27.4,1007.8,2.0
2025-05-17 11:00:00,20.4,48.0,0.0,29.9,1007.6,8.0
2025-05-17 12:00:00,20.2,50.0,0.0,32.4,1007.3,8.0
2025-05-17 13:00:00,19.7,52.0,0.0,29.2,1006.6,8.0
2025-05-17 14:00:00,17.4,66.0,0.4,23.0,1006.4,8.0
2025-05-17 15:00:00,16.3,73.0,0.1,21.2,1006.9,8.0
2025-05-17 16:00:00,17.7,67.0,0.0,17.3,1006.6,8.0
2025-05-17 17:00:00,18.1,65.0,0.0,18.4,1005.9,8.0
2025-05-17 18:00:00,17.0,67.0,0.3,18.4,1005.9,8.0
2025-05-17 19:00:00,16.0,68.0,0.0,14.0,1006.0,8.0
2025-05-17 20:00:00,15.3,74.0,0.1,5.0,1005.6,7.0
2025-05-17 21:00:00,14.3,88.0,0.4,7.2,1004.8,8.0
2025-05-17 22:00:00,13.9,91.0,0.0,10.1,1005.1,6.0
2025-05-17 23:00:00,12.9,94.0,0.0,9.4,1005.5,1.0
2025-05-18 00:00:00,12.4,94.0,0.0,13.7,1005.7,1.0
2025-05-18 01:00:00,12.4,97.0,0.0,15.5,1006.3,4.0
2025-05-18 02:00:00,12.2,97.0,0.0,14.8,1006.6,5.0
2025-05-18 03:00:00,11.8,98.0,0.0,11.2,1007.0,8.0
2025-05-18 04:00:00,12.3,97.0,0.0,13.7,1007.5,8.0
2025-05-18 05:00:00,12.5,95.0,0.0,14.0,1007.8,8.0
2025-05-18 06:00:00,12.6,94.0,0.0,14.4,1008.1,8.0
2025-05-18 07:00:00,13.0,93.0,0.0,12.6,1007.9,8.0
2025-05-18 08:00:00,13.4,91.0,0.1,15.1,1008.0,8.0
2025-05-18 09:00:00,13.5,92.0,0.4,18.7,1008.1,8.0
2025-05-18 10:00:00,13.0,96.0,0.9,16.6,1008.5,8.0
2025-05-18 11:00:00,13.3,94.0,0.9,19.8,1009.1,8.0
2025-05-18 12:00:00,15.3,74.0,0.3,22.0,1009.9,8.0
2025-05-18 13:00:00,16.4,65.0,0.0,22.7,1010.0,6.0
2025-05-18 14:00:00,18.0,57.0,0.1,22.7,1010.1,3.0
2025-05-18 15:00:00,18.5,52.0,0.0,22.0,1010.1,2.0
2025-05-18 16:00:00,18.5,50.0,0.0,20.9,1010.4,3.0
2025-05-18 17:00:00,18.1,50.0,0.0,19.1,1010.1,4.0
2025-05-18 18:00:00,18.0,48.0,0.0,19.1,1010.3,7.0
2025-05-18 19:00:00,16.7,52.0,0.0,23.8,1011.0,4.0
2025-05-18 20:00:00,14.2,66.0,0.0,12.6,1011.7,0.0
2025-05-18 21:00:00,12.1,76.0,0.0,9.0,1012.7,0.0
2025-05-18 22:00:00,11.3,83.0,0.0,7.6,1013.5,0.0
2025-05-18 23:00:00,10.6,87.0,0.0,7.6,1013.5,2.0
2025-05-19 00:00:00,11.0,85.0,0.0,12.2,1013.8,3.0
2025-05-19 01:00:00,11.2,85.0,0.0,15.8,1013.7,0.0
2025-05-19 02:00:00,10.8,89.0,0.0,12.6,1013.6,0.0
2025-05-19 03:00:00,10.2,93.0,0.0,10.4,1013.7,1.0
2025-05-19 04:00:00,9.9,94.0,0.0,11.5,1013.7,0.0
2025-05-19 05:00:00,9.6,95.0,0.0,11.2,1013.7,1.0
2025-05-19 06:00:00,10.3,95.0,0.0,12.2,1013.9,0.0
2025-05-19 07:00:00,12.1,87.0,0.0,12.6,1014.2,0.0
2025-05-19 08:00:00,14.3,80.0,0.0,13.0,1013.9,7.0
2025-05-19 09:00:00,16.0,72.0,0.0,14.0,1013.9,7.0
2025-05-19 10:00:00,17.1,66.0,0.4,14.8,1013.4,3.0
2025-05-19 11:00:00,18.2,62.0,0.3,18.7,1013.1,6.0
2025-05-19 12:00:00,16.2,67.0,3.6,15.1,1013.3,8.0
2025-05-19 13:00:00,18.6,59.0,0.5,25.2,1011.7,8.0
2025-05-19 14:00:00,16.8,65.0,1.4,25.2,1011.7,7.0
2025-05-19 15:00:00,18.2,55.0,0.0,24.1,1010.9,4.0
2025-05-19 16:00:00,19.8,43.0,0.0,28.1,1010.2,8.0
2025-05-19 17:00:00,19.1,43.0,0.0,25.6,1009.9,6.0
2025-05-19 18:00:00,18.0,48.0,0.0,21.2,1009.8,7.0
2025-05-19 19:00:00,16.8,55.0,0.0,16.9,1009.6,8.0
2025-05-19 20:00:00,14.9,66.0,0.0,15.1,1010.0,6.0
2025-05-19 21:00:00,14.0,65.0,0.0,13.0,1010.0,8.0
2025-05-19 22:00:00,13.2,73.0,0.0,16.9,1010.5,8.0
2025-05-19 23:00:00,12.4,78.0,0.0,11.2,1009.8,1.0
2025-05-20 00:00:00,11.1,87.0,0.0,11.9,1009.5,8.0
2025-05-20 01:00:00,11.8,87.0,0.0,19.1,1009.0,8.0
2025-05-20 02:00:00,11.7,89.0,0.0,18.7,1008.8,8.0
2025-05-20 03:00:00,11.7,90.0,0.0,20.5,1008.3,8.0
2025-05-20 04:00:00,11.8,91.0,1.6,18.7,1007.8,8.0
2025-05-20 05:00:00,11.5,91.0,0.9,18.7,1007.4,8.0
2025-05-20 06:00:00,11.6,94.0,3.0,18.4,1007.3,8.0
2025-05-20 07:00:00,12.2,91.0,0.2,18.7,1007.1,8.0
2025-05-20 08:00:00,12.6,87.0,0.8,15.1,1007.2,8.0
2025-05-20 09:00:00,13.6,85.0,0.2,16.2,1007.0,7.0
2025-05-20 10:00:00,15.2,72.0,0.1,17.3,1006.6,7.0
2025-05-20 11:00:00,16.0,60.0,0.1,21.2,1006.6,8.0
2025-05-20 12:00:00,16.7,50.0,0.0,21.2,1006.6,8.0
2025-05-20 13:00:00,17.2,44.0,0.0,22.3,1006.1,8.0
2025-05-20 14:00:00,17.2,46.0,0.0,24.8,1005.5,6.0
2025-05-20 15:00:00,16.2,48.0,0.1,20.2,1005.4,8.0
2025-05-20 16:00:00,16.7,51.0,0.2,20.9,1005.0,7.0
2025-05-20 17:00:00,14.0,65.0,1.0,19.4,1005.4,5.0
2025-05-20 18:00:00,14.7,57.0,0.2,18.7,1005.4,4.0
2025-05-20 19:00:00,13.8,60.0,1.6,19.4,1005.8,4.0
2025-05-20 20:00:00,12.1,73.0,0.0,17.3,1006.9,6.0
2025-05-20 21:00:00,11.4,80.0,0.0,22.0,1007.7,3.0
2025-05-20 22:00:00,10.9,81.0,0.3,20.9,1008.5,7.0
2025-05-20 23:00:00,10.4,89.0,1.8,16.6,1008.9,8.0
2025-05-21 00:00:00,10.0,91.0,0.0,9.7,1009.1,7.0
2025-05-21 01:00:00,9.9,92.0,0.0,16.2,1009.2,1.0
2025-05-21 02:00:00,9.6,92.0,0.0,16.6,1009.8,0.0
2025-05-21 03:00:00,9.2,93.0,0.0,16.2,1010.3,0.0
2025-05-21 04:00:00,9.0,94.0,0.0,15.5,1010.8,0.0
2025-05-21 05:00:00,9.0,95.0,0.0,15.1,1011.2,1.0
2025-05-21 06:00:00,9.6,94.0,0.0,16.2,1012.0,1.0
2025-05-21 07:00:00,11.2,89.0,0.0,14.4,1012.5,0.0
2025-05-21 08:00:00,13.4,78.0,0.0,18.7,1013.1,5.0
2025-05-21 09:00:00,15.2,72.0,0.0,18.4,1013.5,8.0
2025-05-21 10:00:00,16.5,66.0,0.0,16.2,1013.8,5.0
2025-05-21 11:00:00,18.2,62.0,0.0,16.2,1014.2,3.0
2025-05-21 12:00:00,19.6,56.0,0.0,17.6,1014.0,5.0
2025-05-21 13:00:00,20.7,50.0,0.0,19.1,1014.0,8.0
2025-05-21 14:00:00,20.6,47.0,0.0,19.1,1014.0,8.0
2025-05-21 15:00:00,20.7,46.0,0.0,19.8,1014.0,5.0
2025-05-21 16:00:00,20.4,48.0,0.0,19.8,1014.2,5.0
2025-05-21 17:00:00,20.6,49.0,0.0,19.4,1014.1,4.0
2025-05-21 18:00:00,20.3,50.0,0.0,17.3,1014.1,3.0
2025-05-21 19:00:00,19.4,53.0,0.0,14.8,1014.4,4.0
2025-05-21 20:00:00,17.6,59.0,0.0,11.9,1014.9,3.0
2025-05-21 21:00:00,15.4,69.0,0.0,9.7,1015.4,1.0
2025-05-21 22:00:00,14.7,72.0,0.0,11.2,1015.8,1.0
2025-05-21 23:00:00,14.3,75.0,0.0,12.2,1016.1,1.0
2025-05-22 00:00:00,13.8,82.0,0.0,15.5,1016.4,0.0
2025-05-22 01:00:00,13.9,82.0,0.0,16.6,1016.4,0.0
2025-05-22 02:00:00,13.2,83.0,0.0,15.8,1016.7,0.0
2025-05-22 03:00:00,12.4,86.0,0.0,14.0,1016.8,0.0
2025-05-22 04:00:00,11.7,88.0,0.0,11.9,1016.9,0.0
2025-05-22 05:00:00,11.0,90.0,0.0,10.4,1016.7,0.0
2025-05-22 06:00:00,12.3,84.0,0.0,12.2,1016.9,0.0
2025-05-22 07:00:00,14.2,79.0,0.0,11.5,1017.3,0.0
2025-05-22 08:00:00,16.1,70.0,0.0,11.9,1017.7,0.0
2025-05-22 09:00:00,17.9,62.0,0.0,10.4,1017.8,0.0
2025-05-22 10:00:00,19.7,54.0,0.0,10.4,1017.8,0.0
2025-05-22 11:00:00,20.8,48.0,0.0,11.2,1018.2,0.0
2025-05-22 12:00:00,21.5,43.0,0.0,14.0,1018.1,0.0
2025-05-22 13:00:00,21.9,41.0,0.0,14.4,1018.1,0.0
2025-05-22 14:00:00,22.4,40.0,0.0,13.7,1017.8,0.0
2025-05-22 15:00:00,22.7,39.0,0.0,15.1,1017.2,0.0
2025-05-22 16:00:00,22.8,37.0,0.0,16.2,1016.8,0.0
2025-05-22 17:00:00,22.5,38.0,0.0,18.0,1016.3,0.0
2025-05-22 18:00:00,21.8,40.0,0.0,18.0,1016.0,0.0
2025-05-22 19:00:00,20.6,47.0,0.0,18.0,1015.8,0.0
2025-05-22 20:00:00,18.6,54.0,0.0,18.0,1016.3,0.0
2025-05-22 21:00:00,17.2,58.0,0.0,17.6,1017.1,0.0
2025-05-22 22:00:00,16.0,64.0,0.0,14.4,1017.3,0.0
2025-05-22 23:00:00,14.7,71.0,0.0,11.5,1017.5,1.0
2025-05-23 00:00:00,13.9,78.0,0.0,11.2,1017.5,1.0
2025-05-23 01:00:00,13.2,85.0,0.0,9.7,1017.3,0.0
2025-05-23 02:00:00,12.6,85.0,0.0,8.3,1017.0,0.0
2025-05-23 03:00:00,12.0,87.0,0.0,8.3,1016.7,0.0
2025-05-23 04:00:00,11.8,87.0,0.0,8.6,1016.6,0.0
2025-05-23 05:00:00,11.7,87.0,0.0,10.1,1016.3,0.0
2025-05-23 06:00:00,12.9,81.0,0.0,11.9,1016.4,0.0
2025-05-23 07:00:00,14.8,74.0,0.0,11.5,1016.5,0.0
2025-05-23 08:00:00,17.3,61.0,0.0,10.4,1016.6,0.0
2025-05-23 09:00:00,19.8,52.0,0.0,14.4,1016.3,0.0
2025-05-23 10:00:00,21.4,47.0,0.0,17.6,1016.0,0.0
2025-05-23 11:00:00,22.6,42.0,0.0,19.1,1015.8,0.0
2025-05-23 12:00:00,23.5,40.0,0.0,19.4,1015.6,0.0
2025-05-23 13:00:00,24.3,37.0,0.0,19.1,1015.3,0.0
2025-05-23 14:00:00,24.9,36.0,0.0,18.4,1015.1,0.0
2025-05-23 15:00:00,25.1,35.0,0.0,17.6,1014.5,2.0
2025-05-23 16:00:00,25.0,34.0,0.0,18.0,1014.0,2.0
2025-05-23 17:00:00,24.8,34.0,0.0,17.3,1013.8,4.0
2025-05-23 18:00:00,24.5,34.0,0.0,16.2,1013.5,4.0
2025-05-23 19:00:00,23.1,42.0,0.0,12.6,1013.5,4.0
2025-05-23 20:00:00,20.1,54.0,0.0,10.1,1013.7,8.0
2025-05-23 21:00:00,18.5,55.0,0.0,9.7,1014.2,6.0
2025-05-23 22:00:00,18.2,54.0,0.0,10.1,1014.3,0.0
2025-05-23 23:00:00,16.8,57.0,0.0,8.6,1013.9,1.0
2025-05-24 00:00:00,16.3,59.0,0.0,9.4,1013.8,0.0
2025-05-24 01:00:00,15.6,62.0,0.0,9.7,1013.6,0.0
2025-05-24 02:00:00,15.6,61.0,0.0,11.9,1013.8,2.0
2025-05-24 03:00:00,15.2,64.0,0.0,12.2,1013.9,8.0
2025-05-24 04:00:00,15.0,66.0,0.0,12.6,1014.0,8.0
2025-05-24 05:00:00,15.0,71.0,0.0,12.2,1014.2,7.0
2025-05-24 06:00:00,16.0,73.0,0.0,14.0,1014.2,1.0
2025-05-24 07:00:00,18.1,69.0,0.0,13.7,1014.3,3.0
2025-05-24 08:00:00,20.4,62.0,0.0,14.8,1014.3,1.0
2025-05-24 09:00:00,22.5,55.0,0.0,16.6,1014.2,2.0
2025-05-24 10:00:00,24.2,47.0,0.0,18.0,1014.0,7.0
2025-05-24 11:00:00,25.3,41.0,0.0,19.1,1014.0,4.0
2025-05-24 12:00:00,26.2,37.0,0.0,19.4,1014.1,2.0
2025-05-24 13:00:00,26.9,34.0,0.0,18.7,1013.9,2.0
2025-05-24 14:00:00,27.6,32.0,0.0,19.4,1013.3,1.0
2025-05-24 15:00:00,27.7,31.0,0.0,19.8,1012.9,2.0
2025-05-24 16:00:00,27.6,28.0,0.0,19.4,1012.7,4.0
2025-05-24 17:00:00,27.4,26.0,0.0,19.8,1012.4,6.0
2025-05-24 18:00:00,26.5,27.0,0.0,18.0,1012.5,4.0
2025-05-24 19:00:00,25.2,34.0,0.0,14.8,1012.7,7.0
2025-05-24 20:00:00,22.5,41.0,0.0,9.0,1013.2,8.0
2025-05-24 21:00:00,20.3,47.0,0.0,8.3,1013.6,8.0
2025-05-24 22:00:00,19.3,51.0,0.0,8.3,1013.7,8.0
2025-05-24 23:00:00,18.5,56.0,0.0,9.4,1013.7,1.0
2025-05-25 00:00:00,17.9,54.0,0.0,8.6,1013.4,3.0
2025-05-25 01:00:00,17.7,57.0,0.0,11.5,1013.3,7.0
2025-05-25 02:00:00,17.4,59.0,0.0,13.0,1013.3,8.0
2025-05-25 03:00:00,17.1,60.0,0.0,13.7,1013.4,8.0
2025-05-25 04:00:00,16.9,66.0,0.0,13.3,1013.5,3.0
2025-05-25 05:00:00,16.6,72.0,0.0,13.7,1013.7,0.0
2025-05-25 06:00:00,17.3,65.0,0.0,17.3,1013.7,7.0
2025-05-25 07:00:00,19.1,60.0,0.0,15.1,1014.0,8.0
2025-05-25 08:00:00,21.2,48.0,0.0,19.8,1013.8,8.0
2025-05-25 09:00:00,23.2,42.0,0.0,23.4,1013.6,6.0
2025-05-25 10:00:00,25.2,40.0,0.0,24.1,1013.1,0.0
2025-05-25 11:00:00,26.4,38.0,0.0,24.5,1012.6,8.0
2025-05-25 12:00:00,27.2,38.0,0.0,26.3,1012.8,7.0
2025-05-25 13:00:00,28.0,37.0,0.0,26.6,1012.8,8.0
2025-05-25 14:00:00,28.5,35.0,0.0,26.6,1012.5,8.0
2025-05-25 15:00:00,28.6,34.0,0.0,26.6,1012.2,8.0
2025-05-25 16:00:00,28.9,31.0,0.0,26.3,1011.9,8.0
2025-05-25 17:00:00,28.2,31.0,0.0,25.6,1011.7,8.0
2025-05-25 18:00:00,26.9,35.0,0.0,24.5,1011.6,8.0
2025-05-25 19:00:00,25.6,39.0,0.0,21.6,1011.7,8.0
2025-05-25 20:00:00,24.5,42.0,0.0,20.2,1012.6,6.0
2025-05-25 21:00:00,23.6,46.0,0.0,18.7,1013.1,1.0
2025-05-25 22:00:00,22.0,52.0,0.0,16.2,1013.4,8.0
2025-05-25 23:00:00,21.2,55.0,0.0,15.1,1013.6,8.0
2025-05-26 00:00:00,21.0,57.0,0.0,18.7,1013.6,8.0
2025-05-26 01:00:00,21.1,60.0,0.0,22.0,1013.1,8.0
2025-05-26 02:00:00,20.7,64.0,0.0,19.8,1013.2,8.0
2025-05-26 03:00:00,20.9,64.0,0.0,22.0,1012.8,7.0
2025-05-26 04:00:00,20.6,63.0,0.0,20.9,1012.6,7.0
2025-05-26 05:00:00,20.1,63.0,0.0,18.7,1012.9,8.0
2025-05-26 06:00:00,20.5,60.0,0.0,19.4,1013.2,8.0
2025-05-26 07:00:00,20.8,57.0,0.0,18.7,1013.6,8.0
2025-05-26 08:00:00,22.0,53.0,0.0,19.4,1013.5,8.0
2025-05-26 09:00:00,23.3,48.0,0.0,23.0,1013.1,8.0
2025-05-26 10:00:00,25.7,41.0,0.0,27.0,1012.8,8.0
2025-05-26 11:00:00,27.2,33.0,0.0,29.2,1012.8,8.0
2025-05-26 12:00:00,28.2,30.0,0.0,30.2,1012.7,6.0
2025-05-26 13:00:00,29.1,25.0,0.0,30.2,1012.3,8.0
2025-05-26 14:00:00,29.2,23.0,0.0,33.1,1011.7,8.0
2025-05-26 15:00:00,29.2,22.0,0.0,33.5,1011.0,4.0
2025-05-26 16:00:00,29.2,21.0,0.0,34.2,1010.6,6.0
2025-05-26 17:00:00,28.5,21.0,0.0,32.0,1010.6,8.0
2025-05-26 18:00:00,27.2,23.0,0.0,28.4,1010.6,8.0
2025-05-26 19:00:00,25.9,27.0,0.0,22.7,1010.6,8.0
2025-05-26 20:00:00,25.0,30.0,0.0,26.3,1010.8,8.0
2025-05-26 21:00:00,24.1,35.0,0.0,25.6,1011.2,8.0
2025-05-26 22:00:00,23.2,40.0,0.0,23.8,1011.4,8.0
2025-05-26 23:00:00,22.5,43.0,0.0,22.7,1011.5,8.0
2025-05-27 00:00:00,21.8,44.0,0.0,21.6,1011.0,8.0
2025-05-27 01:00:00,21.5,43.0,0.0,22.0,1010.2,7.0
2025-05-27 02:00:00,21.3,41.0,0.0,22.0,1009.9,8.0
2025-05-27 03:00:00,21.1,37.0,0.0,22.3,1009.8,8.0
2025-05-27 04:00:00,21.2,35.0,0.0,23.0,1009.5,8.0
2025-05-27 05:00:00,20.9,35.0,0.0,23.0,1009.4,8.0
2025-05-27 06:00:00,20.8,35.0,0.0,23.0,1009.6,8.0
2025-05-27 07:00:00,20.9,35.0,0.0,23.8,1009.6,8.0
2025-05-27 08:00:00,21.6,35.0,0.0,25.9,1009.7,8.0
2025-05-27 09:00:00,22.0,36.0,0.0,27.4,1009.6,8.0
2025-05-27 10:00:00,22.9,36.0,0.0,26.3,1009.6,8.0
2025-05-27 11:00:00,23.6,36.0,0.0,24.8,1009.6,8.0
2025-05-27 12:00:00,25.2,35.0,0.0,25.9,1009.3,8.0
2025-05-27 13:00:00,25.9,35.0,0.0,24.1,1009.0,8.0
2025-05-27 14:00:00,24.2,44.0,0.0,24.1,1008.7,8.0
2025-05-27 15:00:00,24.1,46.0,0.0,21.6,1008.4,8.0
2025-05-27 16:00:00,25.1,44.0,0.0,20.9,1008.1,8.0
2025-05-27 17:00:00,23.7,50.0,0.0,20.5,1008.3,8.0
2025-05-27 18:00:00,21.2,62.0,0.2,23.4,1009.2,8.0
2025-05-27 19:00:00,20.2,70.0,0.3,21.2,1009.5,8.0
2025-05-27 20:00:00,19.1,80.0,0.3,15.8,1009.9,8.0
2025-05-27 21:00:00,18.6,84.0,0.1,12.6,1010.0,8.0
2025-05-27 22:00:00,18.2,87.0,0.2,11.2,1010.2,8.0
2025-05-27 23:00:00,17.9,90.0,0.2,11.9,1010.2,7.0
2025-05-28 00:00:00,17.5,93.0,0.1,13.0,1009.6,8.0
2025-05-28 01:00:00,17.2,93.0,0.0,15.5,1009.4,8.0
2025-05-28 02:00:00,17.2,93.0,0.5,16.2,1009.2,8.0
2025-05-28 03:00:00,16.8,95.0,1.9,15.1,1009.3,8.0
2025-05-28 04:00:00,16.8,96.0,1.3,14.8,1009.1,8.0
2025-05-28 05:00:00,16.8,92.0,0.1,15.1,1008.7,4.0
2025-05-28 06:00:00,16.6,86.0,0.2,19.4,1008.6,7.0
2025-05-28 07:00:00,17.1,80.0,0.0,23.0,1008.7,8.0
2025-05-28 08:00:00,17.3,81.0,0.1,25.2,1009.2,8.0
2025-05-28 09:00:00,17.4,84.0,0.1,27.0,1009.1,8.0
2025-05-28 10:00:00,18.3,81.0,0.2,22.0,1009.4,8.0
2025-05-28 11:00:00,18.5,82.0,0.6,18.0,1009.7,8.0
2025-05-28 12:00:00,19.5,75.0,0.1,14.4,1009.9,8.0
2025-05-28 13:00:00,19.5,74.0,0.6,10.8,1010.2,8.0
2025-05-28 14:00:00,20.2,68.0,0.1,11.2,1010.2,7.0
2025-05-28 15:00:00,19.5,73.0,0.0,7.6,1010.0,8.0
2025-05-28 16:00:00,20.4,69.0,0.5,6.5,1009.8,6.0
2025-05-28 17:00:00,20.9,65.0,0.0,9.4,1009.8,3.0
2025-05-28 18:00:00,20.9,65.0,0.0,13.3,1009.7,3.0
2025-05-28 19:00:00,20.0,72.0,0.0,15.1,1009.6,8.0
2025-05-28 20:00:00,18.2,85.0,0.0,11.2,1009.9,8.0
2025-05-28 21:00:00,17.6,88.0,0.0,11.9,1010.0,8.0
2025-05-28 22:00:00,17.2,91.0,0.0,11.5,1010.0,1.0
2025-05-28 23:00:00,16.6,92.0,0.0,11.2,1009.9,1.0
2025-05-29 00:00:00,15.5,90.0,0.0,8.3,1009.7,1.0
2025-05-29 01:00:00,15.2,91.0,0.0,6.8,1009.2,1.0
2025-05-29 02:00:00,14.1,94.0,0.0,5.8,1009.1,1.0
2025-05-29 03:00:00,13.1,95.0,0.0,4.0,1008.8,0.0
2025-05-29 04:00:00,12.7,97.0,0.0,3.6,1008.8,0.0
2025-05-29 05:00:00,12.4,99.0,0.0,3.6,1008.8,3.0
2025-05-29 06:00:00,13.8,96.0,0.0,6.5,1008.7,0.0
2025-05-29 07:00:00,16.1,85.0,0.0,6.1,1009.0,0.0
2025-05-29 08:00:00,18.1,73.0,0.0,7.6,1008.9,0.0
2025-05-29 09:00:00,19.6,65.0,0.0,10.4,1009.0,2.0
2025-05-29 10:00:00,20.6,59.0,0.0,12.6,1008.9,2.0
2025-05-29 11:00:00,21.7,52.0,0.0,15.1,1008.6,2.0
2025-05-29 12:00:00,22.6,47.0,0.0,15.8,1008.5,3.0
2025-05-29 13:00:00,23.2,43.0,0.0,16.2,1008.3,4.0
2025-05-29 14:00:00,23.7,41.0,0.0,17.3,1008.2,7.0
2025-05-29 15:00:00,23.3,45.0,0.0,17.6,1008.4,5.0
2025-05-29 16:00:00,23.4,44.0,0.0,14.8,1008.5,6.0
2025-05-29 17:00:00,23.0,46.0,0.0,13.3,1008.4,3.0
2025-05-29 18:00:00,22.6,48.0,0.0,11.9,1008.2,1.0
2025-05-29 19:00:00,21.8,51.0,0.0,10.1,1008.1,1.0
2025-05-29 20:00:00,20.1,61.0,0.0,6.5,1008.3,7.0
2025-05-29 21:00:00,18.1,70.0,0.0,5.4,1008.8,8.0
2025-05-29 22:00:00,17.5,73.0,0.0,5.0,1008.9,8.0
2025-05-29 23:00:00,17.0,76.0,0.0,5.4,1009.1,8.0
2025-05-30 00:00:00,16.2,81.0,0.0,5.8,1009.2,8.0
2025-05-30 01:00:00,15.9,84.0,0.0,9.7,1009.2,8.0
2025-05-30 02:00:00,14.7,87.0,0.0,8.6,1009.2,8.0
2025-05-30 03:00:00,14.3,89.0,0.0,7.9,1009.4,8.0
2025-05-30 04:00:00,14.0,91.0,0.0,7.2,1009.3,8.0
2025-05-30 05:00:00,13.5,93.0,0.0,5.8,1009.3,0.0
2025-05-30 06:00:00,14.5,90.0,0.0,7.6,1009.5,0.0
2025-05-30 07:00:00,17.1,79.0,0.0,5.8,1009.7,0.0
2025-05-30 08:00:00,19.9,67.0,0.0,5.4,1009.6,0.0
2025-05-30 09:00:00,21.7,54.0,0.0,4.7,1009.9,2.0
2025-05-30 10:00:00,22.4,49.0,0.0,4.7,1010.0,3.0
2025-05-30 11:00:00,23.0,47.0,0.0,7.2,1009.9,3.0
2025-05-30 12:00:00,23.8,42.0,0.2,9.4,1010.0,6.0
2025-05-30 13:00:00,23.9,42.0,0.3,10.4,1010.0,5.0
2025-05-30 14:00:00,24.0,44.0,0.5,10.4,1009.6,5.0
2025-05-30 15:00:00,24.3,44.0,0.5,10.4,1009.2,6.0
2025-05-30 16:00:00,24.1,46.0,0.3,9.7,1009.1,8.0
2025-05-30 17:00:00,23.3,49.0,0.2,10.8,1009.2,7.0
2025-05-30 18:00:00,23.5,48.0,0.0,10.8,1009.2,6.0
2025-05-30 19:00:00,23.4,47.0,0.0,9.7,1009.4,7.0
2025-05-30 20:00:00,21.6,56.0,0.0,5.8,1009.9,3.0
2025-05-30 21:00:00,19.9,62.0,0.0,5.8,1010.5,3.0
2025-05-30 22:00:00,19.2,71.0,0.0,2.9,1010.7,5.0
2025-05-30 23:00:00,18.3,75.0,0.0,2.2,1010.7,4.0
2025-05-31 00:00:00,17.3,79.0,0.0,4.7,1010.7,7.0
2025-05-31 01:00:00,16.2,86.0,0.0,7.9,1010.5,8.0
2025-05-31 02:00:00,15.8,89.0,0.0,9.0,1010.8,8.0
2025-05-31 03:00:00,15.8,89.0,0.0,12.2,1011.0,7.0
2025-05-31 04:00:00,15.5,92.0,0.0,11.5,1011.3,4.0
2025-05-31 05:00:00,15.5,94.0,0.0,12.6,1011.5,5.0
2025-05-31 06:00:00,16.5,90.0,0.0,13.0,1011.7,8.0
2025-05-31 07:00:00,18.1,83.0,0.0,10.4,1011.7,7.0
2025-05-31 08:00:00,19.9,77.0,0.0,9.7,1012.0,8.0
2025-05-31 09:00:00,21.9,66.0,0.0,7.9,1012.2,8.0
2025-05-31 10:00:00,23.3,58.0,0.0,6.1,1012.1,8.0
2025-05-31 11:00:00,24.4,52.0,0.0,5.8,1012.1,8.0
2025-05-31 12:00:00,23.8,53.0,1.1,13.3,1012.2,8.0
2025-05-31 13:00:00,18.2,80.0,7.0,19.1,1012.8,8.0
2025-05-31 14:00:00,20.3,73.0,0.0,10.4,1012.1,8.0
2025-05-31 15:00:00,22.1,68.0,0.2,16.6,1012.0,8.0
2025-05-31 16:00:00,21.2,70.0,0.4,15.5,1012.5,8.0
2025-05-31 17:00:00,21.4,67.0,0.0,13.3,1012.1,8.0
2025-05-31 18:00:00,22.3,62.0,0.0,12.2,1012.0,8.0
2025-05-31 19:00:00,21.6,65.0,0.3,11.5,1012.3,7.0
2025-05-31 20:00:00,20.5,72.0,0.0,9.0,1012.5,5.0
2025-05-31 21:00:00,18.7,79.0,0.0,7.6,1013.1,2.0
2025-05-31 22:00:00,18.0,82.0,0.0,8.3,1013.6,7.0
2025-05-31 23:00:00,16.8,88.0,0.0,9.0,1013.7,4.0
2025-06-01 00:00:00,16.6,88.0,0.0,10.1,1013.8,3.0
2025-06-01 01:00:00,16.5,88.0,0.0,11.9,1013.7,0.0
2025-06-01 02:00:00,16.2,87.0,0.0,11.9,1013.6,0.0
2025-06-01 03:00:00,15.8,85.0,0.0,12.6,1013.5,0.0
2025-06-01 04:00:00,15.4,90.0,0.0,11.2,1013.6,4.0
2025-06-01 05:00:00,15.1,89.0,0.0,11.5,1014.1,5.0
2025-06-01 06:00:00,15.9,83.0,0.0,13.7,1014.4,0.0
2025-06-01 07:00:00,17.4,78.0,0.0,13.3,1014.6,0.0
2025-06-01 08:00:00,19.3,67.0,0.0,12.6,1014.9,1.0
2025-06-01 09:00:00,21.4,57.0,0.0,12.2,1015.1,2.0
2025-06-01 10:00:00,23.1,46.0,0.0,12.6,1015.2,0.0
2025-06-01 11:00:00,24.3,40.0,0.0,11.9,1015.2,0.0
2025-06-01 12:00:00,25.5,36.0,0.0,10.8,1015.0,5.0
2025-06-01 13:00:00,25.9,34.0,0.0,13.0,1014.7,8.0
2025-06-01 14:00:00,26.4,33.0,0.0,15.5,1014.3,8.0
2025-06-01 15:00:00,26.1,36.0,0.0,16.2,1014.1,6.0
2025-06-01 16:00:00,25.6,39.0,0.0,15.8,1014.1,4.0
2025-06-01 17:00:00,25.6,39.0,0.0,17.3,1014.1,3.0
2025-06-01 18:00:00,24.5,44.0,0.0,16.2,1014.1,2.0
2025-06-01 19:00:00,23.6,49.0,0.0,14.4,1014.5,3.0
2025-06-01 20:00:00,21.9,58.0,0.0,10.8,1014.7,1.0
2025-06-01 21:00:00,19.9,68.0,0.0,9.4,1015.1,0.0
2025-06-01 22:00:00,18.8,73.0,0.0,9.0,1015.6,0.0
2025-06-01 23:00:00,18.0,77.0,0.0,8.3,1015.7,0.0
2025-06-02 00:00:00,17.6,78.0,0.0,9.0,1015.5,0.0
2025-06-02 01:00:00,17.1,80.0,0.0,9.7,1015.6,0.0
2025-06-02 02:00:00,16.6,83.0,0.0,10.4,1015.7,0.0
2025-06-02 03:00:00,16.2,85.0,0.0,11.2,1015.8,0.0
2025-06-02 04:00:00,15.9,86.0,0.0,11.5,1016.0,0.0
2025-06-02 05:00:00,15.6,85.0,0.0,11.9,1016.1,0.0
2025-06-02 06:00:00,16.8,79.0,0.0,13.0,1016.4,0.0
2025-06-02 07:00:00,18.6,72.0,0.0,10.4,1016.4,0.0
2025-06-02 08:00:00,20.9,62.0,0.0,7.9,1016.7,0.0
2025-06-02 09:00:00,23.1,52.0,0.0,7.6,1017.0,0.0
2025-06-02 10:00:00,24.2,47.0,0.0,7.6,1016.9,0.0
2025-06-02 11:00:00,25.7,38.0,0.0,7.9,1016.8,0.0
2025-06-02 12:00:00,26.7,35.0,0.0,8.6,1016.7,1.0
2025-06-02 13:00:00,27.6,32.0,0.0,7.9,1016.6,2.0
2025-06-02 14:00:00,28.1,30.0,0.0,7.9,1016.0,5.0
2025-06-02 15:00:00,28.2,29.0,0.0,15.1,1015.7,7.0
2025-06-02 16:00:00,27.5,33.0,0.0,17.6,1015.4,5.0
2025-06-02 17:00:00,27.4,32.0,0.0,15.5,1015.2,5.0
2025-06-02 18:00:00,27.2,31.0,0.0,13.3,1014.9,5.0
2025-06-02 19:00:00,26.1,34.0,0.0,14.0,1015.3,4.0
2025-06-02 20:00:00,23.9,42.0,0.0,9.7,1016.3,0.0
2025-06-02 21:00:00,21.4,49.0,0.0,10.4,1016.6,0.0
2025-06-02 22:00:00,20.1,56.0,0.0,6.8,1016.8,0.0
2025-06-02 23:00:00,19.4,60.0,0.0,5.8,1016.9,0.0
2025-06-03 00:00:00,18.0,67.0,0.0,6.1,1016.9,8.0
2025-06-03 01:00:00,18.3,69.0,0.0,5.4,1016.8,8.0
2025-06-03 02:00:00,17.8,70.0,0.0,2.9,1016.9,2.0
2025-06-03 03:00:00,18.0,66.0,0.0,3.6,1016.9,0.0
2025-06-03 04:00:00,17.6,68.0,0.0,3.6,1016.8,0.0
2025-06-03 05:00:00,16.9,72.0,0.0,4.0,1016.7,0.0
2025-06-03 06:00:00,18.1,73.0,0.0,4.0,1017.0,0.0
2025-06-03 07:00:00,20.7,63.0,0.0,4.7,1017.1,0.0
2025-06-03 08:00:00,23.4,52.0,0.0,4.7,1017.0,0.0
2025-06-03 09:00:00,26.0,40.0,0.0,7.6,1016.9,0.0
2025-06-03 10:00:00,27.6,34.0,0.0,7.6,1016.5,0.0
2025-06-03 11:00:00,28.0,33.0,0.0,9.7,1016.6,2.0
2025-06-03 12:00:00,28.8,32.0,0.0,10.8,1016.4,7.0
2025-06-03 13:00:00,29.8,30.0,0.0,12.2,1015.8,7.0
2025-06-03 14:00:00,29.9,30.0,0.0,15.5,1015.3,5.0
2025-06-03 15:00:00,30.1,30.0,0.0,15.5,1014.8,4.0
2025-06-03 16:00:00,30.3,30.0,0.0,14.0,1014.3,4.0
2025-06-03 17:00:00,30.2,31.0,0.0,15.1,1013.8,8.0
2025-06-03 18:00:00,29.2,33.0,0.0,16.6,1013.4,5.0
2025-06-03 19:00:00,28.3,36.0,0.0,15.8,1013.3,1.0
2025-06-03 20:00:00,26.4,41.0,0.0,13.7,1013.9,2.0
2025-06-03 21:00:00,24.7,44.0,0.0,12.2,1014.1,2.0
2025-06-03 22:00:00,24.1,46.0,0.0,16.6,1014.4,1.0
2025-06-03 23:00:00,23.1,52.0,0.0,16.6,1014.6,0.0
2025-06-04 00:00:00,22.5,54.0,0.0,15.5,1014.2,0.0
2025-06-04 01:00:00,21.6,57.0,0.0,14.4,1014.3,0.0
2025-06-04 02:00:00,20.7,63.0,0.0,15.5,1014.1,0.0
2025-06-04 03:00:00,20.1,68.0,0.0,15.8,1013.8,1.0
2025-06-04 04:00:00,19.6,72.0,0.0,15.1,1013.7,7.0
2025-06-04 05:00:00,19.1,74.0,0.0,15.5,1013.6,7.0
2025-06-04 06:00:00,19.8,72.0,0.0,17.3,1013.4,8.0
2025-06-04 07:00:00,21.7,63.0,0.0,18.4,1013.3,8.0
2025-06-04 08:00:00,23.4,56.0,0.0,20.5,1013.5,8.0
2025-06-04 09:00:00,24.4,54.0,0.0,21.6,1013.1,8.0
2025-06-04 10:00:00,25.3,53.0,0.2,19.1,1013.2,8.0
2025-06-04 11:00:00,25.7,56.0,0.7,16.6,1013.7,8.0
2025-06-04 12:00:00,25.3,59.0,0.1,16.9,1013.8,4.0
2025-06-04 13:00:00,27.6,50.0,0.0,18.7,1013.4,2.0
2025-06-04 14:00:00,28.6,43.0,0.0,22.0,1013.1,2.0
2025-06-04 15:00:00,28.6,40.0,0.0,23.0,1013.1,2.0
2025-06-04 16:00:00,28.4,32.0,0.0,23.4,1013.4,0.0
2025-06-04 17:00:00,27.1,36.0,0.0,23.0,1014.0,0.0
2025-06-04 18:00:00,26.4,38.0,0.0,22.3,1014.5,0.0
2025-06-04 19:00:00,25.2,40.0,0.0,21.2,1015.1,1.0
2025-06-04 20:00:00,23.7,44.0,0.0,17.3,1016.2,1.0
2025-06-04 21:00:00,22.0,49.0,0.0,14.8,1017.0,0.0
2025-06-04 22:00:00,21.1,55.0,0.0,14.4,1017.5,0.0
2025-06-04 23:00:00,19.9,59.0,0.0,11.9,1017.9,0.0
2025-06-05 00:00:00,18.5,64.0,0.0,8.6,1018.3,0.0
2025-06-05 01:00:00,17.7,68.0,0.0,7.9,1018.6,0.0
2025-06-05 02:00:00,17.3,70.0,0.0,9.4,1019.2,0.0
2025-06-05 03:00:00,16.2,75.0,0.0,7.2,1019.6,0.0
2025-06-05 04:00:00,15.6,78.0,0.0,6.8,1019.9,0.0
2025-06-05 05:00:00,15.2,80.0,0.0,6.8,1020.2,0.0
2025-06-05 06:00:00,16.7,72.0,0.0,9.4,1020.7,0.0
2025-06-05 07:00:00,18.3,61.0,0.0,7.6,1021.1,0.0
2025-06-05 08:00:00,19.9,51.0,0.0,5.8,1021.6,0.0
2025-06-05 09:00:00,21.6,42.0,0.0,5.8,1021.9,0.0
2025-06-05 10:00:00,22.9,38.0,0.0,6.8,1021.7,0.0
2025-06-05 11:00:00,24.1,33.0,0.0,7.6,1021.5,0.0
2025-06-05 12:00:00,25.2,31.0,0.0,7.2,1021.4,0.0
2025-06-05 13:00:00,25.6,30.0,0.0,9.0,1021.1,0.0
2025-06-05 14:00:00,26.2,29.0,0.0,10.1,1020.7,0.0
2025-06-05 15:00:00,26.4,29.0,0.0,11.5,1020.0,0.0
2025-06-05 16:00:00,26.4,29.0,0.0,10.4,1019.7,0.0
2025-06-05 17:00:00,26.1,29.0,0.0,10.8,1019.5,0.0
2025-06-05 18:00:00,25.5,28.0,0.0,11.9,1019.7,0.0
2025-06-05 19:00:00,24.4,30.0,0.0,14.4,1019.5,0.0
2025-06-05 20:00:00,22.3,39.0,0.0,13.7,1019.7,0.0
2025-06-05 21:00:00,19.8,48.0,0.0,6.8,1019.9,0.0
2025-06-05 22:00:00,18.6,57.0,0.0,5.4,1020.1,0.0
2025-06-05 23:00:00,18.0,53.0,0.0,6.8,1020.4,0.0
2025-06-06 00:00:00,17.5,55.0,0.0,10.8,1020.7,0.0
2025-06-06 01:00:00,16.5,61.0,0.0,7.6,1020.7,0.0
2025-06-06 02:00:00,15.7,68.0,0.0,6.8,1020.7,0.0
2025-06-06 03:00:00,15.4,69.0,0.0,7.9,1020.7,0.0
2025-06-06 04:00:00,15.3,64.0,0.0,7.9,1020.4,0.0
2025-06-06 05:00:00,15.0,65.0,0.0,7.6,1020.3,0.0
2025-06-06 06:00:00,16.8,58.0,0.0,10.1,1020.4,0.0
2025-06-06 07:00:00,19.3,52.0,0.0,8.3,1020.5,0.0
2025-06-06 08:00:00,22.0,45.0,0.0,7.9,1020.5,0.0
2025-06-06 09:00:00,24.6,37.0,0.0,10.4,1020.5,0.0
2025-06-06 10:00:00,26.2,33.0,0.0,11.5,1020.3,2.0
2025-06-06 11:00:00,27.3,31.0,0.0,11.5,1020.1,0.0
2025-06-06 12:00:00,28.1,29.0,0.0,12.2,1020.0,0.0
2025-06-06 13:00:00,28.7,28.0,0.0,12.6,1019.9,0.0
2025-06-06 14:00:00,28.9,26.0,0.0,12.2,1019.6,0.0
2025-06-06 15:00:00,29.2,26.0,0.0,13.0,1019.0,0.0
2025-06-06 16:00:00,29.2,26.0,0.0,13.0,1018.5,0.0
2025-06-06 17:00:00,28.9,27.0,0.0,13.0,1018.3,0.0
2025-06-06 18:00:00,28.4,28.0,0.0,12.6,1018.1,0.0
2025-06-06 19:00:00,27.5,33.0,0.0,11.2,1018.1,0.0
2025-06-06 20:00:00,25.2,41.0,0.0,10.8,1018.2,0.0
2025-06-06 21:00:00,23.3,46.0,0.0,10.4,1018.8,0.0
2025-06-06 22:00:00,22.5,49.0,0.0,11.2,1018.8,1.0
2025-06-06 23:00:00,22.1,49.0,0.0,13.7,1018.7,7.0
2025-06-07 00:00:00,21.7,50.0,0.0,15.1,1018.9,5.0
2025-06-07 01:00:00,21.3,50.0,0.0,15.5,1019.0,8.0
2025-06-07 02:00:00,20.7,53.0,0.0,14.0,1019.2,0.0
2025-06-07 03:00:00,19.8,60.0,0.0,12.2,1019.3,3.0
2025-06-07 04:00:00,19.2,63.0,0.0,11.5,1019.3,0.0
2025-06-07 05:00:00,18.7,63.0,0.0,10.1,1019.2,0.0
2025-06-07 06:00:00,19.6,59.0,0.0,11.2,1019.4,0.0
2025-06-07 07:00:00,21.7,48.0,0.0,7.9,1019.5,0.0
2025-06-07 08:00:00,24.3,35.0,0.0,9.0,1019.7,0.0
2025-06-07 09:00:00,27.0,26.0,0.0,10.1,1019.7,0.0
2025-06-07 10:00:00,28.7,23.0,0.0,9.4,1019.3,0.0
2025-06-07 11:00:00,30.3,23.0,0.0,9.4,1019.2,0.0
2025-06-07 12:00:00,31.4,24.0,0.0,10.4,1019.0,0.0
2025-06-07 13:00:00,32.1,23.0,0.0,12.2,1018.8,0.0
2025-06-07 14:00:00,32.4,23.0,0.0,13.0,1018.6,0.0
2025-06-07 15:00:00,32.5,22.0,0.0,13.3,1018.2,0.0
2025-06-07 16:00:00,32.4,23.0,0.0,14.4,1017.8,0.0
2025-06-07 17:00:00,32.2,23.0,0.0,14.8,1017.5,6.0
2025-06-07 18:00:00,31.6,25.0,0.0,14.4,1016.9,4.0
2025-06-07 19:00:00,30.4,27.0,0.0,13.7,1016.9,2.0
2025-06-07 20:00:00,28.3,33.0,0.0,9.7,1017.0,6.0
2025-06-07 21:00:00,25.8,41.0,0.0,8.6,1017.6,1.0
2025-06-07 22:00:00,24.7,43.0,0.0,7.9,1017.7,2.0
2025-06-07 23:00:00,23.5,47.0,0.0,8.3,1017.6,0.0
2025-06-08 00:00:00,22.7,49.0,0.0,9.7,1017.5,0.0
2025-06-08 01:00:00,21.9,54.0,0.0,11.9,1017.5,0.0
2025-06-08 02:00:00,21.9,54.0,0.0,11.2,1017.5,0.0
2025-06-08 03:00:00,20.8,60.0,0.0,9.4,1017.5,1.0
2025-06-08 04:00:00,19.7,63.0,0.0,8.6,1017.5,1.0
2025-06-08 05:00:00,19.0,63.0,0.0,7.6,1017.7,0.0
2025-06-08 06:00:00,20.4,56.0,0.0,9.4,1017.7,0.0
2025-06-08 07:00:00,23.0,45.0,0.0,5.4,1017.4,0.0
2025-06-08 08:00:00,26.0,36.0,0.0,2.9,1017.5,0.0
2025-06-08 09:00:00,28.6,31.0,0.0,3.2,1017.4,0.0
2025-06-08 10:00:00,30.3,29.0,0.0,7.2,1017.1,0.0
2025-06-08 11:00:00,31.6,28.0,0.0,11.2,1016.9,0.0
2025-06-08 12:00:00,32.0,26.0,0.0,13.3,1016.7,0.0
2025-06-08 13:00:00,32.5,25.0,0.0,15.1,1016.4,0.0
2025-06-08 14:00:00,32.9,25.0,0.0,14.0,1015.9,0.0
2025-06-08 15:00:00,33.4,24.0,0.0,14.8,1015.3,0.0
2025-06-08 16:00:00,33.4,24.0,0.0,14.0,1014.9,0.0
2025-06-08 17:00:00,33.2,24.0,0.0,13.0,1014.4,0.0
2025-06-08 18:00:00,32.6,26.0,0.0,12.6,1013.7,0.0
2025-06-08 19:00:00,31.4,30.0,0.0,12.6,1013.6,0.0
2025-06-08 20:00:00,29.1,36.0,0.0,8.6,1013.9,0.0
2025-06-08 21:00:00,26.8,38.0,0.0,7.2,1014.4,0.0
2025-06-08 22:00:00,25.9,36.0,0.0,9.0,1014.6,0.0
2025-06-08 23:00:00,25.4,38.0,0.0,10.8,1014.6,0.0
2025-06-09 00:00:00,24.2,43.0,0.0,9.4,1014.8,0.0
2025-06-09 01:00:00,22.7,49.0,0.0,7.9,1014.5,0.0
2025-06-09 02:00:00,21.6,52.0,0.0,7.6,1014.4,0.0
2025-06-09 03:00:00,21.2,46.0,0.0,8.6,1014.4,0.0
2025-06-09 04:00:00,20.3,48.0,0.0,8.3,1014.5,0.0
2025-06-09 05:00:00,19.5,51.0,0.0,7.6,1014.5,0.0
2025-06-09 06:00:00,21.1,47.0,0.0,9.4,1014.6,0.0
2025-06-09 07:00:00,23.7,40.0,0.0,5.4,1014.4,0.0
2025-06-09 08:00:00,26.7,31.0,0.0,4.0,1014.4,0.0
2025-06-09 09:00:00,29.6,23.0,0.0,5.4,1014.3,0.0
2025-06-09 10:00:00,31.7,20.0,0.0,7.9,1014.1,0.0
2025-06-09 11:00:00,32.9,22.0,0.0,10.1,1014.0,0.0
2025-06-09 12:00:00,33.7,23.0,0.0,11.5,1013.9,0.0
2025-06-09 13:00:00,34.1,21.0,0.0,13.7,1014.1,0.0
2025-06-09 14:00:00,34.5,21.0,0.0,15.8,1013.6,0.0
2025-06-09 15:00:00,34.6,20.0,0.0,16.2,1013.3,0.0
2025-06-09 16:00:00,34.6,20.0,0.0,15.5,1013.1,0.0
2025-06-09 17:00:00,34.4,20.0,0.0,14.8,1012.9,0.0
2025-06-09 18:00:00,34.2,21.0,0.0,13.0,1012.4,0.0
2025-06-09 19:00:00,33.1,23.0,0.0,13.0,1012.7,0.0
2025-06-09 20:00:00,31.2,28.0,0.0,12.6,1013.1,0.0
2025-06-09 21:00:00,29.6,31.0,0.0,14.4,1013.5,1.0
2025-06-09 22:00:00,27.7,44.0,0.0,21.6,1014.0,1.0
2025-06-09 23:00:00,26.2,60.0,0.0,22.0,1014.5,1.0
2025-06-10 00:00:00,25.5,62.0,0.0,21.6,1014.7,1.0
2025-06-10 01:00:00,24.5,60.0,0.0,22.0,1015.1,2.0
2025-06-10 02:00:00,23.8,55.0,0.0,21.6,1015.3,1.0
2025-06-10 03:00:00,23.0,53.0,0.0,23.8,1015.6,1.0
2025-06-10 04:00:00,22.0,54.0,0.0,24.5,1016.0,0.0
2025-06-10 05:00:00,21.2,54.0,0.0,24.8,1016.5,7.0
2025-06-10 06:00:00,21.0,51.0,0.0,25.6,1016.8,6.0
2025-06-10 07:00:00,21.4,48.0,0.0,26.6,1017.0,0.0
2025-06-10 08:00:00,22.7,43.0,0.0,24.5,1017.3,1.0
2025-06-10 09:00:00,23.5,43.0,0.0,23.4,1017.8,1.0
2025-06-10 10:00:00,24.7,41.0,0.0,20.9,1017.7,1.0
2025-06-10 11:00:00,25.7,38.0,0.0,21.6,1017.8,0.0
2025-06-10 12:00:00,26.4,34.0,0.0,22.3,1017.6,0.0
2025-06-10 13:00:00,27.0,30.0,0.0,23.0,1017.4,0.0
2025-06-10 14:00:00,27.2,28.0,0.0,22.0,1017.3,0.0
2025-06-10 15:00:00,27.2,25.0,0.0,22.3,1017.1,0.0
2025-06-10 16:00:00,26.9,25.0,0.0,21.6,1016.9,0.0
2025-06-10 17:00:00,26.4,25.0,0.0,20.9,1016.7,0.0
2025-06-10 18:00:00,25.5,27.0,0.0,20.9,1016.6,2.0
2025-06-10 19:00:00,24.3,29.0,0.0,19.4,1016.9,1.0
2025-06-10 20:00:00,23.2,31.0,0.0,15.5,1017.3,0.0
2025-06-10 21:00:00,21.9,35.0,0.0,12.2,1017.7,4.0
2025-06-10 22:00:00,21.0,39.0,0.0,11.9,1017.7,2.0
2025-06-10 23:00:00,20.2,42.0,0.0,11.9,1017.9,0.0
2025-06-11 00:00:00,19.3,45.0,0.0,13.0,1017.8,0.0
2025-06-11 01:00:00,18.2,51.0,0.0,10.8,1018.1,0.0
2025-06-11 02:00:00,17.5,54.0,0.0,10.8,1018.0,0.0
2025-06-11 03:00:00,17.0,57.0,0.0,11.9,1017.9,0.0
2025-06-11 04:00:00,16.4,59.0,0.0,11.5,1017.9,0.0
2025-06-11 05:00:00,15.5,64.0,0.0,10.4,1018.1,0.0
2025-06-11 06:00:00,16.8,59.0,0.0,12.2,1018.0,0.0
2025-06-11 07:00:00,18.3,53.0,0.0,10.4,1018.0,0.0
2025-06-11 08:00:00,20.3,44.0,0.0,11.9,1017.7,0.0
2025-06-11 09:00:00,22.0,36.0,0.0,11.5,1017.5,0.0
2025-06-11 10:00:00,23.1,31.0,0.0,9.0,1017.0,0.0
2025-06-11 11:00:00,24.1,29.0,0.0,7.9,1016.6,0.0
2025-06-11 12:00:00,25.2,26.0,0.0,8.6,1016.0,5.0
2025-06-11 13:00:00,26.1,24.0,0.0,12.6,1015.4,7.0
2025-06-11 14:00:00,27.0,22.0,0.0,16.9,1014.4,7.0
2025-06-11 15:00:00,26.5,24.0,0.0,15.1,1014.2,5.0
2025-06-11 16:00:00,25.9,23.0,0.0,19.4,1013.7,2.0
2025-06-11 17:00:00,25.3,21.0,0.0,18.0,1013.3,2.0
2025-06-11 18:00:00,25.4,21.0,0.0,15.8,1012.7,5.0
2025-06-11 19:00:00,25.1,23.0,0.0,9.0,1012.4,8.0
2025-06-11 20:00:00,23.8,35.0,0.0,6.5,1012.5,6.0
2025-06-11 21:00:00,21.3,33.0,0.0,10.8,1012.5,1.0
2025-06-11 22:00:00,20.2,37.0,0.0,8.6,1012.9,0.0
2025-06-11 23:00:00,18.6,43.0,0.0,6.8,1012.9,0.0
2025-06-12 00:00:00,17.6,51.0,0.0,11.2,1012.7,0.0
2025-06-12 01:00:00,17.8,55.0,0.0,6.5,1012.3,2.0
2025-06-12 02:00:00,17.2,56.0,0.0,7.2,1012.0,8.0
2025-06-12 03:00:00,17.5,55.0,0.0,6.8,1011.6,8.0
2025-06-12 04:00:00,17.3,60.0,0.0,9.4,1011.4,5.0
2025-06-12 05:00:00,16.8,67.0,0.2,15.5,1012.0,8.0
2025-06-12 06:00:00,17.1,59.0,0.0,9.7,1011.5,8.0
2025-06-12 07:00:00,17.4,62.0,0.0,10.1,1011.8,8.0
2025-06-12 08:00:00,18.7,59.0,0.0,9.7,1011.8,8.0
2025-06-12 09:00:00,20.3,51.0,0.0,9.7,1011.7,4.0
2025-06-12 10:00:00,22.1,43.0,0.0,10.8,1011.4,0.0
2025-06-12 11:00:00,23.6,47.0,0.0,16.6,1011.7,2.0
2025-06-12 12:00:00,24.8,45.0,0.0,17.6,1011.3,7.0
2025-06-12 13:00:00,24.7,44.0,0.0,19.1,1011.0,3.0
2025-06-12 14:00:00,25.2,40.0,0.0,19.4,1010.8,2.0
2025-06-12 15:00:00,26.0,36.0,0.0,22.3,1010.4,2.0
2025-06-12 16:00:00,25.3,36.0,0.0,24.8,1010.7,3.0
2025-06-12 17:00:00,24.9,37.0,0.0,27.0,1010.6,3.0
2025-06-12 18:00:00,24.3,37.0,0.0,25.6,1010.9,2.0
2025-06-12 19:00:00,23.3,39.0,0.0,25.6,1011.3,2.0
2025-06-12 20:00:00,21.8,44.0,0.0,24.1,1012.0,2.0
2025-06-12 21:00:00,19.2,58.0,0.0,19.8,1013.4,2.0
2025-06-12 22:00:00,18.6,59.0,0.0,13.7,1014.0,0.0
2025-06-12 23:00:00,17.6,60.0,0.0,11.2,1014.0,0.0
2025-06-13 00:00:00,16.7,61.0,0.0,10.8,1014.1,0.0
2025-06-13 01:00:00,15.9,61.0,0.0,8.6,1014.1,0.0
2025-06-13 02:00:00,15.0,63.0,0.0,7.9,1014.3,0.0
2025-06-13 03:00:00,14.4,67.0,0.0,10.8,1014.3,0.0
2025-06-13 04:00:00,13.9,69.0,0.0,11.5,1014.2,0.0
2025-06-13 05:00:00,13.6,66.0,0.0,12.2,1013.8,0.0
2025-06-13 06:00:00,14.6,61.0,0.0,15.5,1013.7,0.0
2025-06-13 07:00:00,16.3,54.0,0.0,16.2,1014.0,0.0
2025-06-13 08:00:00,17.8,48.0,0.0,18.7,1013.9,0.0
2025-06-13 09:00:00,19.0,43.0,0.0,21.2,1013.5,3.0
2025-06-13 10:00:00,19.6,41.0,0.0,23.8,1013.4,2.0
2025-06-13 11:00:00,20.7,37.0,0.0,25.2,1013.3,2.0
2025-06-13 12:00:00,21.3,35.0,0.1,25.6,1013.2,2.0
2025-06-13 13:00:00,22.0,33.0,0.0,27.7,1013.1,2.0
2025-06-13 14:00:00,23.1,29.0,0.0,27.4,1012.7,6.0
2025-06-13 15:00:00,22.1,32.0,0.0,28.8,1012.7,4.0
2025-06-13 16:00:00,22.3,32.0,0.0,27.0,1012.6,8.0
2025-06-13 17:00:00,20.7,40.0,0.0,27.0,1013.0,5.0
2025-06-13 18:00:00,20.5,43.0,0.0,27.4,1013.1,6.0
2025-06-13 19:00:00,19.6,47.0,0.0,24.5,1013.4,3.0
2025-06-13 20:00:00,19.0,51.0,0.0,22.7,1013.7,7.0
2025-06-13 21:00:00,18.2,56.0,0.0,18.7,1014.3,3.0
2025-06-13 22:00:00,16.8,66.0,0.0,16.6,1014.2,3.0
2025-06-13 23:00:00,16.3,69.0,0.0,14.8,1014.4,0.0
2025-06-14 00:00:00,15.7,74.0,0.0,14.0,1014.4,0.0
2025-06-14 01:00:00,15.2,80.0,0.0,14.4,1014.3,1.0
2025-06-14 02:00:00,14.8,84.0,0.0,14.4,1014.1,0.0
2025-06-14 03:00:00,14.1,89.0,0.0,13.7,1013.8,0.0
2025-06-14 04:00:00,13.6,92.0,0.0,12.6,1013.7,0.0
2025-06-14 05:00:00,13.2,94.0,0.0,12.2,1013.8,0.0
2025-06-14 06:00:00,14.3,88.0,0.0,15.1,1013.6,1.0
2025-06-14 07:00:00,15.9,79.0,0.0,16.2,1013.6,3.0
2025-06-14 08:00:00,17.8,69.0,0.0,14.8,1013.3,3.0
2025-06-14 09:00:00,19.2,63.0,0.0,13.0,1013.1,8.0
2025-06-14 10:00:00,20.7,55.0,0.0,13.7,1013.0,8.0
2025-06-14 11:00:00,21.7,51.0,0.0,15.1,1012.6,7.0
2025-06-14 12:00:00,23.0,44.0,0.0,14.0,1012.2,8.0
2025-06-14 13:00:00,23.3,40.0,0.0,14.0,1011.8,8.0
2025-06-14 14:00:00,22.1,44.0,0.5,15.5,1011.4,7.0
2025-06-14 15:00:00,18.7,68.0,2.5,17.6,1011.9,7.0
2025-06-14 16:00:00,21.0,53.0,0.0,17.3,1011.5,1.0
2025-06-14 17:00:00,21.9,47.0,0.0,15.5,1011.1,2.0
2025-06-14 18:00:00,21.4,51.0,1.0,16.2,1011.1,5.0
2025-06-14 19:00:00,17.6,78.0,2.6,20.5,1011.6,6.0
2025-06-14 20:00:00,17.5,78.0,0.1,15.1,1011.7,7.0
2025-06-14 21:00:00,16.5,81.0,0.0,13.0,1011.9,4.0
2025-06-14 22:00:00,15.5,87.0,0.0,13.0,1011.9,1.0
2025-06-14 23:00:00,15.4,84.0,0.0,14.4,1011.4,3.0
2025-06-15 00:00:00,14.7,89.0,0.0,13.7,1011.1,2.0
2025-06-15 01:00:00,14.4,92.0,0.0,11.9,1010.8,7.0
2025-06-15 02:00:00,14.2,92.0,0.0,11.5,1010.6,8.0
2025-06-15 03:00:00,14.4,89.0,0.0,13.3,1010.6,8.0
2025-06-15 04:00:00,14.2,89.0,0.4,13.0,1010.5,8.0
2025-06-15 05:00:00,14.3,88.0,0.2,14.0,1010.0,8.0
2025-06-15 06:00:00,14.3,88.0,0.2,19.4,1009.9,8.0
2025-06-15 07:00:00,14.6,88.0,0.1,18.7,1009.9,5.0
2025-06-15 08:00:00,15.7,79.0,0.0,21.6,1009.6,8.0
2025-06-15 09:00:00,17.1,69.0,0.0,22.3,1009.5,8.0
2025-06-15 10:00:00,17.8,63.0,0.0,21.6,1009.6,8.0
2025-06-15 11:00:00,16.9,75.0,2.9,19.8,1009.7,8.0
2025-06-15 12:00:00,16.0,75.0,2.7,22.0,1009.8,8.0
2025-06-15 13:00:00,18.5,67.0,0.3,16.9,1009.4,8.0
2025-06-15 14:00:00,19.4,58.0,0.0,22.0,1008.7,8.0
2025-06-15 15:00:00,18.8,64.0,1.4,21.6,1008.8,6.0
2025-06-15 16:00:00,20.3,53.0,0.0,25.2,1008.4,6.0
2025-06-15 17:00:00,19.7,55.0,0.0,22.0,1008.3,2.0
2025-06-15 18:00:00,20.2,51.0,0.0,20.9,1008.3,4.0
2025-06-15 19:00:00,19.4,54.0,0.5,18.7,1008.2,1.0
2025-06-15 20:00:00,18.3,61.0,0.0,17.3,1008.7,4.0
2025-06-15 21:00:00,17.1,69.0,0.0,16.2,1009.4,1.0
2025-06-15 22:00:00,16.3,73.0,0.0,16.9,1009.5,2.0
2025-06-15 23:00:00,15.7,77.0,0.0,18.0,1009.5,1.0
2025-06-16 00:00:00,15.3,80.0,0.0,18.0,1009.3,0.0
2025-06-16 01:00:00,14.6,85.0,0.0,16.6,1009.2,0.0
2025-06-16 02:00:00,14.1,88.0,0.0,15.1,1009.0,0.0
2025-06-16 03:00:00,13.9,91.0,0.0,15.1,1009.2,1.0
2025-06-16 04:00:00,13.7,92.0,0.0,14.8,1009.2,1.0
2025-06-16 05:00:00,13.4,94.0,0.0,13.7,1009.2,1.0
2025-06-16 06:00:00,14.4,89.0,0.0,15.8,1009.4,2.0
2025-06-16 07:00:00,16.0,81.0,0.0,14.8,1009.5,8.0
2025-06-16 08:00:00,17.3,74.0,0.0,15.8,1009.5,4.0
2025-06-16 09:00:00,19.0,65.0,0.0,17.3,1009.2,6.0
2025-06-16 10:00:00,20.3,56.0,0.0,21.6,1009.1,8.0
2025-06-16 11:00:00,20.0,58.0,0.0,27.4,1009.4,7.0
2025-06-16 12:00:00,19.3,66.0,2.7,18.7,1009.2,5.0
2025-06-16 13:00:00,22.4,49.0,0.0,20.2,1008.7,3.0
2025-06-16 14:00:00,22.4,46.0,0.0,26.6,1008.4,6.0
2025-06-16 15:00:00,18.5,70.0,2.1,18.7,1009.6,8.0
2025-06-16 16:00:00,16.6,80.0,1.9,14.0,1010.1,5.0
2025-06-16 17:00:00,19.0,72.0,0.0,10.8,1009.3,3.0
2025-06-16 18:00:00,20.2,66.0,0.0,15.8,1009.3,2.0
2025-06-16 19:00:00,20.5,61.0,0.0,13.0,1009.6,1.0
2025-06-16 20:00:00,19.9,65.0,0.0,13.0,1010.2,1.0
2025-06-16 21:00:00,18.3,69.0,0.0,9.4,1010.8,0.0
2025-06-16 22:00:00,17.4,73.0,0.0,9.4,1011.3,0.0
2025-06-16 23:00:00,16.7,76.0,0.0,10.4,1011.3,0.0
2025-06-17 00:00:00,16.2,78.0,0.0,10.4,1011.5,0.0
2025-06-17 01:00:00,16.3,77.0,0.0,11.5,1011.2,0.0
2025-06-17 02:00:00,15.8,81.0,0.0,11.2,1011.5,0.0
2025-06-17 03:00:00,15.3,84.0,0.0,10.1,1011.6,0.0
2025-06-17 04:00:00,14.8,87.0,0.0,10.1,1011.6,0.0
2025-06-17 05:00:00,14.4,89.0,0.0,9.7,1011.9,0.0
2025-06-17 06:00:00,16.2,81.0,0.0,12.2,1012.2,0.0
2025-06-17 07:00:00,18.2,73.0,0.0,9.4,1012.3,0.0
2025-06-17 08:00:00,20.8,63.0,0.0,9.4,1012.3,0.0
2025-06-17 09:00:00,23.2,51.0,0.0,11.9,1012.4,3.0
2025-06-17 10:00:00,24.7,42.0,0.0,15.1,1012.4,3.0
2025-06-17 11:00:00,25.2,40.0,0.0,14.4,1012.3,8.0
2025-06-17 12:00:00,25.6,40.0,0.0,13.7,1012.2,8.0
2025-06-17 13:00:00,26.2,38.0,0.0,13.3,1012.3,8.0
2025-06-17 14:00:00,26.8,37.0,0.0,13.7,1012.1,7.0
2025-06-17 15:00:00,27.3,36.0,0.0,14.0,1011.9,8.0
2025-06-17 16:00:00,27.2,38.0,0.0,15.5,1011.3,8.0
2025-06-17 17:00:00,27.0,39.0,0.0,15.5,1011.2,6.0
2025-06-17 18:00:00,26.9,41.0,0.0,13.3,1011.2,8.0
2025-06-17 19:00:00,24.4,51.0,0.1,17.3,1012.0,8.0
2025-06-17 20:00:00,23.0,57.0,0.0,7.6,1011.8,8.0
2025-06-17 21:00:00,22.0,61.0,0.0,5.4,1012.1,8.0
2025-06-17 22:00:00,21.8,62.0,0.0,7.6,1012.3,2.0
2025-06-17 23:00:00,20.5,69.0,0.0,13.0,1012.3,8.0
2025-06-18 00:00:00,20.6,68.0,0.0,21.6,1012.6,8.0
2025-06-18 01:00:00,19.7,74.0,0.0,19.1,1012.6,8.0
2025-06-18 02:00:00,18.8,78.0,0.0,17.6,1012.8,6.0
2025-06-18 03:00:00,17.9,80.0,0.0,15.8,1012.8,2.0
2025-06-18 04:00:00,17.2,83.0,0.0,15.5,1013.0,0.0
2025-06-18 05:00:00,16.7,83.0,0.0,15.5,1013.2,8.0
2025-06-18 06:00:00,17.3,76.0,0.0,17.3,1013.3,8.0
2025-06-18 07:00:00,18.7,66.0,0.0,16.9,1013.3,5.0
2025-06-18 08:00:00,20.2,60.0,0.0,20.2,1013.3,0.0
2025-06-18 09:00:00,21.7,52.0,0.0,20.2,1013.4,0.0
2025-06-18 10:00:00,23.4,44.0,0.0,24.5,1013.3,3.0
2025-06-18 11:00:00,24.4,40.0,0.0,24.5,1013.2,1.0
2025-06-18 12:00:00,25.4,37.0,0.0,24.8,1013.1,0.0
2025-06-18 13:00:00,26.4,33.0,0.0,26.3,1013.0,2.0
2025-06-18 14:00:00,27.1,29.0,0.0,27.4,1012.7,8.0
2025-06-18 15:00:00,25.6,34.0,0.0,27.7,1013.0,4.0
2025-06-18 16:00:00,26.6,32.0,0.0,27.4,1012.8,8.0
2025-06-18 17:00:00,25.2,37.0,0.0,27.4,1012.8,8.0
2025-06-18 18:00:00,25.0,38.0,0.0,24.1,1012.9,5.0
2025-06-18 19:00:00,24.6,39.0,0.0,21.6,1012.8,2.0
2025-06-18 20:00:00,23.4,42.0,0.0,17.6,1013.0,8.0
2025-06-18 21:00:00,21.8,47.0,0.0,11.2,1013.3,8.0
2025-06-18 22:00:00,21.8,46.0,0.0,14.8,1013.5,8.0
2025-06-18 23:00:00,21.0,50.0,0.0,12.6,1013.5,0.0
2025-06-19 00:00:00,19.7,57.0,0.0,11.2,1013.6,6.0
2025-06-19 01:00:00,19.0,60.0,0.0,10.1,1013.2,8.0
2025-06-19 02:00:00,18.8,61.0,0.0,11.2,1013.3,1.0
2025-06-19 03:00:00,18.1,65.0,0.0,12.2,1013.2,4.0
2025-06-19 04:00:00,17.7,66.0,0.0,12.6,1013.0,2.0
2025-06-19 05:00:00,17.6,66.0,0.0,13.3,1012.8,6.0
2025-06-19 06:00:00,18.7,62.0,0.0,15.1,1012.5,6.0
2025-06-19 07:00:00,20.5,57.0,0.0,14.4,1012.4,8.0
2025-06-19 08:00:00,22.6,53.0,0.0,17.3,1012.0,5.0
2025-06-19 09:00:00,24.4,50.0,0.0,19.8,1011.7,3.0
2025-06-19 10:00:00,25.8,45.0,0.0,26.3,1011.1,3.0
2025-06-19 11:00:00,26.8,41.0,0.0,28.4,1010.8,4.0
2025-06-19 12:00:00,27.7,38.0,0.0,28.4,1010.4,2.0
2025-06-19 13:00:00,28.5,35.0,0.0,29.5,1010.0,4.0
2025-06-19 14:00:00,27.8,38.0,0.0,28.1,1009.7,1.0
2025-06-19 15:00:00,28.3,36.0,0.0,28.4,1009.2,4.0
2025-06-19 16:00:00,28.4,34.0,0.0,27.7,1008.8,3.0
2025-06-19 17:00:00,28.3,33.0,0.0,27.7,1008.4,3.0
2025-06-19 18:00:00,27.5,34.0,0.0,27.4,1008.1,3.0
2025-06-19 19:00:00,25.5,44.0,0.0,23.4,1008.3,2.0
2025-06-19 20:00:00,24.7,47.0,0.0,20.2,1008.7,2.0
2025-06-19 21:00:00,22.7,53.0,0.0,16.6,1009.3,2.0
2025-06-19 22:00:00,21.6,58.0,0.0,16.2,1009.7,0.0
2025-06-19 23:00:00,20.3,46.0,0.0,17.6,1010.0,0.0
2025-06-20 00:00:00,19.6,43.0,0.0,13.7,1009.6,7.0
2025-06-20 01:00:00,19.0,47.0,0.0,11.9,1009.4,2.0
2025-06-20 02:00:00,18.1,52.0,0.0,8.3,1009.5,8.0
2025-06-20 03:00:00,18.7,52.0,0.0,9.4,1009.1,8.0
2025-06-20 04:00:00,18.3,54.0,0.0,10.4,1009.1,8.0
2025-06-20 05:00:00,18.5,54.0,0.0,14.8,1008.9,8.0
2025-06-20 06:00:00,18.5,55.0,0.0,15.8,1008.5,8.0
2025-06-20 07:00:00,19.1,54.0,0.0,18.0,1008.6,8.0
2025-06-20 08:00:00,19.8,48.0,0.0,22.0,1008.6,8.0
2025-06-20 09:00:00,20.4,46.0,0.0,24.5,1008.6,6.0
2025-06-20 10:00:00,21.0,41.0,0.0,25.2,1008.6,0.0
2025-06-20 11:00:00,22.4,33.0,0.0,27.7,1008.6,0.0
2025-06-20 12:00:00,23.0,29.0,0.0,27.7,1008.6,0.0
2025-06-20 13:00:00,23.8,27.0,0.0,30.6,1008.7,2.0
2025-06-20 14:00:00,23.6,26.0,0.0,32.0,1008.8,0.0
2025-06-20 15:00:00,23.1,26.0,0.0,31.3,1008.6,4.0
2025-06-20 16:00:00,22.4,29.0,0.0,30.2,1009.1,2.0
2025-06-20 17:00:00,22.1,28.0,0.0,29.9,1009.4,2.0
2025-06-20 18:00:00,21.5,29.0,0.0,27.7,1009.6,3.0
2025-06-20 19:00:00,20.8,30.0,0.0,25.9,1010.1,4.0
2025-06-20 20:00:00,19.6,33.0,0.0,22.7,1011.0,4.0
2025-06-20 21:00:00,18.4,37.0,0.0,15.5,1011.6,0.0
2025-06-20 22:00:00,16.8,42.0,0.0,12.6,1012.3,2.0
2025-06-20 23:00:00,16.0,46.0,0.0,12.6,1012.3,0.0
2025-06-21 00:00:00,15.3,50.0,0.0,12.2,1012.4,0.0
2025-06-21 01:00:00,14.8,54.0,0.0,14.0,1012.3,0.0
2025-06-21 02:00:00,14.8,56.0,0.0,14.4,1012.4,0.0
2025-06-21 03:00:00,14.2,59.0,0.0,13.3,1012.4,0.0
2025-06-21 04:00:00,13.5,61.0,0.0,11.9,1012.2,0.0
2025-06-21 05:00:00,13.1,63.0,0.0,11.2,1012.4,0.0
2025-06-21 06:00:00,13.8,63.0,0.0,13.3,1012.5,0.0
2025-06-21 07:00:00,15.3,58.0,0.0,15.1,1012.6,1.0
2025-06-21 08:00:00,16.4,54.0,0.0,18.4,1012.7,3.0
2025-06-21 09:00:00,17.4,52.0,0.0,20.2,1012.7,2.0
2025-06-21 10:00:00,18.5,49.0,0.0,18.4,1012.9,5.0
2025-06-21 11:00:00,18.3,51.0,0.0,19.4,1013.0,8.0
2025-06-21 12:00:00,18.8,49.0,0.0,18.0,1013.1,8.0
2025-06-21 13:00:00,19.5,47.0,0.2,18.4,1013.2,3.0
2025-06-21 14:00:00,21.1,41.0,0.0,18.4,1013.0,2.0
2025-06-21 15:00:00,22.2,37.0,0.0,18.4,1012.6,2.0
2025-06-21 16:00:00,22.4,36.0,0.0,20.9,1012.7,3.0
2025-06-21 17:00:00,22.1,37.0,0.0,20.9,1012.7,2.0
2025-06-21 18:00:00,21.0,42.0,0.0,24.5,1013.0,3.0
2025-06-21 19:00:00,20.1,48.0,0.0,19.1,1013.5,2.0
2025-06-21 20:00:00,19.3,51.0,0.0,16.2,1014.0,4.0
2025-06-21 21:00:00,17.5,63.0,0.0,12.2,1014.8,1.0
2025-06-21 22:00:00,17.0,68.0,0.0,15.1,1015.5,3.0
2025-06-21 23:00:00,16.5,72.0,0.0,14.8,1015.8,1.0
2025-06-22 00:00:00,15.4,79.0,0.0,13.7,1015.9,0.0
2025-06-22 01:00:00,14.8,84.0,0.0,12.6,1015.8,1.0
2025-06-22 02:00:00,14.5,85.0,0.0,11.9,1016.2,0.0
2025-06-22 03:00:00,14.0,88.0,0.0,11.5,1016.3,0.0
2025-06-22 04:00:00,13.6,91.0,0.0,11.5,1016.4,0.0
2025-06-22 05:00:00,13.3,90.0,0.0,11.5,1016.6,1.0
2025-06-22 06:00:00,14.1,85.0,0.0,11.9,1016.6,1.0
2025-06-22 07:00:00,15.7,76.0,0.0,11.2,1016.8,0.0
2025-06-22 08:00:00,17.8,64.0,0.0,13.0,1016.8,0.0
2025-06-22 09:00:00,19.7,52.0,0.0,14.8,1016.5,1.0
2025-06-22 10:00:00,21.2,44.0,0.0,16.9,1016.1,2.0
2025-06-22 11:00:00,22.3,38.0,0.0,17.3,1015.7,3.0
2025-06-22 12:00:00,23.3,34.0,0.0,16.6,1015.1,6.0
2025-06-22 13:00:00,23.8,32.0,0.0,17.3,1014.5,5.0
2025-06-22 14:00:00,24.5,30.0,0.0,17.6,1014.1,4.0
2025-06-22 15:00:00,24.7,28.0,0.0,18.4,1013.4,4.0
2025-06-22 16:00:00,25.0,27.0,0.0,18.4,1012.8,4.0
2025-06-22 17:00:00,25.0,25.0,0.0,18.7,1012.2,8.0
2025-06-22 18:00:00,24.3,27.0,0.0,20.9,1011.5,8.0
2025-06-22 19:00:00,23.5,30.0,0.0,19.8,1011.3,8.0
2025-06-22 20:00:00,22.3,36.0,0.0,13.7,1011.0,8.0
2025-06-22 21:00:00,20.6,47.0,0.0,27.4,1011.9,8.0
2025-06-22 22:00:00,17.1,73.0,0.3,18.7,1012.0,8.0
2025-06-22 23:00:00,16.6,81.0,1.9,21.6,1011.6,8.0
2025-06-23 00:00:00,15.8,88.0,1.6,14.8,1011.1,7.0
2025-06-23 01:00:00,15.3,89.0,0.0,14.4,1010.6,1.0
2025-06-23 02:00:00,14.9,92.0,0.0,14.4,1010.4,1.0
2025-06-23 03:00:00,14.6,93.0,0.0,14.4,1010.1,1.0
2025-06-23 04:00:00,14.2,94.0,0.0,13.7,1009.8,0.0
2025-06-23 05:00:00,13.7,95.0,0.0,12.2,1009.5,1.0
2025-06-23 06:00:00,14.4,94.0,0.0,14.0,1009.4,1.0
2025-06-23 07:00:00,15.7,87.0,0.0,13.3,1009.3,5.0
2025-06-23 08:00:00,17.3,74.0,0.5,15.1,1009.2,3.0
2025-06-23 09:00:00,17.6,69.0,0.6,19.1,1009.1,5.0
2025-06-23 10:00:00,18.5,65.0,0.2,19.1,1009.1,2.0
2025-06-23 11:00:00,20.4,50.0,0.0,22.3,1009.0,2.0
2025-06-23 12:00:00,20.4,45.0,2.3,26.6,1009.3,4.0
2025-06-23 13:00:00,18.8,50.0,0.7,24.8,1009.9,3.0
2025-06-23 14:00:00,20.2,44.0,0.2,27.0,1010.0,1.0
2025-06-23 15:00:00,20.7,39.0,0.0,28.4,1010.0,2.0
2025-06-23 16:00:00,21.6,33.0,0.0,27.7,1010.0,5.0
2025-06-23 17:00:00,21.1,34.0,0.0,29.2,1010.2,2.0
2025-06-23 18:00:00,20.4,36.0,0.0,25.6,1010.4,1.0
2025-06-23 19:00:00,20.1,37.0,0.0,22.0,1010.9,0.0
2025-06-23 20:00:00,19.1,40.0,0.0,22.3,1011.7,0.0
2025-06-23 21:00:00,17.5,49.0,0.0,17.3,1012.5,0.0
2025-06-23 22:00:00,16.4,54.0,0.0,15.1,1012.9,0.0
2025-06-23 23:00:00,15.9,59.0,0.0,11.2,1012.9,0.0
2025-06-24 00:00:00,14.9,66.0,0.0,9.0,1012.9,0.0
2025-06-24 01:00:00,14.0,70.0,0.0,9.4,1013.1,0.0
2025-06-24 02:00:00,13.5,73.0,0.0,10.1,1013.3,1.0
2025-06-24 03:00:00,12.9,76.0,0.0,9.4,1013.3,2.0
2025-06-24 04:00:00,12.4,80.0,0.0,8.6,1013.3,0.0
2025-06-24 05:00:00,12.0,82.0,0.0,7.9,1013.4,0.0
2025-06-24 06:00:00,13.2,78.0,0.0,9.4,1013.3,0.0
2025-06-24 07:00:00,15.4,72.0,0.0,6.8,1013.4,0.0
2025-06-24 08:00:00,18.2,61.0,0.0,7.6,1013.6,1.0
2025-06-24 09:00:00,20.4,50.0,0.0,10.1,1013.4,1.0
2025-06-24 10:00:00,21.9,43.0,0.0,11.2,1013.0,0.0
2025-06-24 11:00:00,23.3,40.0,0.0,12.6,1012.6,0.0
2025-06-24 12:00:00,24.3,37.0,0.0,14.0,1012.2,1.0
2025-06-24 13:00:00,25.3,34.0,0.0,15.8,1011.8,1.0
2025-06-24 14:00:00,26.1,33.0,0.0,16.9,1011.2,8.0
2025-06-24 15:00:00,26.9,31.0,0.0,16.9,1010.5,8.0
2025-06-24 16:00:00,27.2,30.0,0.0,16.2,1010.0,7.0
2025-06-24 17:00:00,28.0,30.0,0.0,15.1,1009.3,8.0
2025-06-24 18:00:00,27.9,31.0,0.0,19.1,1008.8,8.0
2025-06-24 19:00:00,25.0,42.0,0.0,27.0,1009.0,8.0
2025-06-24 20:00:00,18.5,88.0,5.3,17.3,1010.5,8.0
2025-06-24 21:00:00,18.2,92.0,3.2,5.8,1010.5,8.0
2025-06-24 22:00:00,17.9,93.0,1.3,6.1,1010.7,8.0
2025-06-24 23:00:00,17.1,97.0,6.1,12.6,1010.3,5.0
2025-06-25 00:00:00,17.1,92.0,0.5,11.9,1010.2,0.0
2025-06-25 01:00:00,16.6,93.0,0.0,11.2,1010.1,0.0
2025-06-25 02:00:00,16.4,95.0,0.0,11.2,1010.3,0.0
2025-06-25 03:00:00,16.5,96.0,0.0,10.8,1010.2,0.0
2025-06-25 04:00:00,16.4,96.0,0.0,10.4,1010.2,5.0
2025-06-25 05:00:00,16.2,95.0,0.0,12.6,1010.1,8.0
2025-06-25 06:00:00,16.9,92.0,0.0,14.8,1010.2,8.0
2025-06-25 07:00:00,17.5,88.0,0.0,12.2,1010.4,8.0
2025-06-25 08:00:00,17.9,81.0,0.0,17.3,1011.1,7.0
2025-06-25 09:00:00,18.5,71.0,0.0,16.6,1011.5,1.0
2025-06-25 10:00:00,22.0,50.0,0.0,21.6,1011.5,0.0
2025-06-25 11:00:00,23.6,40.0,0.0,21.2,1011.3,0.0
2025-06-25 12:00:00,24.8,37.0,0.0,22.0,1011.2,0.0
2025-06-25 13:00:00,25.9,34.0,0.0,28.8,1011.1,6.0
2025-06-25 14:00:00,25.9,34.0,0.0,28.8,1010.9,8.0
2025-06-25 15:00:00,25.1,39.0,0.0,28.1,1010.7,5.0
2025-06-25 16:00:00,26.0,37.0,0.0,24.5,1010.6,8.0
2025-06-25 17:00:00,26.0,38.0,0.0,24.8,1010.3,3.0
2025-06-25 18:00:00,26.5,36.0,0.0,21.6,1009.5,2.0
2025-06-25 19:00:00,25.6,42.0,0.0,14.8,1009.2,2.0
2025-06-25 20:00:00,23.9,48.0,0.0,13.7,1009.3,2.0
2025-06-25 21:00:00,21.9,52.0,0.0,8.3,1009.2,2.0
2025-06-25 22:00:00,21.6,54.0,0.0,11.9,1009.4,2.0
2025-06-25 23:00:00,21.6,54.0,0.0,17.6,1009.1,2.0
2025-06-26 00:00:00,22.1,56.0,0.0,20.2,1008.9,3.0
2025-06-26 01:00:00,21.9,59.0,0.0,20.5,1008.5,8.0
2025-06-26 02:00:00,21.7,59.0,0.0,21.6,1007.9,4.0
2025-06-26 03:00:00,20.5,66.0,0.0,19.8,1007.4,0.0
2025-06-26 04:00:00,19.5,73.0,0.0,18.4,1007.0,0.0
2025-06-26 05:00:00,19.1,78.0,0.0,18.4,1006.7,3.0
2025-06-26 06:00:00,20.5,72.0,0.0,23.4,1006.6,8.0
2025-06-26 07:00:00,20.8,73.0,0.0,21.2,1006.6,8.0
2025-06-26 08:00:00,21.5,70.0,0.0,19.4,1006.3,1.0
2025-06-26 09:00:00,24.2,58.0,0.0,24.1,1005.9,0.0
2025-06-26 10:00:00,25.6,47.0,0.0,28.4,1005.9,0.0
2025-06-26 11:00:00,25.6,48.0,0.0,29.5,1006.4,1.0
2025-06-26 12:00:00,25.9,38.0,0.0,30.2,1006.7,0.0
2025-06-26 13:00:00,26.1,33.0,0.0,30.2,1006.7,0.0
2025-06-26 14:00:00,26.2,32.0,0.0,30.2,1007.2,0.0
2025-06-26 15:00:00,25.8,34.0,0.0,30.6,1007.5,0.0
2025-06-26 16:00:00,25.9,32.0,0.0,28.8,1007.9,0.0
2025-06-26 17:00:00,25.3,33.0,0.0,29.2,1008.3,0.0
2025-06-26 18:00:00,24.2,35.0,0.0,26.6,1008.9,0.0
2025-06-26 19:00:00,23.3,38.0,0.0,25.2,1009.4,0.0
2025-06-26 20:00:00,21.6,43.0,0.0,22.7,1010.3,0.0
2025-06-26 21:00:00,19.9,50.0,0.0,20.5,1012.0,0.0
2025-06-26 22:00:00,19.1,52.0,0.0,18.0,1012.8,0.0
2025-06-26 23:00:00,18.1,56.0,0.0,13.3,1013.2,0.0
2025-06-27 00:00:00,17.1,60.0,0.0,11.5,1013.4,0.0
2025-06-27 01:00:00,16.3,64.0,0.0,11.9,1013.6,0.0
2025-06-27 02:00:00,15.8,66.0,0.0,12.2,1014.0,0.0
2025-06-27 03:00:00,15.2,69.0,0.0,13.0,1014.1,0.0
2025-06-27 04:00:00,14.8,72.0,0.0,12.6,1014.6,0.0
2025-06-27 05:00:00,14.3,73.0,0.0,12.2,1015.0,0.0
2025-06-27 06:00:00,15.3,70.0,0.0,13.7,1015.3,0.0
2025-06-27 07:00:00,17.0,64.0,0.0,11.9,1015.4,0.0
2025-06-27 08:00:00,19.3,55.0,0.0,14.0,1015.5,0.0
2025-06-27 09:00:00,21.1,44.0,0.0,16.6,1015.6,0.0
2025-06-27 10:00:00,22.5,37.0,0.0,16.9,1015.7,0.0
2025-06-27 11:00:00,23.7,33.0,0.0,15.8,1015.6,0.0
2025-06-27 12:00:00,24.3,33.0,0.0,16.2,1015.5,0.0
2025-06-27 13:00:00,25.1,31.0,0.0,15.8,1015.1,0.0
2025-06-27 14:00:00,25.8,30.0,0.0,15.1,1014.5,0.0
2025-06-27 15:00:00,26.3,30.0,0.0,15.5,1014.0,0.0
2025-06-27 16:00:00,26.4,30.0,0.0,14.0,1013.5,0.0
2025-06-27 17:00:00,26.6,30.0,0.0,15.5,1012.8,3.0
2025-06-27 18:00:00,26.2,31.0,0.0,14.8,1012.7,7.0
2025-06-27 19:00:00,25.4,33.0,0.0,14.8,1013.0,4.0
2025-06-27 20:00:00,23.8,38.0,0.0,10.8,1013.1,0.0
2025-06-27 21:00:00,21.9,44.0,0.0,10.8,1013.5,0.0
2025-06-27 22:00:00,20.5,49.0,0.0,5.4,1012.7,1.0
2025-06-27 23:00:00,19.9,52.0,0.0,4.0,1012.6,2.0
2025-06-28 00:00:00,19.3,55.0,0.0,2.9,1012.3,8.0
2025-06-28 01:00:00,19.7,54.0,0.0,7.6,1011.7,8.0
2025-06-28 02:00:00,19.8,57.0,0.0,10.8,1011.7,8.0
2025-06-28 03:00:00,20.6,59.0,0.0,12.6,1011.3,8.0
2025-06-28 04:00:00,20.3,56.0,0.0,11.2,1010.8,7.0
2025-06-28 05:00:00,19.1,63.0,0.0,10.4,1010.2,7.0
2025-06-28 06:00:00,20.0,69.0,0.0,13.7,1009.9,6.0
2025-06-28 07:00:00,21.7,65.0,0.0,15.5,1009.5,5.0
2025-06-28 08:00:00,22.8,58.0,0.0,16.6,1009.2,8.0
2025-06-28 09:00:00,24.4,54.0,0.0,16.2,1008.7,8.0
2025-06-28 10:00:00,25.6,50.0,0.0,16.9,1008.1,8.0
2025-06-28 11:00:00,27.0,46.0,0.0,16.9,1007.7,8.0
2025-06-28 12:00:00,27.5,46.0,0.0,18.0,1007.3,8.0
2025-06-28 13:00:00,27.9,45.0,0.0,17.6,1006.4,8.0
2025-06-28 14:00:00,26.0,52.0,1.2,26.3,1006.1,8.0
2025-06-28 15:00:00,25.1,57.0,1.5,18.4,1005.9,8.0
2025-06-28 16:00:00,21.0,77.0,2.6,32.4,1006.5,8.0
2025-06-28 17:00:00,22.1,73.0,0.0,19.1,1005.9,8.0
2025-06-28 18:00:00,22.1,66.0,0.0,23.0,1006.2,7.0
2025-06-28 19:00:00,21.8,60.0,0.0,23.4,1006.3,1.0
2025-06-28 20:00:00,20.9,60.0,0.0,22.0,1006.7,8.0
2025-06-28 21:00:00,19.9,58.0,0.0,22.0,1007.4,8.0
2025-06-28 22:00:00,18.9,61.0,0.0,19.4,1007.5,7.0
2025-06-28 23:00:00,18.2,64.0,0.0,18.0,1007.4,0.0
2025-06-29 00:00:00,17.5,68.0,0.0,20.5,1007.3,0.0
2025-06-29 01:00:00,16.6,72.0,0.0,19.4,1007.4,0.0
2025-06-29 02:00:00,15.8,76.0,0.0,16.9,1007.5,0.0
2025-06-29 03:00:00,15.3,79.0,0.0,15.5,1007.3,2.0
2025-06-29 04:00:00,15.2,80.0,0.0,16.6,1006.9,8.0
2025-06-29 05:00:00,15.2,80.0,0.2,18.0,1006.7,7.0
2025-06-29 06:00:00,15.7,79.0,0.0,18.7,1006.3,7.0
2025-06-29 07:00:00,15.6,82.0,0.4,21.6,1006.2,8.0
2025-06-29 08:00:00,16.0,82.0,0.2,25.2,1005.8,8.0
2025-06-29 09:00:00,17.2,75.0,0.2,27.7,1005.6,6.0
2025-06-29 10:00:00,18.9,68.0,0.0,24.5,1005.6,4.0
2025-06-29 11:00:00,20.4,63.0,0.6,25.6,1005.5,7.0
2025-06-29 12:00:00,19.5,67.0,2.6,24.5,1006.2,5.0
2025-06-29 13:00:00,21.2,63.0,0.5,20.9,1006.2,2.0
2025-06-29 14:00:00,23.4,53.0,0.0,23.4,1006.1,8.0
2025-06-29 15:00:00,23.5,53.0,0.3,26.6,1006.4,6.0
2025-06-29 16:00:00,22.2,61.0,0.3,24.1,1006.5,3.0
2025-06-29 17:00:00,23.0,54.0,0.0,27.4,1006.3,4.0
2025-06-29 18:00:00,22.5,55.0,0.0,25.6,1006.5,3.0
2025-06-29 19:00:00,22.5,54.0,0.0,22.0,1006.8,2.0
2025-06-29 20:00:00,21.6,55.0,0.0,17.6,1006.8,1.0
2025-06-29 21:00:00,20.2,59.0,0.0,12.2,1007.2,0.0
2025-06-29 22:00:00,18.8,64.0,0.0,10.8,1007.4,1.0
2025-06-29 23:00:00,17.7,69.0,0.0,9.0,1007.5,2.0
2025-06-30 00:00:00,17.1,71.0,0.0,9.0,1007.3,2.0
2025-06-30 01:00:00,16.6,73.0,0.0,10.8,1006.8,1.0
2025-06-30 02:00:00,16.7,72.0,0.0,11.5,1006.6,4.0
2025-06-30 03:00:00,17.2,69.0,0.0,14.8,1006.4,8.0
2025-06-30 04:00:00,17.2,76.0,0.0,13.7,1006.0,7.0
2025-06-30 05:00:00,17.2,82.0,0.0,13.7,1005.7,0.0
2025-06-30 06:00:00,18.0,81.0,0.0,16.6,1005.5,2.0
2025-06-30 07:00:00,19.7,78.0,0.0,14.0,1005.0,1.0
2025-06-30 08:00:00,21.3,68.0,0.0,17.3,1005.2,4.0
2025-06-30 09:00:00,22.4,57.0,0.0,17.3,1004.9,3.0
2025-06-30 10:00:00,23.2,50.0,0.0,23.0,1004.9,4.0
2025-06-30 11:00:00,23.9,56.0,0.2,17.3,1005.0,5.0
2025-06-30 12:00:00,23.2,57.0,0.7,25.2,1005.0,2.0
2025-06-30 13:00:00,24.6,41.0,0.4,22.0,1004.9,1.0
2025-06-30 14:00:00,25.8,34.0,0.0,24.8,1004.5,2.0
2025-06-30 15:00:00,25.5,34.0,0.0,26.6,1004.5,0.0
2025-06-30 16:00:00,25.5,32.0,0.0,25.2,1004.3,2.0
2025-06-30 17:00:00,24.4,34.0,0.0,27.0,1004.6,2.0
2025-06-30 18:00:00,23.3,35.0,0.0,25.2,1005.1,1.0
2025-06-30 19:00:00,22.4,36.0,0.0,22.3,1005.4,3.0
2025-06-30 20:00:00,21.0,39.0,0.0,20.5,1005.9,0.0
2025-06-30 21:00:00,19.9,41.0,0.0,19.4,1006.4,1.0
2025-06-30 22:00:00,18.9,44.0,0.0,20.5,1006.7,0.0
2025-06-30 23:00:00,18.2,46.0,0.0,17.6,1006.9,0.0
2025-07-01 00:00:00,17.3,50.0,0.0,15.8,1007.1,0.0
2025-07-01 01:00:00,16.8,53.0,0.0,18.4,1007.1,0.0
2025-07-01 02:00:00,16.8,54.0,0.0,17.6,1007.0,0.0
2025-07-01 03:00:00,16.2,57.0,0.0,17.3,1007.2,7.0
2025-07-01 04:00:00,16.3,59.0,0.0,17.3,1007.4,1.0
2025-07-01 05:00:00,15.4,65.0,0.0,15.8,1007.6,0.0
2025-07-01 06:00:00,15.5,66.0,0.0,17.6,1008.1,0.0
2025-07-01 07:00:00,16.5,64.0,0.0,18.7,1008.0,0.0
2025-07-01 08:00:00,17.8,60.0,0.0,20.9,1008.4,0.0
2025-07-01 09:00:00,19.2,55.0,0.0,23.4,1008.5,1.0
2025-07-01 10:00:00,20.6,47.0,0.0,25.2,1008.4,7.0
2025-07-01 11:00:00,20.8,47.0,0.0,25.2,1008.7,8.0
2025-07-01 12:00:00,20.8,47.0,0.0,23.8,1009.0,5.0
2025-07-01 13:00:00,21.4,45.0,0.2,24.8,1009.1,4.0
2025-07-01 14:00:00,21.9,43.0,0.2,25.2,1009.0,3.0
2025-07-01 15:00:00,22.4,42.0,0.2,24.8,1009.0,2.0
2025-07-01 16:00:00,23.0,41.0,0.0,23.8,1009.1,1.0
2025-07-01 17:00:00,23.2,41.0,0.0,24.5,1009.1,2.0
2025-07-01 18:00:00,22.6,41.0,0.0,24.8,1009.3,2.0
2025-07-01 19:00:00,21.7,43.0,0.0,23.8,1009.7,2.0
2025-07-01 20:00:00,20.4,49.0,0.0,18.7,1010.4,2.0
2025-07-01 21:00:00,19.5,52.0,0.0,15.8,1011.2,1.0
2025-07-01 22:00:00,18.6,56.0,0.0,15.1,1011.7,2.0
2025-07-01 23:00:00,17.8,59.0,0.0,14.8,1011.9,0.0
2025-07-02 00:00:00,17.0,63.0,0.0,14.8,1012.1,0.0
2025-07-02 01:00:00,16.3,69.0,0.0,13.0,1012.2,0.0
2025-07-02 02:00:00,15.6,74.0,0.0,11.9,1012.1,0.0
2025-07-02 03:00:00,15.2,77.0,0.0,11.9,1012.0,4.0
2025-07-02 04:00:00,14.7,79.0,0.0,12.6,1012.1,0.0
2025-07-02 05:00:00,14.4,80.0,0.0,13.0,1012.1,0.0
2025-07-02 06:00:00,15.2,77.0,0.0,15.1,1012.4,0.0
2025-07-02 07:00:00,16.8,70.0,0.0,13.7,1012.4,0.0
2025-07-02 08:00:00,18.7,62.0,0.0,15.1,1012.6,0.0
2025-07-02 09:00:00,20.4,55.0,0.0,16.6,1012.5,0.0
2025-07-02 10:00:00,21.8,46.0,0.0,19.8,1012.2,2.0
2025-07-02 11:00:00,22.8,42.0,0.1,20.9,1011.8,4.0
2025-07-02 12:00:00,23.6,39.0,0.1,20.2,1011.7,4.0
2025-07-02 13:00:00,24.2,37.0,0.2,20.2,1011.4,4.0
2025-07-02 14:00:00,24.6,35.0,0.2,22.0,1011.0,6.0
2025-07-02 15:00:00,24.3,38.0,0.2,24.1,1010.9,5.0
2025-07-02 16:00:00,24.4,38.0,0.0,23.4,1010.6,3.0
2025-07-02 17:00:00,24.5,37.0,0.0,24.5,1010.3,3.0
2025-07-02 18:00:00,23.7,39.0,0.0,25.6,1009.9,5.0
2025-07-02 19:00:00,22.2,45.0,0.0,30.6,1010.6,8.0
2025-07-02 20:00:00,17.0,83.0,2.2,23.0,1012.1,8.0
2025-07-02 21:00:00,16.6,90.0,1.3,15.1,1012.1,7.0
2025-07-02 22:00:00,16.5,89.0,0.0,17.6,1012.6,4.0
2025-07-02 23:00:00,15.9,91.0,0.0,18.4,1012.7,1.0
2025-07-03 00:00:00,15.5,93.0,0.0,16.2,1012.8,1.0
2025-07-03 01:00:00,14.9,95.0,0.0,14.4,1013.2,0.0
2025-07-03 02:00:00,14.5,95.0,0.0,14.8,1013.6,0.0
2025-07-03 03:00:00,14.2,95.0,0.0,13.3,1013.7,0.0
2025-07-03 04:00:00,13.5,93.0,0.0,10.4,1014.1,0.0
2025-07-03 05:00:00,13.2,95.0,0.0,11.2,1014.5,0.0
2025-07-03 06:00:00,13.9,93.0,0.0,13.7,1015.2,0.0
2025-07-03 07:00:00,15.3,87.0,0.0,13.0,1015.3,0.0
2025-07-03 08:00:00,17.1,77.0,0.0,15.1,1015.6,0.0
2025-07-03 09:00:00,18.9,68.0,0.0,16.2,1016.0,0.0
2025-07-03 10:00:00,20.8,58.0,0.0,20.2,1016.1,1.0
2025-07-03 11:00:00,22.1,50.0,0.0,20.2,1016.0,2.0
2025-07-03 12:00:00,23.5,43.0,0.0,20.2,1015.9,1.0
2025-07-03 13:00:00,24.4,40.0,0.0,19.1,1016.1,2.0
2025-07-03 14:00:00,25.7,36.0,0.0,21.6,1015.3,8.0
2025-07-03 15:00:00,24.4,43.0,0.0,24.8,1015.7,8.0
2025-07-03 16:00:00,24.2,46.0,0.0,20.2,1015.7,6.0
2025-07-03 17:00:00,24.8,45.0,0.0,19.1,1015.6,7.0
2025-07-03 18:00:00,24.4,47.0,0.0,19.1,1015.6,6.0
2025-07-03 19:00:00,23.6,52.0,0.0,14.8,1016.0,3.0
2025-07-03 20:00:00,22.3,59.0,0.0,7.9,1016.2,1.0
2025-07-03 21:00:00,20.6,65.0,0.0,6.5,1016.8,0.0
2025-07-03 22:00:00,20.1,68.0,0.0,8.3,1017.1,2.0
2025-07-03 23:00:00,18.9,73.0,0.0,7.2,1017.1,5.0
2025-07-04 00:00:00,18.7,75.0,0.0,5.8,1017.0,6.0
2025-07-04 01:00:00,18.3,78.0,0.0,5.0,1017.1,1.0
2025-07-04 02:00:00,17.7,80.0,0.0,4.0,1017.0,1.0
2025-07-04 03:00:00,17.2,82.0,0.0,3.2,1017.0,0.0
2025-07-04 04:00:00,16.7,84.0,0.0,4.0,1017.1,0.0
2025-07-04 05:00:00,16.1,86.0,0.0,4.7,1017.0,0.0
2025-07-04 06:00:00,17.9,79.0,0.0,7.9,1017.2,0.0
2025-07-04 07:00:00,20.6,69.0,0.0,6.8,1017.4,0.0
2025-07-04 08:00:00,23.5,57.0,0.0,4.7,1017.6,0.0
2025-07-04 09:00:00,25.5,48.0,0.0,5.8,1017.5,0.0
2025-07-04 10:00:00,26.5,43.0,0.0,5.0,1017.5,0.0
2025-07-04 11:00:00,27.5,40.0,0.0,6.5,1017.4,0.0
2025-07-04 12:00:00,28.3,38.0,0.0,7.2,1017.2,0.0
2025-07-04 13:00:00,29.1,35.0,0.0,6.8,1016.9,0.0
2025-07-04 14:00:00,29.6,34.0,0.0,8.3,1016.6,0.0
2025-07-04 15:00:00,30.0,32.0,0.0,9.7,1016.1,0.0
2025-07-04 16:00:00,30.1,31.0,0.0,10.1,1015.6,1.0
2025-07-04 17:00:00,30.3,31.0,0.0,9.4,1015.1,1.0
2025-07-04 18:00:00,30.3,31.0,0.0,9.0,1014.7,1.0
2025-07-04 19:00:00,29.4,34.0,0.0,10.8,1014.8,1.0
2025-07-04 20:00:00,26.4,47.0,0.0,10.1,1014.7,0.0
2025-07-04 21:00:00,24.6,51.0,0.0,10.4,1015.0,0.0
2025-07-04 22:00:00,23.2,57.0,0.0,7.2,1015.1,0.0
2025-07-04 23:00:00,22.3,62.0,0.0,9.0,1015.2,0.0
2025-07-05 00:00:00,22.1,69.0,0.0,12.2,1015.2,0.0
2025-07-05 01:00:00,21.5,73.0,0.0,10.4,1014.5,0.0
2025-07-05 02:00:00,20.8,69.0,0.0,9.0,1014.4,0.0
2025-07-05 03:00:00,20.3,71.0,0.0,9.0,1014.3,0.0
2025-07-05 04:00:00,19.6,75.0,0.0,8.3,1014.3,0.0
2025-07-05 05:00:00,18.9,81.0,0.0,8.3,1014.2,0.0
2025-07-05 06:00:00,20.3,77.0,0.0,11.5,1014.1,0.0
2025-07-05 07:00:00,22.6,68.0,0.0,9.0,1013.9,0.0
2025-07-05 08:00:00,25.1,60.0,0.0,9.4,1013.9,0.0
2025-07-05 09:00:00,27.3,49.0,0.0,8.6,1013.7,0.0
2025-07-05 10:00:00,29.2,43.0,0.0,11.5,1013.7,4.0
2025-07-05 11:00:00,29.9,41.0,0.0,9.7,1014.0,0.0
2025-07-05 12:00:00,29.0,47.0,1.0,13.0,1013.8,5.0
2025-07-05 13:00:00,28.4,50.0,0.1,20.2,1014.4,7.0
2025-07-05 14:00:00,24.5,66.0,2.0,23.0,1014.8,6.0
2025-07-05 15:00:00,26.6,54.0,0.0,18.0,1015.0,8.0
2025-07-05 16:00:00,27.4,52.0,0.0,9.7,1014.5,3.0
2025-07-05 17:00:00,28.6,45.0,0.0,12.6,1014.0,0.0
2025-07-05 18:00:00,28.4,43.0,0.0,15.5,1013.9,2.0
2025-07-05 19:00:00,27.4,43.0,0.0,15.8,1014.1,1.0
2025-07-05 20:00:00,26.0,44.0,0.0,14.0,1014.6,1.0
2025-07-05 21:00:00,23.5,53.0,0.0,10.1,1015.2,1.0
2025-07-05 22:00:00,22.9,57.0,0.0,13.0,1015.9,2.0
2025-07-05 23:00:00,22.3,57.0,0.0,15.1,1016.3,0.0
2025-07-06 00:00:00,21.4,58.0,0.0,14.8,1016.6,0.0
2025-07-06 01:00:00,20.3,62.0,0.0,12.6,1016.8,0.0
2025-07-06 02:00:00,19.5,65.0,0.0,13.0,1017.1,0.0
2025-07-06 03:00:00,18.8,67.0,0.0,12.6,1017.3,0.0
2025-07-06 04:00:00,18.1,70.0,0.0,11.2,1017.2,0.0
2025-07-06 05:00:00,17.4,72.0,0.0,10.8,1017.3,0.0
2025-07-06 06:00:00,18.3,69.0,0.0,11.9,1017.5,0.0
2025-07-06 07:00:00,19.6,65.0,0.0,9.0,1017.4,0.0
2025-07-06 08:00:00,21.4,57.0,0.0,9.0,1017.6,0.0
2025-07-06 09:00:00,23.4,51.0,0.0,7.6,1017.5,0.0
2025-07-06 10:00:00,25.3,43.0,0.0,6.5,1017.2,0.0
2025-07-06 11:00:00,26.6,36.0,0.0,5.8,1016.9,0.0
2025-07-06 12:00:00,27.3,35.0,0.0,3.6,1016.8,0.0
2025-07-06 13:00:00,28.1,33.0,0.0,3.6,1016.3,0.0
2025-07-06 14:00:00,28.7,32.0,0.0,5.0,1016.0,0.0
2025-07-06 15:00:00,29.0,31.0,0.0,7.2,1015.5,0.0
2025-07-06 16:00:00,29.2,31.0,0.0,11.2,1015.1,0.0
2025-07-06 17:00:00,29.5,29.0,0.0,11.9,1014.5,0.0
2025-07-06 18:00:00,28.9,30.0,0.0,11.2,1014.3,0.0
2025-07-06 19:00:00,27.8,33.0,0.0,10.1,1014.4,0.0
2025-07-06 20:00:00,25.7,41.0,0.0,10.8,1014.5,0.0
2025-07-06 21:00:00,23.2,48.0,0.0,6.8,1014.6,0.0
2025-07-06 22:00:00,22.1,53.0,0.0,8.3,1014.1,0.0
2025-07-06 23:00:00,21.5,56.0,0.0,6.5,1014.3,0.0
2025-07-07 00:00:00,21.0,58.0,0.0,6.8,1014.3,0.0
2025-07-07 01:00:00,20.5,61.0,0.0,5.8,1014.1,0.0
2025-07-07 02:00:00,20.1,65.0,0.0,6.8,1014.1,0.0
2025-07-07 03:00:00,19.9,71.0,0.0,7.2,1014.0,0.0
2025-07-07 04:00:00,19.3,76.0,0.0,6.5,1013.8,1.0
2025-07-07 05:00:00,18.9,80.0,0.0,7.2,1013.7,2.0
2025-07-07 06:00:00,20.8,73.0,0.0,10.1,1013.8,5.0
2025-07-07 07:00:00,23.1,63.0,0.0,9.0,1013.5,6.0
2025-07-07 08:00:00,25.4,52.0,0.0,10.4,1013.6,8.0
2025-07-07 09:00:00,27.2,49.0,0.0,11.9,1013.7,6.0
2025-07-07 10:00:00,28.7,45.0,0.0,12.6,1013.4,2.0
2025-07-07 11:00:00,30.2,39.0,0.0,13.7,1013.3,1.0
2025-07-07 12:00:00,31.3,35.0,0.0,13.7,1013.0,2.0
2025-07-07 13:00:00,32.0,33.0,0.0,15.5,1012.6,0.0
2025-07-07 14:00:00,32.6,32.0,0.0,16.2,1012.3,1.0
2025-07-07 15:00:00,32.9,32.0,0.0,15.8,1011.8,2.0
2025-07-07 16:00:00,32.5,33.0,0.0,14.4,1011.4,2.0
2025-07-07 17:00:00,32.2,34.0,0.0,17.6,1011.1,2.0
2025-07-07 18:00:00,31.6,35.0,0.0,13.7,1010.7,1.0
2025-07-07 19:00:00,30.6,39.0,0.0,18.4,1010.6,1.0
2025-07-07 20:00:00,28.4,49.0,0.0,15.1,1010.9,0.0
2025-07-07 21:00:00,26.7,56.0,0.0,10.1,1011.3,0.0
2025-07-07 22:00:00,25.9,59.0,0.0,12.2,1011.3,0.0
2025-07-07 23:00:00,25.6,56.0,0.0,11.2,1011.1,0.0
2025-07-08 00:00:00,24.5,55.0,0.0,9.7,1011.2,0.0
2025-07-08 01:00:00,23.4,57.0,0.0,7.2,1011.1,0.0
2025-07-08 02:00:00,22.4,65.0,0.0,5.4,1011.0,0.0
2025-07-08 03:00:00,21.8,69.0,0.0,2.2,1011.0,0.0
2025-07-08 04:00:00,21.5,65.0,0.0,1.1,1011.2,0.0
2025-07-08 05:00:00,20.8,68.0,0.0,1.8,1011.2,0.0
2025-07-08 06:00:00,21.7,67.0,0.0,6.5,1011.1,0.0
2025-07-08 07:00:00,24.2,60.0,0.0,6.8,1011.1,0.0
2025-07-08 08:00:00,26.8,48.0,0.0,7.9,1011.3,0.0
2025-07-08 09:00:00,29.1,40.0,0.0,9.4,1011.0,0.0
2025-07-08 10:00:00,30.8,35.0,0.0,11.2,1010.6,0.0
2025-07-08 11:00:00,32.3,33.0,0.0,13.0,1010.4,0.0
2025-07-08 12:00:00,33.4,31.0,0.0,16.2,1010.3,0.0
2025-07-08 13:00:00,33.7,30.0,0.0,18.4,1010.2,1.0
2025-07-08 14:00:00,34.0,29.0,0.0,17.6,1009.9,1.0
2025-07-08 15:00:00,34.6,27.0,0.0,15.8,1009.5,1.0
2025-07-08 16:00:00,34.7,27.0,0.0,14.8,1008.9,1.0
2025-07-08 17:00:00,34.6,27.0,0.0,13.7,1008.5,1.0
2025-07-08 18:00:00,34.3,27.0,0.0,13.3,1008.3,1.0
2025-07-08 19:00:00,33.4,29.0,0.0,10.8,1008.2,1.0
2025-07-08 20:00:00,31.8,33.0,0.0,6.5,1008.1,1.0
2025-07-08 21:00:00,29.7,38.0,0.0,5.4,1008.4,0.0
2025-07-08 22:00:00,28.5,41.0,0.0,7.6,1008.7,0.0
2025-07-08 23:00:00,27.0,48.0,0.0,6.8,1008.9,0.0
2025-07-09 00:00:00,25.6,57.0,0.0,4.7,1008.7,0.0
2025-07-09 01:00:00,25.3,55.0,0.0,5.4,1008.3,0.0
2025-07-09 02:00:00,24.4,60.0,0.0,6.1,1008.3,0.0
2025-07-09 03:00:00,23.4,65.0,0.0,6.8,1008.3,0.0
2025-07-09 04:00:00,22.9,67.0,0.0,8.6,1008.2,0.0
2025-07-09 05:00:00,23.7,58.0,0.0,14.4,1008.4,0.0
2025-07-09 06:00:00,24.9,52.0,0.0,15.8,1008.6,0.0
2025-07-09 07:00:00,26.6,48.0,0.0,13.3,1008.6,0.0
2025-07-09 08:00:00,28.4,41.0,0.0,15.8,1008.9,0.0
2025-07-09 09:00:00,30.2,34.0,0.0,17.3,1008.7,0.0
2025-07-09 10:00:00,31.9,30.0,0.0,19.8,1008.6,0.0
2025-07-09 11:00:00,32.7,29.0,0.0,21.6,1008.0,0.0
2025-07-09 12:00:00,34.1,24.0,0.0,22.0,1007.6,0.0
2025-07-09 13:00:00,34.9,21.0,0.0,22.7,1007.5,0.0
2025-07-09 14:00:00,35.3,20.0,0.0,21.2,1007.3,0.0
2025-07-09 15:00:00,35.3,19.0,0.0,19.8,1006.9,0.0
2025-07-09 16:00:00,34.9,18.0,0.0,21.6,1006.6,0.0
2025-07-09 17:00:00,34.2,17.0,0.0,21.2,1006.4,0.0
2025-07-09 18:00:00,33.3,19.0,0.0,21.2,1006.3,0.0
2025-07-09 19:00:00,32.0,24.0,0.0,19.1,1006.3,0.0
2025-07-09 20:00:00,30.1,30.0,0.0,15.1,1006.5,0.0
2025-07-09 21:00:00,28.2,32.0,0.0,10.8,1006.2,0.0
2025-07-09 22:00:00,26.5,35.0,0.0,7.9,1006.4,0.0
2025-07-09 23:00:00,25.6,36.0,0.0,10.8,1006.4,0.0
2025-07-10 00:00:00,25.2,37.0,0.0,11.9,1006.2,0.0
2025-07-10 01:00:00,24.4,40.0,0.0,11.5,1005.8,0.0
2025-07-10 02:00:00,23.4,59.0,0.0,10.1,1005.8,0.0
2025-07-10 03:00:00,22.6,68.0,0.0,10.8,1005.7,0.0
2025-07-10 04:00:00,22.0,78.0,0.0,12.2,1005.6,0.0
2025-07-10 05:00:00,21.6,86.0,0.0,13.0,1005.5,0.0
2025-07-10 06:00:00,22.6,83.0,0.0,13.7,1005.7,0.0
2025-07-10 07:00:00,24.8,72.0,0.0,13.0,1005.8,0.0
2025-07-10 08:00:00,27.3,57.0,0.0,15.1,1006.1,0.0
2025-07-10 09:00:00,30.1,40.0,0.0,15.8,1006.0,0.0
2025-07-10 10:00:00,31.9,31.0,0.0,17.3,1005.9,0.0
2025-07-10 11:00:00,33.1,27.0,0.0,18.0,1005.7,0.0
2025-07-10 12:00:00,34.0,26.0,0.0,18.7,1005.7,0.0
2025-07-10 13:00:00,35.3,24.0,0.0,20.5,1005.3,0.0
2025-07-10 14:00:00,36.0,22.0,0.0,22.3,1005.0,0.0
2025-07-10 15:00:00,36.2,21.0,0.0,23.0,1004.7,0.0
2025-07-10 16:00:00,36.1,20.0,0.0,22.0,1004.4,0.0
2025-07-10 17:00:00,36.0,19.0,0.0,20.5,1004.1,0.0
2025-07-10 18:00:00,35.4,19.0,0.0,19.8,1003.9,2.0
2025-07-10 19:00:00,34.0,22.0,0.0,18.0,1004.1,1.0
2025-07-10 20:00:00,31.8,29.0,0.0,14.0,1004.7,2.0
2025-07-10 21:00:00,29.4,35.0,0.0,9.4,1005.0,0.0
2025-07-10 22:00:00,27.9,41.0,0.0,11.9,1005.3,0.0
2025-07-10 23:00:00,26.6,51.0,0.0,10.4,1005.4,0.0
2025-07-11 00:00:00,25.5,60.0,0.0,9.4,1005.2,0.0
2025-07-11 01:00:00,24.8,66.0,0.0,9.7,1005.0,0.0
2025-07-11 02:00:00,24.0,72.0,0.0,8.3,1005.0,0.0
2025-07-11 03:00:00,23.3,78.0,0.0,6.5,1004.9,0.0
2025-07-11 04:00:00,22.6,83.0,0.0,6.8,1005.3,0.0
2025-07-11 05:00:00,22.3,86.0,0.0,8.3,1005.9,0.0
2025-07-11 06:00:00,23.2,82.0,0.0,8.6,1006.3,0.0
2025-07-11 07:00:00,25.2,72.0,0.0,9.0,1006.7,0.0
2025-07-11 08:00:00,27.1,61.0,0.0,10.4,1006.9,0.0
2025-07-11 09:00:00,28.8,54.0,0.0,11.9,1007.5,0.0
2025-07-11 10:00:00,30.5,46.0,0.0,13.3,1007.6,0.0
2025-07-11 11:00:00,31.9,40.0,0.0,13.7,1007.8,0.0
2025-07-11 12:00:00,33.0,35.0,0.0,13.7,1008.0,1.0
2025-07-11 13:00:00,33.3,33.0,0.0,12.2,1008.2,0.0
2025-07-11 14:00:00,33.9,31.0,0.0,12.6,1008.1,1.0
2025-07-11 15:00:00,34.2,30.0,0.0,13.3,1007.9,0.0
2025-07-11 16:00:00,34.1,31.0,0.0,13.0,1008.0,1.0
2025-07-11 17:00:00,33.5,32.0,0.0,14.0,1008.2,3.0
2025-07-11 18:00:00,32.7,33.0,0.2,12.2,1008.6,3.0
2025-07-11 19:00:00,32.2,33.0,0.0,10.4,1008.8,2.0
2025-07-11 20:00:00,30.9,40.0,0.0,7.9,1009.0,2.0
2025-07-11 21:00:00,28.9,42.0,0.0,10.1,1009.7,2.0
2025-07-11 22:00:00,28.0,45.0,0.0,7.2,1010.0,2.0
2025-07-11 23:00:00,27.4,52.0,0.0,9.7,1010.0,3.0
2025-07-12 00:00:00,26.3,55.0,0.0,9.0,1010.2,3.0
2025-07-12 01:00:00,24.9,62.0,0.0,7.2,1010.3,6.0
2025-07-12 02:00:00,24.3,65.0,0.0,5.0,1010.8,8.0
2025-07-12 03:00:00,24.1,65.0,0.0,10.1,1010.9,4.0
2025-07-12 04:00:00,23.3,66.0,0.0,4.7,1011.3,2.0
2025-07-12 05:00:00,23.0,68.0,0.0,2.5,1011.4,2.0
2025-07-12 06:00:00,23.6,65.0,0.0,7.9,1011.8,6.0
2025-07-12 07:00:00,25.3,59.0,0.0,5.8,1012.1,6.0
2025-07-12 08:00:00,26.8,53.0,0.0,5.0,1012.0,4.0
2025-07-12 09:00:00,29.2,44.0,0.0,4.3,1012.0,5.0
2025-07-12 10:00:00,31.0,37.0,0.0,4.3,1012.0,2.0
2025-07-12 11:00:00,32.5,32.0,0.0,7.2,1012.0,2.0
2025-07-12 12:00:00,33.5,30.0,0.0,9.0,1012.1,2.0
2025-07-12 13:00:00,34.3,28.0,0.0,10.4,1012.0,4.0
2025-07-12 14:00:00,34.4,28.0,0.0,13.3,1011.7,3.0
2025-07-12 15:00:00,34.6,26.0,0.0,12.6,1011.9,5.0
2025-07-12 16:00:00,33.8,26.0,0.0,14.4,1012.1,2.0
2025-07-12 17:00:00,33.9,25.0,0.0,10.1,1011.7,1.0
2025-07-12 18:00:00,33.4,27.0,0.0,13.0,1011.7,2.0
2025-07-12 19:00:00,32.3,33.0,0.0,11.5,1012.0,3.0
2025-07-12 20:00:00,31.7,37.0,0.0,16.2,1012.2,2.0
2025-07-12 21:00:00,28.5,45.0,0.0,15.8,1013.0,1.0
2025-07-12 22:00:00,26.1,58.0,0.0,14.0,1013.6,1.0
2025-07-12 23:00:00,25.3,63.0,0.0,15.8,1013.8,3.0
2025-07-13 00:00:00,25.5,63.0,0.0,15.1,1013.6,3.0
2025-07-13 01:00:00,25.0,70.0,0.0,16.9,1013.8,3.0
2025-07-13 02:00:00,24.3,74.0,0.0,17.3,1013.8,3.0
2025-07-13 03:00:00,23.7,76.0,0.0,16.2,1014.0,3.0
2025-07-13 04:00:00,23.5,77.0,0.0,14.8,1014.1,3.0
2025-07-13 05:00:00,23.3,77.0,0.0,19.1,1014.4,2.0
2025-07-13 06:00:00,22.7,80.0,0.0,17.6,1014.7,3.0
2025-07-13 07:00:00,23.8,76.0,0.0,11.9,1014.5,2.0
2025-07-13 08:00:00,26.2,65.0,0.0,7.9,1014.4,2.0
2025-07-13 09:00:00,28.4,55.0,0.0,9.7,1014.6,2.0
2025-07-13 10:00:00,29.2,48.0,0.1,11.9,1014.6,4.0
2025-07-13 11:00:00,30.2,44.0,0.0,12.2,1014.7,3.0
2025-07-13 12:00:00,31.3,40.0,0.0,10.8,1014.8,4.0
2025-07-13 13:00:00,31.9,38.0,0.0,8.6,1014.7,3.0
2025-07-13 14:00:00,32.8,35.0,0.0,6.8,1014.4,3.0
2025-07-13 15:00:00,33.1,35.0,0.0,8.6,1014.3,3.0
2025-07-13 16:00:00,33.3,34.0,0.0,11.9,1013.9,8.0
2025-07-13 17:00:00,32.5,34.0,0.0,14.4,1013.7,4.0
2025-07-13 18:00:00,31.8,35.0,0.0,14.8,1013.8,2.0
2025-07-13 19:00:00,31.4,34.0,0.0,15.5,1013.8,1.0
2025-07-13 20:00:00,28.9,47.0,0.0,14.8,1014.2,2.0
2025-07-13 21:00:00,27.7,49.0,0.0,14.0,1014.8,1.0
2025-07-13 22:00:00,26.8,48.0,0.0,13.7,1015.0,0.0
2025-07-13 23:00:00,25.7,51.0,0.0,12.2,1015.1,0.0
2025-07-14 00:00:00,24.9,55.0,0.0,11.9,1015.3,0.0
2025-07-14 01:00:00,24.7,61.0,0.0,13.3,1014.9,0.0
2025-07-14 02:00:00,24.1,60.0,0.0,13.7,1015.1,0.0
2025-07-14 03:00:00,23.5,62.0,0.0,14.4,1015.1,0.0
2025-07-14 04:00:00,22.8,64.0,0.0,13.7,1015.1,0.0
2025-07-14 05:00:00,22.1,66.0,0.0,13.3,1015.1,0.0
2025-07-14 06:00:00,21.7,64.0,0.0,14.4,1015.1,0.0
2025-07-14 07:00:00,23.1,58.0,0.0,13.3,1014.9,0.0
2025-07-14 08:00:00,25.0,49.0,0.0,13.7,1014.7,0.0
2025-07-14 09:00:00,27.2,41.0,0.0,14.8,1014.4,0.0
2025-07-14 10:00:00,28.6,35.0,0.0,16.6,1014.2,0.0
2025-07-14 11:00:00,29.0,33.0,0.0,17.6,1014.2,0.0
2025-07-14 12:00:00,30.1,30.0,0.0,17.3,1013.9,0.0
2025-07-14 13:00:00,30.8,28.0,0.0,17.6,1013.4,0.0
2025-07-14 14:00:00,31.4,28.0,0.0,18.0,1013.1,0.0
2025-07-14 15:00:00,31.8,25.0,0.0,19.1,1012.8,0.0
2025-07-14 16:00:00,31.7,25.0,0.0,22.3,1012.3,0.0
2025-07-14 17:00:00,31.2,26.0,0.0,22.3,1011.8,0.0
2025-07-14 18:00:00,30.5,27.0,0.0,20.9,1011.5,0.0
2025-07-14 19:00:00,29.6,28.0,0.0,19.4,1011.5,1.0
2025-07-14 20:00:00,28.3,31.0,0.0,15.8,1011.6,0.0
2025-07-14 21:00:00,26.5,37.0,0.0,13.7,1012.0,0.0
2025-07-14 22:00:00,24.6,45.0,0.0,8.3,1012.2,0.0
2025-07-14 23:00:00,23.5,52.0,0.0,6.1,1012.2,0.0
2025-07-15 00:00:00,22.6,57.0,0.0,7.6,1012.1,0.0
2025-07-15 01:00:00,21.6,62.0,0.0,7.2,1011.8,0.0
2025-07-15 02:00:00,21.3,67.0,0.0,5.4,1011.8,0.0
2025-07-15 03:00:00,20.8,70.0,0.0,4.3,1011.3,0.0
2025-07-15 04:00:00,20.3,74.0,0.0,2.9,1011.2,0.0
2025-07-15 05:00:00,19.5,77.0,0.0,4.3,1011.1,0.0
2025-07-15 06:00:00,20.5,74.0,0.0,6.1,1011.2,0.0
2025-07-15 07:00:00,23.2,60.0,0.0,7.2,1011.0,0.0
2025-07-15 08:00:00,25.8,47.0,0.0,6.1,1011.1,0.0
2025-07-15 09:00:00,27.8,38.0,0.0,5.8,1011.0,0.0
2025-07-15 10:00:00,29.1,34.0,0.0,6.5,1010.5,0.0
2025-07-15 11:00:00,30.3,32.0,0.0,7.6,1010.3,0.0
2025-07-15 12:00:00,31.1,31.0,0.0,9.4,1009.6,0.0
2025-07-15 13:00:00,32.3,28.0,0.0,11.5,1009.0,2.0
2025-07-15 14:00:00,32.7,27.0,0.0,13.3,1008.4,2.0
2025-07-15 15:00:00,32.7,27.0,0.0,13.3,1007.8,2.0
2025-07-15 16:00:00,32.7,27.0,0.0,13.0,1007.0,2.0
2025-07-15 17:00:00,32.7,27.0,0.0,11.9,1006.6,1.0
2025-07-15 18:00:00,32.2,28.0,0.0,11.5,1006.2,1.0
2025-07-15 19:00:00,31.4,29.0,0.0,10.4,1006.0,2.0
2025-07-15 20:00:00,29.8,35.0,0.0,7.2,1006.3,1.0
2025-07-15 21:00:00,27.5,41.0,0.0,6.8,1006.9,1.0
2025-07-15 22:00:00,27.0,43.0,0.0,8.6,1007.0,1.0
2025-07-15 23:00:00,26.1,46.0,0.0,8.3,1007.0,1.0
2025-07-16 00:00:00,25.4,49.0,0.0,7.2,1007.2,2.0
2025-07-16 01:00:00,24.7,51.0,0.0,6.5,1006.9,1.0
2025-07-16 02:00:00,24.3,51.0,0.0,3.6,1006.8,2.0
2025-07-16 03:00:00,23.1,58.0,0.0,6.8,1006.6,1.0
2025-07-16 04:00:00,22.4,65.0,0.0,7.6,1006.6,0.0
2025-07-16 05:00:00,21.6,70.0,0.0,6.8,1006.6,0.0
2025-07-16 06:00:00,22.4,69.0,0.0,10.8,1006.7,0.0
2025-07-16 07:00:00,24.3,65.0,0.0,9.7,1006.9,2.0
2025-07-16 08:00:00,26.6,54.0,0.0,12.2,1006.9,2.0
2025-07-16 09:00:00,28.4,44.0,0.0,14.0,1007.0,2.0
2025-07-16 10:00:00,29.6,39.0,0.0,12.2,1006.9,1.0
2025-07-16 11:00:00,30.7,34.0,0.0,9.4,1006.8,2.0
2025-07-16 12:00:00,31.7,30.0,0.0,9.7,1006.7,2.0
2025-07-16 13:00:00,32.2,27.0,0.0,13.7,1006.7,0.0
2025-07-16 14:00:00,32.8,26.0,0.0,12.6,1006.3,0.0
2025-07-16 15:00:00,33.0,25.0,0.0,10.8,1005.9,0.0
2025-07-16 16:00:00,33.1,24.0,0.0,11.2,1005.4,1.0
2025-07-16 17:00:00,32.9,25.0,0.0,10.4,1005.2,3.0
2025-07-16 18:00:00,32.5,25.0,0.0,11.9,1004.9,4.0
2025-07-16 19:00:00,31.6,27.0,0.0,13.3,1005.1,4.0
2025-07-16 20:00:00,30.2,31.0,0.0,11.5,1005.6,3.0
2025-07-16 21:00:00,28.3,36.0,0.0,10.4,1006.5,1.0
2025-07-16 22:00:00,26.8,41.0,0.0,8.3,1006.5,1.0
2025-07-16 23:00:00,25.7,46.0,0.0,7.2,1006.7,0.0
2025-07-17 00:00:00,24.9,50.0,0.0,9.0,1006.8,0.0
2025-07-17 01:00:00,24.7,51.0,0.0,8.6,1006.8,0.0
2025-07-17 02:00:00,24.1,51.0,0.0,8.6,1006.7,0.0
2025-07-17 03:00:00,23.4,52.0,0.0,8.3,1006.5,0.0
2025-07-17 04:00:00,22.8,56.0,0.0,7.2,1006.8,0.0
2025-07-17 05:00:00,22.2,58.0,0.0,7.9,1006.4,0.0
2025-07-17 06:00:00,23.3,56.0,0.0,9.7,1006.5,0.0
2025-07-17 07:00:00,25.0,52.0,0.0,9.0,1006.4,3.0
2025-07-17 08:00:00,27.3,46.0,0.0,7.9,1006.7,7.0
2025-07-17 09:00:00,29.4,42.0,0.0,9.0,1007.0,8.0
2025-07-17 10:00:00,29.5,41.0,0.0,9.7,1007.2,8.0
2025-07-17 11:00:00,29.9,38.0,0.0,10.1,1007.3,6.0
2025-07-17 12:00:00,31.0,35.0,0.0,6.8,1007.3,6.0
2025-07-17 13:00:00,32.5,31.0,0.0,10.4,1006.9,6.0
2025-07-17 14:00:00,28.4,48.0,0.9,15.8,1007.8,7.0
2025-07-17 15:00:00,29.7,42.0,0.0,7.9,1007.4,5.0
2025-07-17 16:00:00,28.1,47.0,0.2,17.6,1007.8,8.0
2025-07-17 17:00:00,28.3,45.0,0.0,10.8,1007.7,5.0
2025-07-17 18:00:00,28.5,44.0,0.0,11.5,1007.8,4.0
2025-07-17 19:00:00,27.5,49.0,0.0,10.1,1008.1,1.0
2025-07-17 20:00:00,25.2,61.0,0.0,11.2,1008.9,0.0
2025-07-17 21:00:00,23.5,69.0,0.0,7.9,1009.4,5.0
2025-07-17 22:00:00,22.5,75.0,0.0,6.1,1009.5,1.0
2025-07-17 23:00:00,21.8,79.0,0.0,4.7,1009.4,1.0
2025-07-18 00:00:00,21.1,83.0,0.0,5.4,1009.3,7.0
2025-07-18 01:00:00,21.3,84.0,0.0,9.0,1009.2,0.0
2025-07-18 02:00:00,20.6,89.0,0.0,7.6,1009.5,0.0
2025-07-18 03:00:00,20.1,93.0,0.0,5.8,1009.6,1.0
2025-07-18 04:00:00,19.9,94.0,0.0,4.7,1009.6,7.0
2025-07-18 05:00:00,19.6,95.0,0.0,5.8,1009.5,8.0
2025-07-18 06:00:00,21.2,91.0,0.0,8.3,1009.4,8.0
2025-07-18 07:00:00,22.8,80.0,0.0,8.3,1009.1,8.0
2025-07-18 08:00:00,24.7,67.0,0.0,10.1,1009.0,8.0
2025-07-18 09:00:00,26.7,56.0,0.0,12.2,1009.1,8.0
2025-07-18 10:00:00,28.1,49.0,0.0,13.7,1008.9,8.0
2025-07-18 11:00:00,29.0,45.0,0.0,12.2,1009.1,8.0
2025-07-18 12:00:00,30.1,44.0,0.0,13.0,1009.1,6.0
2025-07-18 13:00:00,31.0,41.0,0.0,12.6,1008.9,7.0
2025-07-18 14:00:00,31.0,40.0,0.0,18.4,1008.7,8.0
2025-07-18 15:00:00,27.5,56.0,0.5,10.8,1008.9,8.0
2025-07-18 16:00:00,27.1,60.0,0.4,7.6,1008.7,6.0
2025-07-18 17:00:00,28.5,54.0,0.0,11.9,1008.1,7.0
2025-07-18 18:00:00,28.3,55.0,0.0,13.0,1008.1,8.0
2025-07-18 19:00:00,27.5,58.0,0.0,12.2,1008.1,8.0
2025-07-18 20:00:00,26.6,63.0,0.0,11.2,1008.1,8.0
2025-07-18 21:00:00,24.9,74.0,0.0,10.8,1008.6,7.0
2025-07-18 22:00:00,24.5,76.0,0.0,10.4,1008.1,6.0
2025-07-18 23:00:00,24.6,74.0,0.0,12.2,1008.2,7.0
2025-07-19 00:00:00,23.9,75.0,0.6,15.8,1008.5,8.0
2025-07-19 01:00:00,22.2,86.0,2.0,17.3,1008.9,8.0
2025-07-19 02:00:00,21.5,88.0,1.4,14.0,1009.1,8.0
2025-07-19 03:00:00,21.0,86.0,0.0,11.5,1008.8,8.0
2025-07-19 04:00:00,20.5,85.0,0.0,10.4,1008.9,3.0
2025-07-19 05:00:00,19.8,89.0,0.0,6.5,1009.3,2.0
2025-07-19 06:00:00,20.3,87.0,0.0,10.8,1009.3,0.0
2025-07-19 07:00:00,21.5,86.0,0.0,11.9,1008.8,0.0
2025-07-19 08:00:00,23.1,71.0,0.0,12.2,1009.1,0.0
2025-07-19 09:00:00,24.7,59.0,0.0,11.9,1009.5,0.0
2025-07-19 10:00:00,26.0,47.0,0.0,14.8,1009.4,0.0
2025-07-19 11:00:00,26.6,40.0,0.0,18.7,1009.4,0.0
2025-07-19 12:00:00,26.7,35.0,0.0,20.5,1009.4,0.0
2025-07-19 13:00:00,27.2,34.0,0.0,20.5,1009.6,5.0
2025-07-19 14:00:00,27.5,34.0,0.0,20.9,1009.3,8.0
2025-07-19 15:00:00,27.4,35.0,0.0,18.7,1009.0,8.0
2025-07-19 16:00:00,27.5,34.0,0.0,16.6,1008.8,8.0
2025-07-19 17:00:00,28.0,32.0,0.0,17.6,1008.0,8.0
2025-07-19 18:00:00,27.9,32.0,0.0,15.5,1007.9,8.0
2025-07-19 19:00:00,26.2,42.0,0.0,14.4,1008.2,7.0
2025-07-19 20:00:00,24.6,48.0,0.0,13.7,1008.6,8.0
2025-07-19 21:00:00,23.6,52.0,0.0,13.3,1009.2,0.0
2025-07-19 22:00:00,22.9,50.0,0.0,11.9,1009.4,0.0
2025-07-19 23:00:00,22.0,55.0,0.0,13.0,1009.6,0.0
2025-07-20 00:00:00,21.4,60.0,0.0,11.9,1009.7,0.0
2025-07-20 01:00:00,20.5,64.0,0.0,10.1,1009.5,0.0
2025-07-20 02:00:00,20.0,65.0,0.0,10.1,1009.4,0.0
2025-07-20 03:00:00,19.4,69.0,0.0,8.6,1009.1,0.0
2025-07-20 04:00:00,18.7,73.0,0.0,7.9,1009.3,0.0
2025-07-20 05:00:00,18.0,77.0,0.0,7.2,1009.5,0.0
2025-07-20 06:00:00,18.5,76.0,0.0,7.9,1009.6,0.0
2025-07-20 07:00:00,20.2,69.0,0.0,4.0,1009.8,0.0
2025-07-20 08:00:00,22.4,59.0,0.0,6.1,1009.9,0.0
2025-07-20 09:00:00,24.1,50.0,0.0,7.6,1009.6,0.0
2025-07-20 10:00:00,25.8,40.0,0.0,9.0,1009.3,0.0
2025-07-20 11:00:00,27.2,36.0,0.0,9.7,1009.2,1.0
2025-07-20 12:00:00,28.2,35.0,0.0,10.8,1009.1,0.0
2025-07-20 13:00:00,29.1,33.0,0.0,13.3,1008.6,0.0
2025-07-20 14:00:00,29.6,32.0,0.0,16.9,1008.1,1.0
2025-07-20 15:00:00,29.6,30.0,0.0,17.3,1007.7,1.0
2025-07-20 16:00:00,29.4,31.0,0.0,17.3,1007.6,0.0
2025-07-20 17:00:00,29.0,33.0,0.0,17.6,1007.4,0.0
2025-07-20 18:00:00,28.5,34.0,0.0,16.2,1007.2,3.0
2025-07-20 19:00:00,27.2,39.0,0.0,18.0,1007.4,2.0
2025-07-20 20:00:00,25.6,46.0,0.0,14.0,1007.7,3.0
2025-07-20 21:00:00,24.0,52.0,0.0,8.3,1008.2,3.0
2025-07-20 22:00:00,23.3,56.0,0.0,10.8,1008.2,2.0
2025-07-20 23:00:00,22.9,58.0,0.0,9.4,1008.1,1.0
2025-07-21 00:00:00,22.4,61.0,0.0,8.6,1008.3,1.0
2025-07-21 01:00:00,21.7,64.0,0.0,9.0,1008.2,0.0
2025-07-21 02:00:00,21.4,65.0,0.0,9.7,1008.2,0.0
2025-07-21 03:00:00,20.8,69.0,0.0,8.6,1008.1,0.0
2025-07-21 04:00:00,20.4,76.0,0.0,9.4,1008.0,0.0
2025-07-21 05:00:00,20.1,80.0,0.0,9.0,1007.8,0.0
2025-07-21 06:00:00,20.7,79.0,0.0,10.4,1008.1,4.0
2025-07-21 07:00:00,22.3,75.0,0.0,10.1,1008.2,2.0
2025-07-21 08:00:00,24.0,72.0,0.0,13.3,1008.2,0.0
2025-07-21 09:00:00,25.7,65.0,0.0,15.1,1008.0,0.0
2025-07-21 10:00:00,27.3,55.0,0.0,16.6,1008.1,1.0
2025-07-21 11:00:00,28.8,47.0,0.0,18.7,1008.0,1.0
2025-07-21 12:00:00,30.2,37.0,0.0,19.8,1007.8,7.0
2025-07-21 13:00:00,30.1,34.0,0.0,21.6,1007.5,4.0
2025-07-21 14:00:00,31.0,33.0,0.0,23.8,1006.6,3.0
2025-07-21 15:00:00,31.1,34.0,0.0,22.3,1006.4,2.0
2025-07-21 16:00:00,28.7,46.0,0.9,19.1,1006.9,4.0
2025-07-21 17:00:00,30.0,37.0,0.0,22.3,1006.6,4.0
2025-07-21 18:00:00,28.3,42.0,0.1,15.5,1007.2,6.0
2025-07-21 19:00:00,27.7,46.0,0.0,9.7,1006.9,1.0
2025-07-21 20:00:00,26.3,53.0,0.0,5.8,1007.0,0.0
2025-07-21 21:00:00,24.5,61.0,0.0,6.5,1007.6,3.0
2025-07-21 22:00:00,24.3,61.0,0.0,7.2,1007.7,1.0
2025-07-21 23:00:00,23.7,62.0,0.0,6.8,1007.7,1.0
2025-07-22 00:00:00,23.5,66.0,0.0,7.2,1007.5,1.0
2025-07-22 01:00:00,23.3,65.0,0.0,12.2,1007.5,1.0
2025-07-22 02:00:00,23.5,68.0,0.0,14.4,1007.4,1.0
2025-07-22 03:00:00,22.9,74.0,0.0,12.2,1007.5,0.0
2025-07-22 04:00:00,21.9,78.0,0.0,10.1,1007.6,0.0
2025-07-22 05:00:00,21.3,81.0,0.0,8.3,1007.4,0.0
2025-07-22 06:00:00,21.7,80.0,0.0,8.6,1007.7,0.0
2025-07-22 07:00:00,23.4,74.0,0.0,8.3,1008.1,0.0
2025-07-22 08:00:00,25.6,64.0,0.0,7.9,1008.1,0.0
2025-07-22 09:00:00,27.8,55.0,0.0,8.6,1008.1,1.0
2025-07-22 10:00:00,29.0,48.0,0.0,10.4,1008.5,5.0
2025-07-22 11:00:00,29.9,42.0,0.0,12.6,1008.4,4.0
2025-07-22 12:00:00,31.0,39.0,0.0,13.0,1008.1,2.0
2025-07-22 13:00:00,32.2,36.0,0.0,15.1,1007.9,1.0
2025-07-22 14:00:00,32.9,34.0,0.0,17.6,1007.5,2.0
2025-07-22 15:00:00,33.1,34.0,0.0,17.3,1007.0,2.0
2025-07-22 16:00:00,33.6,32.0,0.0,19.1,1006.7,2.0
2025-07-22 17:00:00,33.6,30.0,0.0,20.2,1006.5,2.0
2025-07-22 18:00:00,32.8,32.0,0.0,18.0,1006.4,1.0
2025-07-22 19:00:00,32.0,34.0,0.0,17.3,1006.5,5.0
2025-07-22 20:00:00,30.5,39.0,0.0,16.9,1006.7,8.0
2025-07-22 21:00:00,29.1,42.0,0.0,19.8,1007.1,7.0
2025-07-22 22:00:00,28.1,42.0,0.0,16.9,1007.2,8.0
2025-07-22 23:00:00,27.5,43.0,0.0,16.9,1007.3,1.0
2025-07-23 00:00:00,26.3,47.0,0.0,17.3,1007.2,2.0
2025-07-23 01:00:00,25.8,52.0,0.0,17.3,1006.8,5.0
2025-07-23 02:00:00,25.0,59.0,0.0,16.9,1006.8,8.0
2025-07-23 03:00:00,24.6,64.0,0.0,16.6,1006.6,1.0
2025-07-23 04:00:00,23.9,68.0,0.0,15.8,1006.5,0.0
2025-07-23 05:00:00,23.3,72.0,0.0,15.8,1006.5,0.0
2025-07-23 06:00:00,20.0,91.0,0.0,17.6,1006.9,3.0
2025-07-23 07:00:00,21.4,86.0,0.0,18.4,1007.0,1.0
2025-07-23 08:00:00,23.8,77.0,0.0,18.4,1006.7,0.0
2025-07-23 09:00:00,25.9,68.0,0.0,16.6,1006.7,0.0
2025-07-23 10:00:00,27.7,62.0,0.0,16.9,1007.0,0.0
2025-07-23 11:00:00,31.5,41.0,0.0,16.9,1006.8,2.0
2025-07-23 12:00:00,32.0,36.0,0.0,22.0,1006.7,4.0
2025-07-23 13:00:00,31.9,34.0,0.0,23.0,1006.7,5.0
2025-07-23 14:00:00,31.2,37.0,0.0,24.8,1006.7,3.0
2025-07-23 15:00:00,31.7,33.0,0.0,22.3,1006.4,1.0
2025-07-23 16:00:00,31.7,31.0,0.0,23.4,1006.6,0.0
2025-07-23 17:00:00,31.3,31.0,0.0,24.1,1006.7,0.0
2025-07-23 18:00:00,30.4,33.0,0.0,23.8,1007.1,0.0
2025-07-23 19:00:00,29.4,35.0,0.0,22.3,1007.7,0.0
2025-07-23 20:00:00,28.1,38.0,0.0,16.9,1008.1,2.0
2025-07-23 21:00:00,26.4,44.0,0.0,15.8,1009.1,1.0
2025-07-23 22:00:00,25.5,47.0,0.0,12.6,1009.2,0.0
2025-07-23 23:00:00,24.2,51.0,0.0,9.4,1009.4,0.0
2025-07-24 00:00:00,23.3,54.0,0.0,7.9,1009.5,0.0
2025-07-24 01:00:00,22.5,57.0,0.0,7.9,1009.8,0.0
2025-07-24 02:00:00,22.3,58.0,0.0,10.4,1010.0,0.0
2025-07-24 03:00:00,21.7,61.0,0.0,10.1,1010.1,0.0
2025-07-24 04:00:00,21.0,65.0,0.0,10.4,1010.3,0.0
2025-07-24 05:00:00,20.5,68.0,0.0,11.2,1010.5,0.0
2025-07-24 06:00:00,20.9,67.0,0.0,11.9,1011.0,0.0
2025-07-24 07:00:00,22.5,62.0,0.0,10.8,1011.0,0.0
2025-07-24 08:00:00,24.5,56.0,0.0,11.5,1011.2,0.0
2025-07-24 09:00:00,26.4,48.0,0.0,12.2,1011.3,0.0
2025-07-24 10:00:00,27.9,41.0,0.0,14.8,1011.1,0.0
2025-07-24 11:00:00,29.1,36.0,0.0,15.8,1011.0,0.0
2025-07-24 12:00:00,30.0,34.0,0.0,16.9,1010.9,0.0
2025-07-24 13:00:00,30.9,30.0,0.0,18.4,1010.6,0.0
2025-07-24 14:00:00,31.6,27.0,0.0,19.4,1010.1,0.0
2025-07-24 15:00:00,32.2,25.0,0.0,20.9,1010.0,1.0
2025-07-24 16:00:00,31.8,25.0,0.0,21.2,1009.8,0.0
2025-07-24 17:00:00,31.8,24.0,0.0,21.6,1009.7,0.0
2025-07-24 18:00:00,31.0,25.0,0.0,21.2,1009.7,0.0
2025-07-24 19:00:00,29.8,27.0,0.0,19.4,1010.1,0.0
2025-07-24 20:00:00,28.3,31.0,0.0,14.8,1010.9,0.0
2025-07-24 21:00:00,26.6,35.0,0.0,12.2,1011.5,0.0
2025-07-24 22:00:00,25.2,39.0,0.0,8.6,1011.5,0.0
2025-07-24 23:00:00,24.3,43.0,0.0,10.4,1011.8,0.0
2025-07-25 00:00:00,23.4,48.0,0.0,9.7,1012.0,0.0
2025-07-25 01:00:00,22.6,53.0,0.0,10.1,1012.2,0.0
2025-07-25 02:00:00,21.7,59.0,0.0,9.0,1012.2,0.0
2025-07-25 03:00:00,20.8,66.0,0.0,7.6,1012.2,0.0
2025-07-25 04:00:00,20.3,71.0,0.0,6.8,1012.4,0.0
2025-07-25 05:00:00,19.9,75.0,0.0,6.1,1012.4,0.0
2025-07-25 06:00:00,20.6,73.0,0.0,6.5,1012.8,0.0
2025-07-25 07:00:00,22.9,63.0,0.0,5.4,1013.1,0.0
2025-07-25 08:00:00,25.5,49.0,0.0,3.6,1012.9,0.0
2025-07-25 09:00:00,27.4,42.0,0.0,2.9,1012.7,0.0
2025-07-25 10:00:00,28.9,37.0,0.0,2.9,1012.5,0.0
2025-07-25 11:00:00,30.4,33.0,0.0,4.7,1012.7,1.0
2025-07-25 12:00:00,31.5,30.0,0.0,7.2,1012.6,1.0
2025-07-25 13:00:00,31.5,30.0,0.0,7.6,1012.6,8.0
2025-07-25 14:00:00,31.3,31.0,0.0,12.6,1012.3,8.0
2025-07-25 15:00:00,31.9,30.0,0.0,13.3,1012.0,3.0
2025-07-25 16:00:00,32.3,30.0,0.0,17.6,1011.6,6.0
2025-07-25 17:00:00,31.3,34.0,0.0,16.6,1011.3,4.0
2025-07-25 18:00:00,31.6,32.0,0.0,10.8,1010.8,3.0
2025-07-25 19:00:00,30.6,35.0,0.0,10.8,1010.9,3.0
2025-07-25 20:00:00,28.8,41.0,0.0,9.0,1011.3,5.0
2025-07-25 21:00:00,27.4,47.0,0.0,10.8,1011.7,4.0
2025-07-25 22:00:00,26.5,49.0,0.0,5.0,1011.9,1.0
2025-07-25 23:00:00,25.6,53.0,0.0,5.4,1011.9,0.0
2025-07-26 00:00:00,24.8,56.0,0.0,4.3,1011.9,0.0
2025-07-26 01:00:00,24.0,59.0,0.0,5.8,1011.8,1.0
2025-07-26 02:00:00,23.9,63.0,0.0,6.8,1011.6,6.0
2025-07-26 03:00:00,23.2,69.0,0.0,7.6,1011.8,1.0
2025-07-26 04:00:00,23.6,64.0,0.0,8.3,1011.3,0.0
2025-07-26 05:00:00,22.8,69.0,0.0,5.4,1011.3,0.0
2025-07-26 06:00:00,22.9,70.0,0.0,4.3,1011.4,1.0
2025-07-26 07:00:00,24.7,63.0,0.0,4.0,1011.3,1.0
2025-07-26 08:00:00,27.3,50.0,0.0,4.0,1011.2,1.0
2025-07-26 09:00:00,29.9,42.0,0.0,5.0,1010.9,1.0
2025-07-26 10:00:00,32.1,36.0,0.0,7.2,1010.8,4.0
2025-07-26 11:00:00,33.7,33.0,0.0,9.0,1010.7,0.0
2025-07-26 12:00:00,34.8,30.0,0.0,11.2,1010.6,2.0
2025-07-26 13:00:00,35.5,28.0,0.0,12.2,1010.2,4.0
2025-07-26 14:00:00,35.1,28.0,0.0,18.0,1010.0,3.0
2025-07-26 15:00:00,35.6,26.0,0.0,16.9,1009.4,1.0
2025-07-26 16:00:00,34.5,29.0,0.0,17.6,1009.2,4.0
2025-07-26 17:00:00,32.8,36.0,0.0,14.4,1009.3,2.0
2025-07-26 18:00:00,32.9,34.0,0.0,11.2,1009.0,2.0
2025-07-26 19:00:00,32.0,38.0,0.0,11.9,1009.5,3.0
2025-07-26 20:00:00,30.4,42.0,0.0,13.7,1009.8,1.0
2025-07-26 21:00:00,29.0,46.0,0.0,9.0,1009.9,0.0
2025-07-26 22:00:00,27.9,49.0,0.0,9.4,1009.9,0.0
2025-07-26 23:00:00,27.3,52.0,0.0,11.2,1010.3,1.0
2025-07-27 00:00:00,27.1,52.0,0.0,13.7,1010.4,0.0
2025-07-27 01:00:00,26.3,55.0,0.0,10.1,1010.2,0.0
2025-07-27 02:00:00,25.5,59.0,0.0,8.6,1010.4,0.0
2025-07-27 03:00:00,24.8,64.0,0.0,8.3,1010.3,0.0
2025-07-27 04:00:00,24.0,69.0,0.0,7.6,1010.0,0.0
2025-07-27 05:00:00,23.2,74.0,0.0,5.8,1009.8,0.0
2025-07-27 06:00:00,23.6,75.0,0.0,10.4,1010.2,1.0
2025-07-27 07:00:00,25.1,69.0,0.0,9.0,1010.0,1.0
2025-07-27 08:00:00,27.1,57.0,0.0,9.4,1010.2,5.0
2025-07-27 09:00:00,29.1,47.0,0.0,10.4,1010.3,7.0
2025-07-27 10:00:00,29.9,45.0,0.0,13.0,1010.3,0.0
2025-07-27 11:00:00,31.1,40.0,0.0,12.2,1009.8,2.0
2025-07-27 12:00:00,32.2,36.0,0.0,11.5,1009.6,8.0
2025-07-27 13:00:00,33.1,32.0,0.0,11.9,1009.1,7.0
2025-07-27 14:00:00,34.0,29.0,0.0,11.9,1008.6,8.0
2025-07-27 15:00:00,34.3,27.0,0.0,11.5,1008.0,1.0
2025-07-27 16:00:00,34.6,27.0,0.0,11.9,1007.6,0.0
2025-07-27 17:00:00,34.4,28.0,0.0,12.6,1007.3,0.0
2025-07-27 18:00:00,33.8,29.0,0.0,13.3,1007.0,0.0
2025-07-27 19:00:00,32.7,31.0,0.0,13.3,1007.2,1.0
2025-07-27 20:00:00,30.9,36.0,0.0,10.8,1007.6,3.0
2025-07-27 21:00:00,29.4,40.0,0.0,13.3,1008.1,3.0
2025-07-27 22:00:00,28.4,43.0,0.0,14.4,1008.1,0.0
2025-07-27 23:00:00,27.4,46.0,0.0,14.8,1008.1,0.0
2025-07-28 00:00:00,26.6,49.0,0.0,14.4,1007.9,0.0
2025-07-28 01:00:00,26.1,49.0,0.0,13.3,1008.1,0.0
2025-07-28 02:00:00,25.5,51.0,0.0,14.4,1007.9,0.0
2025-07-28 03:00:00,24.7,55.0,0.0,13.0,1007.7,0.0
2025-07-28 04:00:00,24.1,59.0,0.0,10.8,1007.6,0.0
2025-07-28 05:00:00,23.7,62.0,0.0,10.8,1007.6,0.0
2025-07-28 06:00:00,24.1,74.0,0.0,14.0,1007.4,0.0
2025-07-28 07:00:00,25.2,68.0,0.0,14.4,1007.8,0.0
2025-07-28 08:00:00,26.4,60.0,0.0,16.2,1007.7,0.0
2025-07-28 09:00:00,28.0,50.0,0.0,18.0,1007.5,0.0
2025-07-28 10:00:00,29.5,43.0,0.0,19.8,1007.3,0.0
2025-07-28 11:00:00,30.8,38.0,0.0,20.2,1007.5,0.0
2025-07-28 12:00:00,31.8,35.0,0.0,22.3,1007.2,0.0
2025-07-28 13:00:00,32.6,32.0,0.0,22.3,1006.9,0.0
2025-07-28 14:00:00,33.1,30.0,0.0,22.3,1006.6,0.0
2025-07-28 15:00:00,33.3,28.0,0.0,22.7,1005.9,0.0
2025-07-28 16:00:00,33.4,27.0,0.0,23.4,1005.5,0.0
2025-07-28 17:00:00,33.2,26.0,0.0,23.0,1005.1,0.0
2025-07-28 18:00:00,32.6,26.0,0.0,21.6,1004.8,0.0
2025-07-28 19:00:00,31.6,27.0,0.0,21.2,1005.1,0.0
2025-07-28 20:00:00,30.0,30.0,0.0,19.8,1005.6,0.0
2025-07-28 21:00:00,28.6,33.0,0.0,18.0,1006.1,0.0
2025-07-28 22:00:00,27.4,37.0,0.0,13.7,1006.4,0.0
2025-07-28 23:00:00,26.3,38.0,0.0,14.4,1006.3,0.0
2025-07-29 00:00:00,25.6,36.0,0.0,15.8,1006.2,0.0
2025-07-29 01:00:00,25.3,34.0,0.0,18.0,1005.7,0.0
2025-07-29 02:00:00,24.8,34.0,0.0,20.2,1005.5,0.0
2025-07-29 03:00:00,24.3,36.0,0.0,19.4,1005.5,0.0
2025-07-29 04:00:00,23.8,36.0,0.0,19.1,1005.4,0.0
2025-07-29 05:00:00,23.3,38.0,0.0,18.0,1005.5,0.0
2025-07-29 06:00:00,23.3,39.0,0.0,18.0,1005.6,0.0
2025-07-29 07:00:00,24.4,37.0,0.0,16.2,1006.2,0.0
2025-07-29 08:00:00,25.9,34.0,0.0,19.1,1005.8,0.0
2025-07-29 09:00:00,27.8,31.0,0.0,19.8,1005.5,1.0
2025-07-29 10:00:00,29.9,29.0,0.0,20.2,1005.5,2.0
2025-07-29 11:00:00,31.5,30.0,0.0,21.6,1005.2,1.0
2025-07-29 12:00:00,32.7,29.0,0.0,23.0,1004.9,0.0
2025-07-29 13:00:00,33.6,29.0,0.0,24.1,1004.8,4.0
2025-07-29 14:00:00,34.2,29.0,0.0,23.4,1004.3,0.0
2025-07-29 15:00:00,34.4,27.0,0.0,23.0,1003.9,4.0
2025-07-29 16:00:00,34.3,25.0,0.0,22.0,1004.0,1.0
2025-07-29 17:00:00,34.1,22.0,0.0,22.0,1003.8,1.0
2025-07-29 18:00:00,33.7,21.0,0.0,19.8,1003.6,3.0
2025-07-29 19:00:00,32.6,23.0,0.0,16.9,1003.9,3.0
2025-07-29 20:00:00,30.8,26.0,0.0,14.4,1004.3,4.0
2025-07-29 21:00:00,29.4,27.0,0.0,14.8,1004.4,2.0
2025-07-29 22:00:00,28.6,28.0,0.0,13.7,1005.0,0.0
2025-07-29 23:00:00,28.1,29.0,0.0,16.9,1004.5,0.0
2025-07-30 00:00:00,27.4,29.0,0.0,16.6,1004.4,0.0
2025-07-30 01:00:00,26.4,30.0,0.0,14.8,1004.4,0.0
2025-07-30 02:00:00,25.7,31.0,0.0,14.4,1004.3,0.0
2025-07-30 03:00:00,25.3,31.0,0.0,14.8,1004.3,0.0
2025-07-30 04:00:00,24.9,33.0,0.0,15.1,1004.4,1.0
2025-07-30 05:00:00,24.3,36.0,0.0,15.1,1004.2,0.0
2025-07-30 06:00:00,24.3,38.0,0.0,16.2,1004.4,0.0
2025-07-30 07:00:00,25.6,36.0,0.0,16.9,1004.6,0.0
2025-07-30 08:00:00,27.3,33.0,0.0,18.7,1004.7,0.0
2025-07-30 09:00:00,28.6,33.0,0.0,20.2,1004.4,0.0
2025-07-30 10:00:00,30.5,31.0,0.0,18.7,1004.4,0.0
2025-07-30 11:00:00,32.2,30.0,0.0,18.0,1003.9,0.0
2025-07-30 12:00:00,33.6,30.0,0.0,17.3,1003.7,0.0
2025-07-30 13:00:00,34.5,30.0,0.0,16.6,1003.5,1.0
2025-07-30 14:00:00,34.9,29.0,0.0,13.7,1003.1,2.0
2025-07-30 15:00:00,35.0,29.0,0.0,13.7,1002.7,6.0
2025-07-30 16:00:00,34.6,30.0,0.0,11.2,1002.6,5.0
2025-07-30 17:00:00,34.8,30.0,0.0,15.8,1002.3,4.0
2025-07-30 18:00:00,33.4,32.0,0.0,16.9,1002.6,2.0
2025-07-30 19:00:00,32.3,37.0,0.0,21.6,1002.5,2.0
2025-07-30 20:00:00,29.5,46.0,0.0,22.3,1003.4,1.0
2025-07-30 21:00:00,27.6,53.0,0.0,19.1,1004.4,1.0
2025-07-30 22:00:00,26.3,60.0,0.0,20.2,1004.7,0.0
2025-07-30 23:00:00,25.0,65.0,0.0,18.7,1005.0,0.0
2025-07-31 00:00:00,24.0,67.0,0.0,18.4,1005.2,0.0
2025-07-31 01:00:00,23.1,73.0,0.0,17.3,1005.7,0.0
2025-07-31 02:00:00,22.2,77.0,0.0,16.9,1005.8,0.0
2025-07-31 03:00:00,21.3,81.0,0.0,17.6,1006.0,0.0
2025-07-31 04:00:00,20.5,83.0,0.0,17.3,1006.1,0.0
2025-07-31 05:00:00,20.2,86.0,0.0,15.8,1006.3,5.0
2025-07-31 06:00:00,20.5,83.0,0.0,17.6,1006.8,8.0
2025-07-31 07:00:00,21.2,76.0,0.0,18.7,1007.0,8.0
2025-07-31 08:00:00,21.9,70.0,0.0,17.6,1007.4,8.0
2025-07-31 09:00:00,23.0,63.0,0.0,16.9,1007.5,3.0
2025-07-31 10:00:00,24.6,55.0,0.0,16.9,1007.5,1.0
2025-07-31 11:00:00,26.2,47.0,0.0,17.6,1007.4,0.0
2025-07-31 12:00:00,27.4,43.0,0.0,18.7,1007.3,0.0
2025-07-31 13:00:00,28.6,38.0,0.0,18.7,1007.5,0.0
2025-07-31 14:00:00,29.5,34.0,0.0,19.1,1007.1,1.0
2025-07-31 15:00:00,30.0,33.0,0.0,17.6,1006.6,0.0
2025-07-31 16:00:00,30.3,32.0,0.0,16.9,1006.3,1.0
2025-07-31 17:00:00,30.0,32.0,0.0,17.3,1006.2,0.0
2025-07-31 18:00:00,29.1,34.0,0.0,17.3,1006.3,0.0
2025-07-31 19:00:00,28.0,36.0,0.0,17.3,1006.7,0.0
2025-07-31 20:00:00,26.7,39.0,0.0,17.3,1007.1,0.0
2025-07-31 21:00:00,25.2,44.0,0.0,17.6,1008.0,0.0
2025-07-31 22:00:00,23.5,51.0,0.0,17.6,1008.3,0.0
2025-07-31 23:00:00,22.1,59.0,0.0,11.5,1008.8,0.0
2025-08-01 00:00:00,21.2,64.0,0.0,7.9,1009.1,0.0
2025-08-01 01:00:00,20.5,68.0,0.0,8.6,1009.0,6.0
2025-08-01 02:00:00,20.0,70.0,0.0,10.1,1009.1,7.0
2025-08-01 03:00:00,19.6,72.0,0.0,9.4,1008.9,5.0
2025-08-01 04:00:00,19.2,74.0,0.0,9.4,1009.0,1.0
2025-08-01 05:00:00,18.6,76.0,0.0,9.7,1009.2,3.0
2025-08-01 06:00:00,18.4,77.0,0.0,11.5,1009.4,1.0
2025-08-01 07:00:00,19.7,72.0,0.0,10.4,1009.6,0.0
2025-08-01 08:00:00,21.7,57.0,0.0,16.2,1009.8,6.0
2025-08-01 09:00:00,23.1,44.0,0.0,20.9,1009.7,8.0
2025-08-01 10:00:00,24.2,40.0,0.0,20.5,1009.7,8.0
2025-08-01 11:00:00,25.4,38.0,0.0,17.6,1009.7,8.0
2025-08-01 12:00:00,26.5,37.0,0.0,18.0,1009.7,6.0
2025-08-01 13:00:00,27.3,38.0,0.0,19.1,1009.7,2.0
2025-08-01 14:00:00,28.3,35.0,0.0,17.6,1009.5,4.0
2025-08-01 15:00:00,28.5,33.0,0.0,20.2,1009.6,1.0
2025-08-01 16:00:00,27.6,37.0,0.0,24.5,1010.0,6.0
2025-08-01 17:00:00,27.6,37.0,0.0,19.4,1009.7,3.0
2025-08-01 18:00:00,27.0,38.0,0.0,19.8,1009.7,1.0
2025-08-01 19:00:00,25.9,42.0,0.0,18.7,1010.0,3.0
2025-08-01 20:00:00,24.3,50.0,0.0,14.8,1010.6,0.0
2025-08-01 21:00:00,23.0,54.0,0.0,9.4,1011.2,0.0
2025-08-01 22:00:00,22.1,54.0,0.0,11.5,1011.1,0.0
2025-08-01 23:00:00,21.4,54.0,0.0,11.9,1011.6,0.0
2025-08-02 00:00:00,20.6,59.0,0.0,12.6,1011.9,0.0
2025-08-02 01:00:00,20.0,63.0,0.0,11.9,1012.2,0.0
2025-08-02 02:00:00,19.6,68.0,0.0,11.2,1012.3,0.0
2025-08-02 03:00:00,18.9,76.0,0.0,10.4,1012.6,0.0
2025-08-02 04:00:00,18.2,84.0,0.0,8.3,1012.7,0.0
2025-08-02 05:00:00,17.9,87.0,0.0,8.3,1012.8,0.0
2025-08-02 06:00:00,18.4,85.0,0.0,11.2,1013.0,0.0
2025-08-02 07:00:00,20.6,78.0,0.0,10.4,1013.2,0.0
2025-08-02 08:00:00,22.5,65.0,0.0,12.6,1013.3,0.0
2025-08-02 09:00:00,24.2,53.0,0.0,18.0,1013.3,0.0
2025-08-02 10:00:00,25.6,45.0,0.0,19.1,1013.1,0.0
2025-08-02 11:00:00,26.9,39.0,0.0,19.1,1013.1,0.0
2025-08-02 12:00:00,27.7,34.0,0.0,21.6,1013.0,0.0
2025-08-02 13:00:00,28.6,33.0,0.0,21.6,1012.8,0.0
2025-08-02 14:00:00,29.2,31.0,0.0,21.6,1012.6,0.0
2025-08-02 15:00:00,29.6,30.0,0.0,22.0,1012.4,0.0
2025-08-02 16:00:00,29.6,30.0,0.0,21.6,1012.3,0.0
2025-08-02 17:00:00,29.6,30.0,0.0,20.9,1012.2,0.0
2025-08-02 18:00:00,28.9,31.0,0.0,20.2,1012.3,0.0
2025-08-02 19:00:00,27.9,34.0,0.0,19.1,1012.6,0.0
2025-08-02 20:00:00,26.3,40.0,0.0,16.2,1013.0,8.0
2025-08-02 21:00:00,25.1,45.0,0.0,15.8,1013.3,0.0
2025-08-02 22:00:00,24.8,48.0,0.0,17.3,1012.9,7.0
2025-08-02 23:00:00,24.0,51.0,0.0,18.7,1012.7,8.0
2025-08-03 00:00:00,23.5,52.0,0.0,19.8,1012.6,8.0
2025-08-03 01:00:00,23.2,53.0,0.0,19.4,1012.8,8.0
2025-08-03 02:00:00,22.8,54.0,0.0,19.8,1012.6,8.0
2025-08-03 03:00:00,22.5,56.0,0.0,19.4,1012.5,8.0
2025-08-03 04:00:00,22.3,59.0,0.0,18.0,1012.6,8.0
2025-08-03 05:00:00,22.1,60.0,0.0,17.6,1012.6,8.0
2025-08-03 06:00:00,22.0,61.0,0.0,16.6,1012.2,8.0
2025-08-03 07:00:00,22.1,62.0,0.0,15.8,1012.2,8.0
2025-08-03 08:00:00,23.4,58.0,0.0,16.9,1012.1,6.0
2025-08-03 09:00:00,24.3,55.0,0.0,19.1,1012.0,3.0
2025-08-03 10:00:00,26.4,49.0,0.0,19.8,1011.8,4.0
2025-08-03 11:00:00,27.7,46.0,0.0,18.4,1011.6,5.0
2025-08-03 12:00:00,28.9,44.0,0.0,18.7,1011.3,8.0
2025-08-03 13:00:00,26.4,54.0,0.0,20.9,1010.9,8.0
2025-08-03 14:00:00,26.1,56.0,0.0,21.6,1010.5,8.0
2025-08-03 15:00:00,25.3,62.0,0.0,20.9,1010.5,8.0
2025-08-03 16:00:00,26.0,60.0,0.0,22.3,1010.4,8.0
2025-08-03 17:00:00,25.7,60.0,0.0,23.4,1010.1,8.0
2025-08-03 18:00:00,25.3,63.0,0.0,19.8,1010.4,8.0
2025-08-03 19:00:00,25.1,63.0,0.0,19.4,1010.2,2.0
2025-08-03 20:00:00,23.9,68.0,0.0,15.5,1010.5,2.0
2025-08-03 21:00:00,23.2,72.0,0.0,12.2,1010.7,2.0
2025-08-03 22:00:00,22.6,76.0,0.0,10.8,1010.8,1.0
2025-08-03 23:00:00,22.3,76.0,0.0,13.0,1010.8,1.0
2025-08-04 00:00:00,21.8,80.0,0.0,14.0,1010.7,4.0
2025-08-04 01:00:00,21.6,82.0,0.0,16.6,1010.7,8.0
2025-08-04 02:00:00,21.4,82.0,0.0,15.8,1010.6,8.0
2025-08-04 03:00:00,21.0,84.0,0.0,17.3,1010.6,2.0
2025-08-04 04:00:00,19.6,89.0,0.0,15.1,1011.1,1.0
2025-08-04 05:00:00,19.2,90.0,0.0,14.4,1011.1,1.0
2025-08-04 06:00:00,19.2,90.0,0.0,13.7,1011.0,0.0
2025-08-04 07:00:00,20.4,83.0,0.0,13.7,1011.3,1.0
2025-08-04 08:00:00,22.1,74.0,0.0,12.2,1011.5,0.0
2025-08-04 09:00:00,24.0,64.0,0.0,13.0,1011.7,0.0
2025-08-04 10:00:00,26.0,54.0,0.0,15.5,1011.8,0.0
2025-08-04 11:00:00,27.8,44.0,0.0,15.5,1011.8,1.0
2025-08-04 12:00:00,29.4,38.0,0.0,14.4,1011.4,3.0
2025-08-04 13:00:00,30.1,36.0,0.0,16.6,1011.3,8.0
2025-08-04 14:00:00,30.0,38.0,0.0,18.7,1011.3,6.0
2025-08-04 15:00:00,30.7,35.0,0.0,19.1,1011.3,5.0
2025-08-04 16:00:00,30.8,34.0,0.0,18.4,1011.1,4.0
2025-08-04 17:00:00,30.4,35.0,0.0,19.1,1011.2,2.0
2025-08-04 18:00:00,30.1,35.0,0.0,18.0,1011.3,1.0
2025-08-04 19:00:00,28.4,41.0,0.0,16.6,1011.7,2.0
2025-08-04 20:00:00,26.8,47.0,0.0,12.2,1012.6,3.0
2025-08-04 21:00:00,25.1,55.0,0.0,9.0,1013.3,0.0
2025-08-04 22:00:00,23.7,60.0,0.0,7.2,1013.8,0.0
2025-08-04 23:00:00,23.1,61.0,0.0,11.2,1014.0,0.0
2025-08-05 00:00:00,22.9,60.0,0.0,10.1,1014.4,0.0
2025-08-05 01:00:00,22.1,62.0,0.0,10.1,1014.3,0.0
2025-08-05 02:00:00,21.0,67.0,0.0,7.9,1014.4,0.0
2025-08-05 03:00:00,20.3,72.0,0.0,7.2,1014.5,0.0
2025-08-05 04:00:00,19.7,75.0,0.0,6.5,1014.7,0.0
2025-08-05 05:00:00,19.1,81.0,0.0,5.0,1015.1,0.0
2025-08-05 06:00:00,19.4,81.0,0.0,6.1,1015.3,1.0
2025-08-05 07:00:00,21.5,73.0,0.0,5.4,1015.6,1.0
2025-08-05 08:00:00,24.6,62.0,0.0,3.6,1015.9,0.0
2025-08-05 09:00:00,27.0,50.0,0.0,3.6,1016.2,0.0
2025-08-05 10:00:00,28.1,42.0,0.0,6.5,1016.4,0.0
2025-08-05 11:00:00,29.5,37.0,0.0,7.9,1016.4,0.0
2025-08-05 12:00:00,30.6,33.0,0.0,8.3,1016.0,0.0
2025-08-05 13:00:00,31.6,29.0,0.0,8.6,1015.7,1.0
2025-08-05 14:00:00,32.3,26.0,0.0,10.4,1015.3,1.0
2025-08-05 15:00:00,32.4,25.0,0.0,14.4,1015.1,1.0
2025-08-05 16:00:00,32.8,23.0,0.0,14.8,1014.6,5.0
2025-08-05 17:00:00,32.5,24.0,0.0,18.7,1014.2,7.0
2025-08-05 18:00:00,30.9,30.0,0.0,20.2,1014.4,3.0
2025-08-05 19:00:00,30.0,33.0,0.0,15.8,1014.9,0.0
2025-08-05 20:00:00,28.2,38.0,0.0,9.4,1015.1,0.0
2025-08-05 21:00:00,26.6,40.0,0.0,7.9,1015.6,0.0
2025-08-05 22:00:00,25.3,44.0,0.0,10.1,1016.0,0.0
2025-08-05 23:00:00,24.5,49.0,0.0,7.9,1016.2,0.0
2025-08-06 00:00:00,23.7,55.0,0.0,7.6,1016.3,0.0
2025-08-06 01:00:00,23.3,61.0,0.0,7.6,1016.3,0.0
2025-08-06 02:00:00,23.0,65.0,0.0,7.9,1016.2,0.0
2025-08-06 03:00:00,22.2,71.0,0.0,6.1,1016.1,0.0
2025-08-06 04:00:00,21.7,75.0,0.0,5.8,1016.0,0.0
2025-08-06 05:00:00,20.6,82.0,0.0,5.0,1016.1,0.0
2025-08-06 06:00:00,20.9,83.0,0.0,8.6,1016.1,0.0
2025-08-06 07:00:00,22.5,75.0,0.0,7.2,1016.3,0.0
2025-08-06 08:00:00,25.5,62.0,0.0,5.4,1016.3,0.0
2025-08-06 09:00:00,28.3,48.0,0.0,6.1,1016.2,0.0
2025-08-06 10:00:00,30.5,38.0,0.0,6.5,1016.1,0.0
2025-08-06 11:00:00,31.9,33.0,0.0,6.1,1015.9,1.0
2025-08-06 12:00:00,32.5,31.0,0.0,9.0,1015.9,0.0
2025-08-06 13:00:00,33.3,29.0,0.0,11.2,1015.5,0.0
2025-08-06 14:00:00,33.6,28.0,0.0,13.0,1015.0,1.0
2025-08-06 15:00:00,33.8,28.0,0.0,13.0,1014.4,1.0
2025-08-06 16:00:00,33.9,27.0,0.0,11.5,1014.1,1.0
2025-08-06 17:00:00,33.3,29.0,0.0,11.2,1013.4,1.0
2025-08-06 18:00:00,32.8,30.0,0.0,10.1,1012.9,0.0
2025-08-06 19:00:00,31.8,32.0,0.0,11.5,1013.1,0.0
2025-08-06 20:00:00,29.8,38.0,0.0,6.5,1013.3,0.0
2025-08-06 21:00:00,28.4,42.0,0.0,8.6,1013.9,0.0
2025-08-06 22:00:00,27.1,45.0,0.0,6.8,1014.3,0.0
2025-08-06 23:00:00,26.3,50.0,0.0,6.8,1014.4,0.0
2025-08-07 00:00:00,25.7,52.0,0.0,6.5,1014.4,0.0
2025-08-07 01:00:00,24.7,55.0,0.0,7.2,1014.4,0.0
2025-08-07 02:00:00,24.0,59.0,0.0,5.4,1014.3,0.0
2025-08-07 03:00:00,23.4,61.0,0.0,5.8,1014.2,0.0
2025-08-07 04:00:00,22.8,67.0,0.0,5.8,1014.5,0.0
2025-08-07 05:00:00,22.8,67.0,0.0,5.0,1014.6,0.0
2025-08-07 06:00:00,22.8,68.0,0.0,9.7,1014.8,0.0
2025-08-07 07:00:00,24.3,64.0,0.0,11.5,1015.4,0.0
2025-08-07 08:00:00,24.5,67.0,0.0,16.9,1015.9,6.0
2025-08-07 09:00:00,26.5,58.0,0.0,16.2,1015.6,6.0
2025-08-07 10:00:00,28.3,51.0,0.0,15.8,1015.8,7.0
2025-08-07 11:00:00,29.3,48.0,0.0,15.8,1015.9,3.0
2025-08-07 12:00:00,29.9,46.0,0.1,16.6,1015.7,8.0
2025-08-07 13:00:00,29.9,43.0,0.4,18.0,1015.9,8.0
2025-08-07 14:00:00,29.7,43.0,0.0,17.3,1015.7,8.0
2025-08-07 15:00:00,29.3,44.0,0.3,15.8,1015.6,8.0
2025-08-07 16:00:00,29.7,43.0,0.0,16.2,1015.5,8.0
2025-08-07 17:00:00,29.6,44.0,0.0,18.7,1015.6,8.0
2025-08-07 18:00:00,28.1,49.0,0.0,21.2,1016.0,3.0
2025-08-07 19:00:00,27.2,51.0,0.0,20.5,1016.2,1.0
2025-08-07 20:00:00,25.6,56.0,0.0,19.4,1017.1,0.0
2025-08-07 21:00:00,24.6,59.0,0.0,18.0,1017.8,0.0
2025-08-07 22:00:00,23.8,61.0,0.0,19.1,1018.1,0.0
2025-08-07 23:00:00,23.4,62.0,0.0,19.1,1018.0,0.0
2025-08-08 00:00:00,22.7,61.0,0.0,19.1,1017.9,0.0
2025-08-08 01:00:00,22.0,59.0,0.0,20.2,1018.0,1.0
2025-08-08 02:00:00,21.3,60.0,0.0,20.2,1018.3,4.0
2025-08-08 03:00:00,20.8,62.0,0.0,19.8,1018.6,8.0
2025-08-08 04:00:00,20.2,64.0,0.0,18.7,1019.0,8.0
2025-08-08 05:00:00,19.7,65.0,0.0,18.0,1019.1,8.0
2025-08-08 06:00:00,19.3,66.0,0.0,17.6,1019.5,4.0
2025-08-08 07:00:00,20.0,63.0,0.0,16.6,1019.6,7.0
2025-08-08 08:00:00,21.2,57.0,0.0,19.4,1019.8,7.0
2025-08-08 09:00:00,22.4,52.0,0.0,20.9,1019.9,8.0
2025-08-08 10:00:00,24.1,44.0,0.0,22.0,1020.2,8.0
2025-08-08 11:00:00,25.4,37.0,0.0,21.2,1020.0,7.0
2025-08-08 12:00:00,26.7,32.0,0.0,19.4,1019.8,2.0
2025-08-08 13:00:00,27.6,30.0,0.0,17.6,1019.5,0.0
2025-08-08 14:00:00,28.3,28.0,0.0,17.3,1018.8,0.0
2025-08-08 15:00:00,28.6,27.0,0.0,17.3,1018.5,0.0
2025-08-08 16:00:00,28.5,27.0,0.0,17.6,1018.4,0.0
2025-08-08 17:00:00,28.1,28.0,0.0,18.0,1018.3,0.0
2025-08-08 18:00:00,27.3,29.0,0.0,16.9,1018.4,0.0
2025-08-08 19:00:00,26.4,31.0,0.0,16.6,1018.5,0.0
2025-08-08 20:00:00,24.8,37.0,0.0,13.3,1019.0,0.0
2025-08-08 21:00:00,23.5,41.0,0.0,13.7,1019.5,1.0
2025-08-08 22:00:00,22.4,45.0,0.0,12.6,1019.5,0.0
2025-08-08 23:00:00,21.5,49.0,0.0,12.2,1019.7,0.0
2025-08-09 00:00:00,20.9,53.0,0.0,11.5,1019.5,0.0
2025-08-09 01:00:00,20.1,57.0,0.0,11.2,1019.6,0.0
2025-08-09 02:00:00,19.4,61.0,0.0,11.2,1019.4,1.0
2025-08-09 03:00:00,18.7,66.0,0.0,10.8,1019.5,0.0
2025-08-09 04:00:00,18.1,70.0,0.0,11.2,1019.3,0.0
2025-08-09 05:00:00,17.5,72.0,0.0,10.1,1019.3,0.0
2025-08-09 06:00:00,17.4,73.0,0.0,10.1,1019.5,1.0
2025-08-09 07:00:00,19.0,65.0,0.0,9.4,1019.4,7.0
2025-08-09 08:00:00,20.6,56.0,0.0,7.2,1019.6,6.0
2025-08-09 09:00:00,22.8,45.0,0.0,7.2,1019.6,6.0
2025-08-09 10:00:00,24.9,37.0,0.0,10.1,1019.5,1.0
2025-08-09 11:00:00,27.0,29.0,0.0,10.1,1019.4,0.0
2025-08-09 12:00:00,28.1,26.0,0.0,10.4,1019.2,0.0
2025-08-09 13:00:00,29.0,24.0,0.0,12.6,1018.9,0.0
2025-08-09 14:00:00,29.7,23.0,0.0,12.2,1018.5,0.0
2025-08-09 15:00:00,30.1,23.0,0.0,14.0,1017.9,0.0
2025-08-09 16:00:00,30.3,22.0,0.0,16.2,1017.6,0.0
2025-08-09 17:00:00,30.1,22.0,0.0,20.5,1017.4,1.0
2025-08-09 18:00:00,29.5,22.0,0.0,22.0,1017.4,4.0
2025-08-09 19:00:00,28.6,24.0,0.0,19.4,1017.6,3.0
2025-08-09 20:00:00,26.5,31.0,0.0,12.2,1018.3,0.0
2025-08-09 21:00:00,24.6,37.0,0.0,11.2,1018.6,0.0
2025-08-09 22:00:00,23.4,41.0,0.0,7.9,1018.9,0.0
2025-08-09 23:00:00,22.2,46.0,0.0,6.5,1019.2,0.0
2025-08-10 00:00:00,21.6,48.0,0.0,9.7,1019.3,0.0
2025-08-10 01:00:00,21.3,50.0,0.0,9.4,1019.3,0.0
2025-08-10 02:00:00,20.6,55.0,0.0,10.8,1019.2,0.0
2025-08-10 03:00:00,19.8,62.0,0.0,10.1,1019.2,0.0
2025-08-10 04:00:00,19.3,67.0,0.0,10.8,1019.2,0.0
2025-08-10 05:00:00,19.0,71.0,0.0,11.9,1019.4,0.0
2025-08-10 06:00:00,18.8,71.0,0.0,13.0,1019.4,0.0
2025-08-10 07:00:00,20.1,67.0,0.0,13.7,1019.7,0.0
2025-08-10 08:00:00,21.9,56.0,0.0,14.8,1019.8,0.0
2025-08-10 09:00:00,24.1,44.0,0.0,16.6,1019.9,0.0
2025-08-10 10:00:00,25.9,36.0,0.0,18.4,1019.9,0.0
2025-08-10 11:00:00,27.0,31.0,0.0,16.2,1020.0,0.0
2025-08-10 12:00:00,27.9,30.0,0.0,15.1,1020.0,0.0
2025-08-10 13:00:00,28.6,28.0,0.0,14.8,1019.8,0.0
2025-08-10 14:00:00,29.2,26.0,0.0,14.0,1019.3,0.0
2025-08-10 15:00:00,29.5,24.0,0.0,12.6,1018.9,0.0
2025-08-10 16:00:00,29.5,24.0,0.0,13.3,1018.8,0.0
2025-08-10 17:00:00,29.2,24.0,0.0,14.0,1018.4,0.0
2025-08-10 18:00:00,28.4,25.0,0.0,13.7,1018.1,0.0
2025-08-10 19:00:00,27.4,27.0,0.0,11.9,1018.1,0.0
2025-08-10 20:00:00,25.3,33.0,0.0,8.6,1018.3,0.0
2025-08-10 21:00:00,23.6,39.0,0.0,8.6,1018.8,0.0
2025-08-10 22:00:00,22.4,44.0,0.0,8.3,1018.8,0.0
2025-08-10 23:00:00,21.5,48.0,0.0,8.6,1019.1,1.0
2025-08-11 00:00:00,20.9,51.0,0.0,9.7,1018.7,3.0
2025-08-11 01:00:00,20.2,54.0,0.0,9.7,1018.5,5.0
2025-08-11 02:00:00,20.0,56.0,0.0,10.8,1017.8,8.0
2025-08-11 03:00:00,20.0,60.0,0.0,11.2,1017.5,6.0
2025-08-11 04:00:00,19.5,64.0,0.0,10.8,1017.0,7.0
2025-08-11 05:00:00,19.8,64.0,0.0,11.2,1016.5,4.0
2025-08-11 06:00:00,19.5,65.0,0.0,11.2,1016.3,1.0
2025-08-11 07:00:00,20.6,59.0,0.0,13.7,1015.8,1.0
2025-08-11 08:00:00,22.8,48.0,0.0,14.4,1015.3,5.0
2025-08-11 09:00:00,24.7,40.0,0.0,17.3,1014.8,4.0
2025-08-11 10:00:00,26.5,36.0,0.0,23.0,1014.2,7.0
2025-08-11 11:00:00,26.8,43.0,0.0,22.3,1013.8,4.0
2025-08-11 12:00:00,28.7,37.0,0.0,23.0,1013.6,3.0
2025-08-11 13:00:00,29.2,37.0,0.0,25.9,1013.3,3.0
2025-08-11 14:00:00,29.4,36.0,0.0,25.9,1013.1,3.0
2025-08-11 15:00:00,29.0,34.0,0.0,25.9,1013.1,1.0
2025-08-11 16:00:00,28.7,32.0,0.0,25.6,1013.3,0.0
2025-08-11 17:00:00,27.1,35.0,0.0,25.6,1013.5,0.0
2025-08-11 18:00:00,25.9,33.0,0.0,26.6,1014.0,0.0
2025-08-11 19:00:00,24.4,37.0,0.0,25.6,1014.4,0.0
2025-08-11 20:00:00,22.8,41.0,0.0,21.2,1015.3,0.0
2025-08-11 21:00:00,22.0,43.0,0.0,19.4,1016.5,0.0
2025-08-11 22:00:00,21.7,44.0,0.0,18.7,1016.4,0.0
2025-08-11 23:00:00,21.0,48.0,0.0,16.6,1016.8,0.0
2025-08-12 00:00:00,20.3,51.0,0.0,15.8,1017.1,0.0
2025-08-12 01:00:00,19.6,53.0,0.0,15.8,1017.4,0.0
2025-08-12 02:00:00,18.9,56.0,0.0,15.1,1017.5,0.0
2025-08-12 03:00:00,18.3,59.0,0.0,14.0,1017.7,0.0
2025-08-12 04:00:00,17.7,62.0,0.0,13.3,1018.1,0.0
2025-08-12 05:00:00,17.1,65.0,0.0,13.0,1018.3,0.0
2025-08-12 06:00:00,16.8,67.0,0.0,14.0,1018.6,0.0
2025-08-12 07:00:00,17.9,63.0,0.0,13.7,1019.1,0.0
2025-08-12 08:00:00,19.3,58.0,0.0,16.9,1019.2,0.0
2025-08-12 09:00:00,21.4,47.0,0.0,18.0,1019.4,0.0
2025-08-12 10:00:00,23.1,39.0,0.0,18.7,1019.3,0.0
2025-08-12 11:00:00,24.6,34.0,0.0,19.8,1019.2,0.0
2025-08-12 12:00:00,25.7,30.0,0.0,20.2,1019.1,0.0
2025-08-12 13:00:00,26.3,29.0,0.0,19.8,1019.0,0.0
2025-08-12 14:00:00,26.9,27.0,0.0,19.4,1018.6,3.0
2025-08-12 15:00:00,27.3,26.0,0.0,20.2,1018.4,8.0
2025-08-12 16:00:00,27.2,26.0,0.0,20.5,1018.2,7.0
2025-08-12 17:00:00,26.5,29.0,0.0,21.6,1018.1,1.0
2025-08-12 18:00:00,26.6,26.0,0.0,19.1,1018.0,1.0
2025-08-12 19:00:00,25.6,28.0,0.0,19.4,1018.0,2.0
2025-08-12 20:00:00,23.9,33.0,0.0,19.1,1018.6,1.0
2025-08-12 21:00:00,22.9,37.0,0.0,18.4,1019.7,0.0
2025-08-12 22:00:00,21.7,41.0,0.0,14.4,1019.9,0.0
2025-08-12 23:00:00,21.3,45.0,0.0,14.4,1020.0,0.0
2025-08-13 00:00:00,20.4,49.0,0.0,13.7,1020.3,0.0
2025-08-13 01:00:00,19.3,54.0,0.0,11.9,1020.3,0.0
2025-08-13 02:00:00,18.2,60.0,0.0,8.3,1020.5,0.0
2025-08-13 03:00:00,17.4,65.0,0.0,7.9,1020.6,0.0
2025-08-13 04:00:00,16.7,68.0,0.0,7.9,1020.7,0.0
2025-08-13 05:00:00,16.5,68.0,0.0,10.1,1020.7,0.0
2025-08-13 06:00:00,16.5,69.0,0.0,11.2,1021.1,0.0
2025-08-13 07:00:00,18.2,64.0,0.0,11.5,1021.2,0.0
2025-08-13 08:00:00,20.5,56.0,0.0,9.4,1021.4,0.0
2025-08-13 09:00:00,23.0,45.0,0.0,9.0,1021.6,0.0
2025-08-13 10:00:00,24.9,38.0,0.0,9.0,1021.6,0.0
2025-08-13 11:00:00,26.4,33.0,0.0,11.9,1021.2,2.0
2025-08-13 12:00:00,27.4,29.0,0.0,11.9,1021.1,2.0
2025-08-13 13:00:00,28.6,25.0,0.0,13.0,1020.9,3.0
2025-08-13 14:00:00,29.0,22.0,0.0,15.1,1020.2,4.0
2025-08-13 15:00:00,29.1,22.0,0.0,15.8,1019.9,4.0
2025-08-13 16:00:00,29.0,22.0,0.0,16.2,1019.6,3.0
2025-08-13 17:00:00,28.3,23.0,0.0,20.5,1019.5,1.0
2025-08-13 18:00:00,26.9,26.0,0.0,19.4,1019.8,0.0
2025-08-13 19:00:00,27.2,24.0,0.0,14.0,1019.5,2.0
2025-08-13 20:00:00,24.9,29.0,0.0,11.2,1020.0,1.0
2025-08-13 21:00:00,23.3,35.0,0.0,10.1,1020.7,0.0
2025-08-13 22:00:00,22.3,40.0,0.0,13.7,1021.2,0.0
2025-08-13 23:00:00,21.6,44.0,0.0,16.2,1021.1,0.0
2025-08-14 00:00:00,20.1,50.0,0.0,10.8,1021.0,0.0
2025-08-14 01:00:00,19.2,56.0,0.0,7.6,1021.2,0.0
2025-08-14 02:00:00,18.6,61.0,0.0,7.2,1021.0,0.0
2025-08-14 03:00:00,18.2,65.0,0.0,6.5,1021.0,0.0
2025-08-14 04:00:00,17.7,68.0,0.0,6.5,1021.0,0.0
2025-08-14 05:00:00,17.0,72.0,0.0,7.9,1020.6,0.0
2025-08-14 06:00:00,16.8,74.0,0.0,8.3,1020.6,0.0
2025-08-14 07:00:00,18.7,67.0,0.0,9.0,1020.7,0.0
2025-08-14 08:00:00,21.1,56.0,0.0,7.2,1021.0,0.0
2025-08-14 09:00:00,23.6,42.0,0.0,7.9,1021.1,0.0
2025-08-14 10:00:00,24.9,35.0,0.0,8.6,1021.2,0.0
2025-08-14 11:00:00,26.3,30.0,0.0,10.4,1021.0,0.0
2025-08-14 12:00:00,27.6,27.0,0.0,11.5,1020.6,1.0
2025-08-14 13:00:00,28.7,23.0,0.0,13.3,1020.2,4.0
2025-08-14 14:00:00,29.0,23.0,0.0,14.8,1019.6,1.0
2025-08-14 15:00:00,29.1,22.0,0.0,16.6,1019.1,3.0
2025-08-14 16:00:00,28.7,23.0,0.0,16.6,1018.8,0.0
2025-08-14 17:00:00,28.4,23.0,0.0,16.9,1018.4,2.0
2025-08-14 18:00:00,27.8,24.0,0.0,16.6,1018.1,0.0
2025-08-14 19:00:00,26.9,26.0,0.0,15.1,1018.3,1.0
2025-08-14 20:00:00,25.4,29.0,0.0,15.5,1018.0,0.0
2025-08-14 21:00:00,23.6,34.0,0.0,12.6,1018.6,0.0
2025-08-14 22:00:00,23.0,38.0,0.0,15.8,1019.0,0.0
2025-08-14 23:00:00,22.0,43.0,0.0,15.8,1019.0,0.0
2025-08-15 00:00:00,20.7,49.0,0.0,13.0,1019.0,0.0
2025-08-15 01:00:00,20.6,51.0,0.0,14.4,1019.2,0.0
2025-08-15 02:00:00,19.7,56.0,0.0,14.0,1019.4,0.0
2025-08-15 03:00:00,18.9,62.0,0.0,12.2,1019.3,0.0
2025-08-15 04:00:00,18.2,66.0,0.0,13.0,1019.2,0.0
2025-08-15 05:00:00,17.7,68.0,0.0,14.0,1019.4,0.0
2025-08-15 06:00:00,17.2,71.0,0.0,14.8,1019.5,0.0
2025-08-15 07:00:00,18.1,65.0,0.0,14.4,1019.7,0.0
2025-08-15 08:00:00,19.7,55.0,0.0,16.2,1020.0,0.0
2025-08-15 09:00:00,21.5,45.0,0.0,17.3,1020.4,0.0
2025-08-15 10:00:00,22.9,38.0,0.0,17.6,1020.3,0.0
2025-08-15 11:00:00,23.9,34.0,0.0,18.7,1020.1,0.0
2025-08-15 12:00:00,24.7,33.0,0.0,19.8,1019.8,0.0
2025-08-15 13:00:00,25.9,29.0,0.0,20.5,1019.6,4.0
2025-08-15 14:00:00,25.9,29.0,0.0,21.6,1019.3,8.0
2025-08-15 15:00:00,26.1,29.0,0.0,22.0,1018.8,8.0
2025-08-15 16:00:00,25.1,32.0,0.0,19.4,1018.9,7.0
2025-08-15 17:00:00,24.4,35.0,0.0,20.2,1018.7,6.0
2025-08-15 18:00:00,24.6,34.0,0.0,16.9,1018.4,2.0
2025-08-15 19:00:00,23.4,37.0,0.0,17.6,1018.3,7.0
2025-08-15 20:00:00,22.5,40.0,0.0,15.5,1018.5,1.0
2025-08-15 21:00:00,21.2,44.0,0.0,10.4,1018.9,0.0
2025-08-15 22:00:00,20.3,49.0,0.0,10.8,1018.9,0.0
2025-08-15 23:00:00,19.3,53.0,0.0,10.4,1018.6,0.0
2025-08-16 00:00:00,18.6,57.0,0.0,11.2,1018.8,0.0
2025-08-16 01:00:00,18.0,60.0,0.0,11.9,1018.6,0.0
2025-08-16 02:00:00,17.5,61.0,0.0,11.5,1018.4,0.0
2025-08-16 03:00:00,17.0,64.0,0.0,11.2,1018.4,0.0
2025-08-16 04:00:00,16.5,68.0,0.0,11.5,1018.3,0.0
2025-08-16 05:00:00,15.8,73.0,0.0,10.1,1018.1,0.0
2025-08-16 06:00:00,15.7,76.0,0.0,9.7,1018.0,0.0
2025-08-16 07:00:00,17.1,71.0,0.0,11.5,1017.9,0.0
2025-08-16 08:00:00,19.3,61.0,0.0,10.4,1017.8,0.0
2025-08-16 09:00:00,21.6,52.0,0.0,10.4,1017.7,0.0
2025-08-16 10:00:00,23.3,44.0,0.0,9.7,1017.4,0.0
2025-08-16 11:00:00,24.7,39.0,0.0,9.0,1017.5,0.0
2025-08-16 12:00:00,25.6,35.0,0.0,8.3,1016.9,0.0
2025-08-16 13:00:00,26.6,32.0,0.0,8.3,1016.5,0.0
2025-08-16 14:00:00,27.5,30.0,0.0,8.3,1016.2,0.0
2025-08-16 15:00:00,28.0,29.0,0.0,7.9,1015.5,0.0
2025-08-16 16:00:00,28.1,28.0,0.0,6.5,1015.1,0.0
2025-08-16 17:00:00,28.6,26.0,0.0,11.9,1014.3,0.0
2025-08-16 18:00:00,28.3,26.0,0.0,10.1,1014.0,0.0
2025-08-16 19:00:00,27.2,28.0,0.0,11.5,1013.9,0.0
2025-08-16 20:00:00,24.3,37.0,0.0,8.6,1013.6,0.0
2025-08-16 21:00:00,22.9,42.0,0.0,7.6,1014.0,0.0
2025-08-16 22:00:00,22.1,47.0,0.0,7.9,1013.6,0.0
2025-08-16 23:00:00,21.4,49.0,0.0,7.6,1013.6,0.0
2025-08-17 00:00:00,20.3,52.0,0.0,6.5,1013.5,0.0
2025-08-17 01:00:00,19.9,53.0,0.0,4.7,1013.3,0.0
2025-08-17 02:00:00,19.3,56.0,0.0,7.2,1013.2,0.0
2025-08-17 03:00:00,18.7,63.0,0.0,4.0,1013.1,0.0
2025-08-17 04:00:00,18.0,65.0,0.0,2.5,1012.8,0.0
2025-08-17 05:00:00,17.4,68.0,0.0,2.5,1012.6,0.0
2025-08-17 06:00:00,16.9,73.0,0.0,2.9,1012.7,0.0
2025-08-17 07:00:00,18.7,68.0,0.0,6.1,1012.5,0.0
2025-08-17 08:00:00,22.5,54.0,0.0,5.4,1012.2,0.0
2025-08-17 09:00:00,25.7,43.0,0.0,7.6,1012.1,0.0
2025-08-17 10:00:00,27.8,32.0,0.0,10.8,1011.9,0.0
2025-08-17 11:00:00,29.0,27.0,0.0,13.7,1011.6,0.0
2025-08-17 12:00:00,29.8,24.0,0.0,14.4,1010.9,0.0
2025-08-17 13:00:00,30.6,21.0,0.0,13.0,1010.5,0.0
2025-08-17 14:00:00,31.2,19.0,0.0,13.0,1009.9,0.0
2025-08-17 15:00:00,31.5,19.0,0.0,13.3,1009.3,0.0
2025-08-17 16:00:00,31.4,18.0,0.0,13.3,1008.8,0.0
2025-08-17 17:00:00,31.2,18.0,0.0,13.0,1008.5,0.0
2025-08-17 18:00:00,30.8,19.0,0.0,13.0,1007.9,0.0
2025-08-17 19:00:00,29.2,22.0,0.0,9.0,1007.7,0.0
2025-08-17 20:00:00,26.1,28.0,0.0,7.6,1008.0,0.0
2025-08-17 21:00:00,24.6,34.0,0.0,7.9,1008.1,0.0
2025-08-17 22:00:00,23.8,36.0,0.0,10.8,1008.0,0.0
2025-08-17 23:00:00,24.2,42.0,0.0,18.7,1008.1,0.0
2025-08-18 00:00:00,23.0,43.0,0.0,13.7,1008.2,0.0
2025-08-18 01:00:00,22.2,44.0,0.0,13.7,1007.6,0.0
2025-08-18 02:00:00,21.5,46.0,0.0,13.3,1007.2,0.0
2025-08-18 03:00:00,20.7,49.0,0.0,11.5,1007.0,0.0
2025-08-18 04:00:00,20.0,54.0,0.0,11.9,1006.7,0.0
2025-08-18 05:00:00,18.7,65.0,0.0,9.0,1006.9,0.0
2025-08-18 06:00:00,18.0,70.0,0.0,6.1,1006.9,0.0
2025-08-18 07:00:00,19.6,64.0,0.0,8.6,1007.2,0.0
2025-08-18 08:00:00,21.8,53.0,0.0,10.8,1007.5,0.0
2025-08-18 09:00:00,23.7,53.0,0.0,14.0,1008.0,0.0
2025-08-18 10:00:00,25.5,52.0,0.0,13.7,1008.0,0.0
2025-08-18 11:00:00,27.2,46.0,0.0,14.0,1008.1,0.0
2025-08-18 12:00:00,28.4,43.0,0.0,13.7,1008.0,0.0
2025-08-18 13:00:00,28.5,40.0,0.4,16.2,1008.4,5.0
2025-08-18 14:00:00,28.1,41.0,0.3,17.3,1008.6,0.0
2025-08-18 15:00:00,28.3,34.0,0.0,21.6,1008.7,1.0
2025-08-18 16:00:00,27.6,31.0,0.0,23.4,1009.2,2.0
2025-08-18 17:00:00,25.8,33.0,0.0,25.2,1009.8,0.0
2025-08-18 18:00:00,24.5,33.0,0.0,23.4,1010.2,1.0
2025-08-18 19:00:00,23.4,36.0,0.0,22.0,1010.7,1.0
2025-08-18 20:00:00,22.1,42.0,0.0,16.9,1011.1,7.0
2025-08-18 21:00:00,21.6,44.0,0.0,12.2,1011.8,3.0
2025-08-18 22:00:00,20.9,48.0,0.0,10.1,1012.2,1.0
2025-08-18 23:00:00,19.9,54.0,0.0,8.3,1012.5,1.0
2025-08-19 00:00:00,19.3,58.0,0.0,15.1,1012.8,0.0
2025-08-19 01:00:00,19.2,55.0,0.0,14.4,1012.9,0.0
2025-08-19 02:00:00,18.3,56.0,0.0,12.2,1013.0,0.0
2025-08-19 03:00:00,17.6,57.0,0.0,14.8,1013.4,0.0
2025-08-19 04:00:00,16.8,61.0,0.0,12.6,1013.8,0.0
2025-08-19 05:00:00,16.0,65.0,0.0,11.5,1014.2,0.0
2025-08-19 06:00:00,15.3,70.0,0.0,10.8,1014.5,0.0
2025-08-19 07:00:00,16.4,65.0,0.0,10.8,1014.9,0.0
2025-08-19 08:00:00,17.9,56.0,0.0,11.5,1015.1,0.0
2025-08-19 09:00:00,19.7,47.0,0.0,12.2,1015.2,0.0
2025-08-19 10:00:00,21.0,40.0,0.0,12.6,1015.2,0.0
2025-08-19 11:00:00,22.0,36.0,0.0,12.2,1015.2,0.0
2025-08-19 12:00:00,23.0,33.0,0.0,11.2,1014.9,0.0
2025-08-19 13:00:00,23.9,31.0,0.0,10.8,1014.5,0.0
2025-08-19 14:00:00,24.7,28.0,0.0,9.7,1014.1,0.0
2025-08-19 15:00:00,25.3,27.0,0.0,9.0,1013.6,0.0
2025-08-19 16:00:00,25.5,26.0,0.0,8.6,1013.2,0.0
2025-08-19 17:00:00,25.4,26.0,0.0,7.9,1012.9,0.0
2025-08-19 18:00:00,24.9,27.0,0.0,7.9,1012.6,0.0
2025-08-19 19:00:00,23.9,28.0,0.0,8.6,1012.6,0.0
2025-08-19 20:00:00,21.7,33.0,0.0,6.8,1012.8,0.0
2025-08-19 21:00:00,20.7,38.0,0.0,5.8,1013.3,0.0
2025-08-19 22:00:00,19.5,45.0,0.0,5.8,1013.3,0.0
2025-08-19 23:00:00,18.6,52.0,0.0,6.5,1013.0,0.0
2025-08-20 00:00:00,18.0,57.0,0.0,7.9,1013.1,0.0
2025-08-20 01:00:00,17.4,61.0,0.0,7.6,1013.0,0.0
2025-08-20 02:00:00,16.8,70.0,0.0,7.9,1012.6,0.0
2025-08-20 03:00:00,16.3,74.0,0.0,9.0,1012.5,0.0
2025-08-20 04:00:00,15.9,76.0,0.0,9.4,1012.4,1.0
2025-08-20 05:00:00,15.5,79.0,0.0,9.0,1012.3,2.0
2025-08-20 06:00:00,15.3,83.0,0.0,9.0,1012.4,0.0
2025-08-20 07:00:00,17.4,73.0,0.0,10.1,1011.9,0.0
2025-08-20 08:00:00,19.9,59.0,0.0,6.5,1012.1,8.0
2025-08-20 09:00:00,22.6,43.0,0.0,6.5,1012.0,8.0
2025-08-20 10:00:00,24.5,36.0,0.0,4.7,1011.6,4.0
2025-08-20 11:00:00,25.7,31.0,0.0,3.6,1011.2,1.0
2025-08-20 12:00:00,26.6,28.0,0.0,4.7,1010.5,2.0
2025-08-20 13:00:00,27.4,27.0,0.0,6.5,1009.9,5.0
2025-08-20 14:00:00,28.1,25.0,0.0,9.0,1009.3,5.0
2025-08-20 15:00:00,28.5,25.0,0.0,11.9,1008.7,7.0
2025-08-20 16:00:00,28.5,25.0,0.0,12.6,1008.1,2.0
2025-08-20 17:00:00,28.5,22.0,0.0,11.2,1007.7,1.0
2025-08-20 18:00:00,27.7,21.0,0.0,11.2,1007.4,1.0
2025-08-20 19:00:00,26.3,24.0,0.0,9.4,1007.4,0.0
2025-08-20 20:00:00,23.7,28.0,0.0,9.7,1007.9,0.0
2025-08-20 21:00:00,22.9,29.0,0.0,10.1,1008.1,0.0
2025-08-20 22:00:00,21.7,31.0,0.0,8.3,1008.0,0.0
2025-08-20 23:00:00,20.6,39.0,0.0,11.9,1008.1,4.0
2025-08-21 00:00:00,20.6,48.0,0.0,10.8,1008.4,7.0
2025-08-21 01:00:00,20.5,49.0,0.0,13.7,1008.6,8.0
2025-08-21 02:00:00,20.1,52.0,0.0,10.4,1008.6,5.0
2025-08-21 03:00:00,18.6,60.0,0.0,6.8,1008.1,1.0
2025-08-21 04:00:00,18.1,64.0,0.0,5.8,1008.1,0.0
2025-08-21 05:00:00,17.4,68.0,0.0,6.8,1008.3,0.0
2025-08-21 06:00:00,16.9,69.0,0.0,9.0,1008.4,0.0
2025-08-21 07:00:00,18.6,59.0,0.0,10.1,1008.9,0.0
2025-08-21 08:00:00,21.2,48.0,0.0,6.5,1009.5,0.0
2025-08-21 09:00:00,24.0,39.0,0.0,4.7,1009.7,0.0
2025-08-21 10:00:00,26.1,32.0,0.0,7.6,1009.9,0.0
2025-08-21 11:00:00,27.9,27.0,0.0,10.8,1010.1,2.0
2025-08-21 12:00:00,29.7,23.0,0.0,15.8,1009.7,6.0
2025-08-21 13:00:00,29.7,23.0,0.0,16.2,1009.9,7.0
2025-08-21 14:00:00,29.6,24.0,0.0,15.1,1009.9,8.0
2025-08-21 15:00:00,29.6,25.0,0.0,15.8,1009.8,8.0
2025-08-21 16:00:00,29.6,26.0,0.0,13.7,1009.8,7.0
2025-08-21 17:00:00,29.7,25.0,0.0,10.8,1010.0,4.0
2025-08-21 18:00:00,29.9,23.0,0.0,9.7,1009.4,3.0
2025-08-21 19:00:00,28.2,28.0,0.0,10.1,1009.7,2.0
2025-08-21 20:00:00,25.2,36.0,0.0,10.4,1010.3,1.0
2025-08-21 21:00:00,23.9,43.0,0.0,6.8,1010.8,0.0
2025-08-21 22:00:00,22.9,45.0,0.0,5.4,1010.8,0.0
2025-08-21 23:00:00,23.2,50.0,0.0,13.7,1011.3,0.0
2025-08-22 00:00:00,22.7,59.0,0.0,13.0,1011.2,0.0
2025-08-22 01:00:00,21.9,65.0,0.0,10.8,1011.2,0.0
2025-08-22 02:00:00,21.0,72.0,0.0,9.0,1011.2,0.0
2025-08-22 03:00:00,20.2,80.0,0.0,9.7,1011.1,0.0
2025-08-22 04:00:00,19.5,89.0,0.0,9.4,1011.0,0.0
2025-08-22 05:00:00,19.0,93.0,0.0,8.6,1010.7,0.0
2025-08-22 06:00:00,18.8,96.0,0.0,9.4,1010.4,0.0
2025-08-22 07:00:00,20.1,92.0,0.0,10.4,1010.5,0.0
2025-08-22 08:00:00,22.6,79.0,0.0,9.7,1010.6,0.0
2025-08-22 09:00:00,25.1,65.0,0.0,11.9,1010.3,0.0
2025-08-22 10:00:00,27.3,47.0,0.0,15.5,1010.0,0.0
2025-08-22 11:00:00,28.8,38.0,0.0,18.7,1009.6,0.0
2025-08-22 12:00:00,29.9,33.0,0.0,21.6,1009.0,0.0
2025-08-22 13:00:00,30.8,29.0,0.0,22.7,1008.3,0.0
2025-08-22 14:00:00,31.3,28.0,0.0,22.7,1007.7,0.0
2025-08-22 15:00:00,31.6,26.0,0.0,22.7,1006.9,0.0
2025-08-22 16:00:00,31.6,26.0,0.0,23.0,1006.0,0.0
2025-08-22 17:00:00,31.0,27.0,0.0,26.3,1005.5,0.0
2025-08-22 18:00:00,29.6,28.0,0.0,25.9,1005.4,0.0
2025-08-22 19:00:00,27.8,35.0,0.0,24.8,1004.8,0.0
2025-08-22 20:00:00,26.2,44.0,0.0,26.6,1005.1,0.0
2025-08-22 21:00:00,25.2,50.0,0.0,23.0,1005.6,0.0
2025-08-22 22:00:00,24.2,55.0,0.0,18.7,1005.6,1.0
2025-08-22 23:00:00,23.4,60.0,0.0,16.2,1005.3,6.0
2025-08-23 00:00:00,22.7,65.0,0.0,14.0,1004.6,6.0
2025-08-23 01:00:00,22.0,73.0,0.0,14.4,1004.3,8.0
2025-08-23 02:00:00,21.6,78.0,0.0,12.2,1003.6,8.0
2025-08-23 03:00:00,21.4,76.0,0.0,13.0,1003.7,8.0
2025-08-23 04:00:00,20.6,84.0,0.0,12.6,1003.5,8.0
2025-08-23 05:00:00,20.1,89.0,0.0,7.2,1002.9,8.0
2025-08-23 06:00:00,20.0,92.0,0.0,6.1,1002.8,8.0
2025-08-23 07:00:00,21.0,88.0,0.0,10.1,1002.9,8.0
2025-08-23 08:00:00,21.3,87.0,0.2,10.4,1002.7,8.0
2025-08-23 09:00:00,21.2,86.0,2.5,10.8,1002.8,8.0
2025-08-23 10:00:00,23.3,74.0,0.0,17.3,1002.1,8.0
2025-08-23 11:00:00,24.6,66.0,0.5,25.6,1001.5,8.0
2025-08-23 12:00:00,22.9,77.0,3.4,27.7,1001.7,8.0
2025-08-23 13:00:00,23.9,68.0,0.2,22.3,1001.7,8.0
2025-08-23 14:00:00,25.1,59.0,0.0,20.5,1001.4,8.0
2025-08-23 15:00:00,24.7,59.0,0.2,24.1,1002.0,8.0
2025-08-23 16:00:00,22.8,65.0,0.0,27.7,1002.7,5.0
2025-08-23 17:00:00,22.1,65.0,0.0,25.6,1003.3,4.0
2025-08-23 18:00:00,21.1,66.0,0.0,24.5,1004.1,6.0
2025-08-23 19:00:00,20.2,68.0,0.0,22.0,1004.7,2.0
2025-08-23 20:00:00,19.0,71.0,0.0,19.1,1005.1,0.0
2025-08-23 21:00:00,18.1,73.0,0.0,17.3,1006.0,0.0
2025-08-23 22:00:00,17.5,72.0,0.0,15.8,1006.5,0.0
2025-08-23 23:00:00,17.0,73.0,0.0,13.7,1007.0,0.0
2025-08-24 00:00:00,16.5,75.0,0.0,13.0,1007.3,0.0
2025-08-24 01:00:00,16.1,80.0,0.0,11.9,1007.3,6.0
2025-08-24 02:00:00,15.7,83.0,0.0,9.0,1007.6,7.0
2025-08-24 03:00:00,15.0,88.0,0.0,6.8,1007.9,0.0
2025-08-24 04:00:00,14.6,91.0,0.0,6.8,1008.2,1.0
2025-08-24 05:00:00,14.2,93.0,0.0,6.8,1008.2,4.0
2025-08-24 06:00:00,15.1,89.0,0.0,7.6,1008.7,8.0
2025-08-24 07:00:00,16.0,82.0,0.0,6.1,1009.2,8.0
2025-08-24 08:00:00,17.4,71.0,0.0,5.8,1009.6,4.0
2025-08-24 09:00:00,19.5,60.0,0.0,11.2,1009.8,3.0
2025-08-24 10:00:00,19.8,55.0,0.1,16.2,1010.5,6.0
2025-08-24 11:00:00,20.1,56.0,0.0,12.6,1010.7,3.0
2025-08-24 12:00:00,21.2,48.0,0.0,16.9,1010.4,3.0
2025-08-24 13:00:00,22.5,40.0,0.0,17.6,1010.2,2.0
2025-08-24 14:00:00,23.3,36.0,0.0,17.6,1010.1,1.0
2025-08-24 15:00:00,23.6,34.0,0.0,18.4,1009.9,1.0
2025-08-24 16:00:00,24.1,31.0,0.0,18.0,1009.6,2.0
2025-08-24 17:00:00,23.7,30.0,0.0,17.6,1009.4,5.0
2025-08-24 18:00:00,23.0,31.0,0.0,16.2,1009.1,5.0
2025-08-24 19:00:00,21.8,40.0,0.0,8.3,1009.1,3.0
2025-08-24 20:00:00,19.9,44.0,0.0,10.1,1009.2,8.0
2025-08-24 21:00:00,17.7,60.0,0.2,31.0,1011.1,8.0
2025-08-24 22:00:00,15.2,81.0,3.1,18.4,1012.0,8.0
2025-08-24 23:00:00,15.1,84.0,0.0,10.8,1011.7,1.0
2025-08-25 00:00:00,14.4,85.0,0.0,18.0,1012.1,2.0
2025-08-25 01:00:00,13.7,83.0,0.0,22.0,1012.5,1.0
2025-08-25 02:00:00,12.7,86.0,0.0,20.5,1013.0,0.0
2025-08-25 03:00:00,12.0,84.0,0.0,20.2,1013.6,0.0
2025-08-25 04:00:00,11.4,84.0,0.0,18.7,1014.3,0.0
2025-08-25 05:00:00,11.1,84.0,0.0,18.0,1014.7,0.0
2025-08-25 06:00:00,10.8,84.0,0.0,15.8,1015.3,0.0
2025-08-25 07:00:00,11.5,82.0,0.0,16.2,1015.7,0.0
2025-08-25 08:00:00,13.3,73.0,0.0,15.8,1016.1,0.0
2025-08-25 09:00:00,15.0,66.0,0.0,15.5,1016.5,0.0
2025-08-25 10:00:00,16.8,57.0,0.0,15.5,1017.0,0.0
2025-08-25 11:00:00,18.5,49.0,0.0,15.5,1017.1,0.0
2025-08-25 12:00:00,20.2,40.0,0.0,17.3,1016.8,0.0
2025-08-25 13:00:00,21.5,35.0,0.0,19.8,1016.7,6.0
2025-08-25 14:00:00,22.3,32.0,0.0,19.8,1016.3,4.0
2025-08-25 15:00:00,22.6,31.0,0.0,19.4,1015.9,3.0
2025-08-25 16:00:00,22.8,30.0,0.0,18.4,1015.5,2.0
2025-08-25 17:00:00,22.2,32.0,0.0,16.6,1015.5,4.0
2025-08-25 18:00:00,21.6,33.0,0.0,14.4,1015.5,3.0
2025-08-25 19:00:00,19.9,41.0,0.0,9.7,1015.7,2.0
2025-08-25 20:00:00,18.1,46.0,0.0,9.4,1016.3,2.0
2025-08-25 21:00:00,17.6,47.0,0.0,10.1,1016.6,0.0
2025-08-25 22:00:00,16.3,53.0,0.0,8.3,1016.4,1.0
2025-08-25 23:00:00,15.1,59.0,0.0,6.1,1016.4,1.0
2025-08-26 00:00:00,14.6,62.0,0.0,4.3,1016.3,1.0
2025-08-26 01:00:00,14.2,65.0,0.0,3.2,1016.4,1.0
2025-08-26 02:00:00,14.1,67.0,0.0,1.1,1016.2,0.0
2025-08-26 03:00:00,13.2,69.0,0.0,1.4,1016.2,0.0
2025-08-26 04:00:00,12.7,71.0,0.0,4.3,1016.1,1.0
2025-08-26 05:00:00,12.5,71.0,0.0,5.8,1016.1,7.0
2025-08-26 06:00:00,13.3,70.0,0.0,4.7,1015.9,7.0
2025-08-26 07:00:00,14.8,68.0,0.0,6.1,1016.0,4.0
2025-08-26 08:00:00,16.5,73.0,0.0,6.1,1016.1,6.0
2025-08-26 09:00:00,19.1,59.0,0.0,7.9,1016.3,3.0
2025-08-26 10:00:00,21.4,39.0,0.0,11.9,1016.3,1.0
2025-08-26 11:00:00,22.7,26.0,0.0,14.0,1016.4,1.0
2025-08-26 12:00:00,23.1,25.0,0.0,16.6,1016.0,1.0
2025-08-26 13:00:00,23.5,25.0,0.0,18.4,1015.7,1.0
2025-08-26 14:00:00,23.1,28.0,0.0,23.8,1015.4,4.0
2025-08-26 15:00:00,22.6,31.0,0.0,23.8,1015.4,5.0
2025-08-26 16:00:00,22.8,32.0,0.0,24.5,1015.1,3.0
2025-08-26 17:00:00,22.7,31.0,0.0,23.4,1015.1,4.0
2025-08-26 18:00:00,22.1,35.0,0.0,23.0,1015.4,3.0
2025-08-26 19:00:00,20.2,47.0,0.0,19.1,1016.0,8.0
2025-08-26 20:00:00,18.9,53.0,0.0,11.9,1016.3,6.0
2025-08-26 21:00:00,17.6,58.0,0.0,9.0,1016.9,0.0
2025-08-26 22:00:00,16.0,65.0,0.0,10.4,1017.5,0.0
2025-08-26 23:00:00,14.7,73.0,0.0,9.0,1017.9,0.0
2025-08-27 00:00:00,14.7,71.0,0.0,5.0,1017.8,0.0
2025-08-27 01:00:00,14.7,71.0,0.0,1.8,1017.8,0.0
2025-08-27 02:00:00,13.5,77.0,0.0,4.7,1017.7,0.0
2025-08-27 03:00:00,13.1,80.0,0.0,5.8,1017.6,0.0
2025-08-27 04:00:00,13.1,79.0,0.0,2.5,1017.6,0.0
2025-08-27 05:00:00,12.9,86.0,0.0,3.2,1017.6,0.0
2025-08-27 06:00:00,12.3,89.0,0.0,4.3,1017.8,0.0
2025-08-27 07:00:00,14.0,86.0,0.0,6.5,1018.3,0.0
2025-08-27 08:00:00,16.7,73.0,0.0,4.0,1018.9,0.0
2025-08-27 09:00:00,19.5,56.0,0.0,4.3,1019.1,0.0
2025-08-27 10:00:00,21.9,41.0,0.0,7.9,1019.3,0.0
2025-08-27 11:00:00,23.4,33.0,0.0,9.4,1019.4,1.0
2025-08-27 12:00:00,24.5,30.0,0.0,8.6,1019.1,7.0
2025-08-27 13:00:00,25.4,29.0,0.0,9.7,1018.8,0.0
2025-08-27 14:00:00,26.3,26.0,0.0,14.4,1018.3,4.0
2025-08-27 15:00:00,26.8,23.0,0.0,15.8,1017.7,6.0
2025-08-27 16:00:00,26.7,22.0,0.0,18.7,1017.2,4.0
2025-08-27 17:00:00,26.5,23.0,0.0,17.3,1017.1,8.0
2025-08-27 18:00:00,25.4,27.0,0.0,12.6,1017.2,1.0
2025-08-27 19:00:00,23.0,36.0,0.0,6.1,1017.5,7.0
2025-08-27 20:00:00,20.8,42.0,0.0,5.8,1017.9,0.0
2025-08-27 21:00:00,18.9,48.0,0.0,4.7,1018.3,0.0
2025-08-27 22:00:00,17.8,55.0,0.0,6.1,1018.5,0.0
2025-08-27 23:00:00,17.1,61.0,0.0,7.2,1018.7,0.0
2025-08-28 00:00:00,16.5,66.0,0.0,8.3,1019.2,0.0
2025-08-28 01:00:00,16.4,70.0,0.0,6.5,1019.2,0.0
2025-08-28 02:00:00,16.0,74.0,0.0,2.9,1019.2,0.0
2025-08-28 03:00:00,15.1,82.0,0.0,5.8,1019.1,0.0
2025-08-28 04:00:00,14.7,86.0,0.0,6.8,1019.2,0.0
2025-08-28 05:00:00,14.6,88.0,0.0,6.8,1019.4,0.0
2025-08-28 06:00:00,13.9,86.0,0.0,4.3,1019.7,0.0
2025-08-28 07:00:00,15.0,82.0,0.0,5.4,1020.3,0.0
2025-08-28 08:00:00,18.2,66.0,0.0,4.3,1020.7,0.0
2025-08-28 09:00:00,21.7,53.0,0.0,5.4,1021.0,0.0
2025-08-28 10:00:00,24.6,44.0,0.0,7.2,1021.0,0.0
2025-08-28 11:00:00,26.4,38.0,0.0,7.6,1021.3,0.0
2025-08-28 12:00:00,27.7,30.0,0.0,8.3,1020.9,0.0
2025-08-28 13:00:00,28.6,26.0,0.0,9.4,1020.7,3.0
2025-08-28 14:00:00,28.8,26.0,0.0,10.4,1020.3,1.0
2025-08-28 15:00:00,28.9,25.0,0.0,9.7,1020.1,1.0
2025-08-28 16:00:00,29.1,24.0,0.0,10.4,1019.7,5.0
2025-08-28 17:00:00,28.4,25.0,0.0,13.0,1019.5,1.0
2025-08-28 18:00:00,27.1,27.0,0.0,11.9,1019.7,0.0
2025-08-28 19:00:00,24.7,33.0,0.0,8.3,1019.7,0.0
2025-08-28 20:00:00,22.0,37.0,0.0,5.8,1020.2,0.0
2025-08-28 21:00:00,21.7,36.0,0.0,5.8,1020.4,0.0
2025-08-28 22:00:00,20.5,40.0,0.0,4.3,1020.5,0.0
2025-08-28 23:00:00,19.8,42.0,0.0,6.8,1020.6,0.0
2025-08-29 00:00:00,18.8,49.0,0.0,8.3,1020.8,0.0
2025-08-29 01:00:00,18.4,53.0,0.0,6.1,1020.7,0.0
2025-08-29 02:00:00,17.6,62.0,0.0,5.0,1020.3,0.0
2025-08-29 03:00:00,17.1,65.0,0.0,3.2,1020.4,0.0
2025-08-29 04:00:00,16.8,64.0,0.0,4.3,1020.6,0.0
2025-08-29 05:00:00,16.1,66.0,0.0,5.8,1020.6,0.0
2025-08-29 06:00:00,15.7,67.0,0.0,6.1,1020.7,0.0
2025-08-29 07:00:00,17.4,59.0,0.0,10.8,1020.9,0.0
2025-08-29 08:00:00,20.4,47.0,0.0,10.1,1020.8,0.0
2025-08-29 09:00:00,23.1,37.0,0.0,10.4,1020.9,0.0
2025-08-29 10:00:00,25.7,30.0,0.0,11.9,1020.9,0.0
2025-08-29 11:00:00,28.0,24.0,0.0,15.1,1020.7,0.0
2025-08-29 12:00:00,29.4,22.0,0.0,19.4,1020.1,0.0
2025-08-29 13:00:00,30.2,20.0,0.0,19.8,1019.6,0.0
2025-08-29 14:00:00,30.7,19.0,0.0,19.1,1018.9,0.0
2025-08-29 15:00:00,30.9,19.0,0.0,18.4,1018.1,0.0
2025-08-29 16:00:00,30.8,19.0,0.0,18.4,1017.7,0.0
2025-08-29 17:00:00,30.6,18.0,0.0,17.6,1017.3,0.0
2025-08-29 18:00:00,29.6,19.0,0.0,16.2,1016.9,0.0
2025-08-29 19:00:00,27.2,23.0,0.0,12.2,1016.6,0.0
2025-08-29 20:00:00,25.1,28.0,0.0,14.0,1016.9,0.0
2025-08-29 21:00:00,24.4,30.0,0.0,15.1,1017.4,0.0
2025-08-29 22:00:00,23.9,32.0,0.0,13.3,1016.8,0.0
2025-08-29 23:00:00,22.6,35.0,0.0,12.6,1016.8,0.0
2025-08-30 00:00:00,21.4,38.0,0.0,12.6,1016.5,0.0
2025-08-30 01:00:00,20.8,38.0,0.0,13.3,1016.1,0.0
2025-08-30 02:00:00,20.5,36.0,0.0,15.1,1015.9,0.0
2025-08-30 03:00:00,20.2,34.0,0.0,15.1,1015.8,0.0
2025-08-30 04:00:00,19.8,34.0,0.0,14.8,1015.8,0.0
2025-08-30 05:00:00,19.6,33.0,0.0,15.5,1015.5,0.0
2025-08-30 06:00:00,19.4,34.0,0.0,15.1,1015.3,0.0
2025-08-30 07:00:00,20.4,33.0,0.0,16.6,1015.4,0.0
2025-08-30 08:00:00,22.3,30.0,0.0,14.8,1015.5,0.0
2025-08-30 09:00:00,24.5,27.0,0.0,18.0,1015.2,0.0
2025-08-30 10:00:00,26.9,25.0,0.0,19.8,1014.7,0.0
2025-08-30 11:00:00,28.9,24.0,0.0,22.3,1014.0,0.0
2025-08-30 12:00:00,30.4,21.0,0.0,23.8,1013.3,0.0
2025-08-30 13:00:00,31.0,22.0,0.0,26.3,1012.8,0.0
2025-08-30 14:00:00,30.9,23.0,0.0,24.5,1012.6,1.0
2025-08-30 15:00:00,32.3,20.0,0.0,24.5,1011.7,1.0
2025-08-30 16:00:00,32.4,19.0,0.0,24.1,1011.2,0.0
2025-08-30 17:00:00,32.0,20.0,0.0,22.3,1011.1,0.0
2025-08-30 18:00:00,31.3,21.0,0.0,19.4,1010.7,0.0
2025-08-30 19:00:00,29.5,24.0,0.0,11.9,1010.3,0.0
2025-08-30 20:00:00,27.7,26.0,0.0,10.8,1010.4,0.0
2025-08-30 21:00:00,26.1,29.0,0.0,10.4,1010.5,0.0
2025-08-30 22:00:00,24.3,33.0,0.0,7.9,1010.4,0.0
2025-08-30 23:00:00,23.7,33.0,0.0,8.6,1010.4,0.0
2025-08-31 00:00:00,22.7,36.0,0.0,8.3,1010.2,0.0
2025-08-31 01:00:00,21.9,40.0,0.0,7.9,1010.0,0.0
2025-08-31 02:00:00,21.1,44.0,0.0,5.8,1009.6,0.0
2025-08-31 03:00:00,20.9,43.0,0.0,9.4,1009.6,0.0
2025-08-31 04:00:00,20.9,44.0,0.0,10.4,1009.7,0.0
2025-08-31 05:00:00,20.5,46.0,0.0,10.1,1009.4,0.0
2025-08-31 06:00:00,19.9,50.0,0.0,9.4,1009.4,0.0
2025-08-31 07:00:00,21.2,49.0,0.0,12.6,1009.6,0.0
2025-08-31 08:00:00,23.3,47.0,0.0,11.5,1009.6,0.0
2025-08-31 09:00:00,25.5,45.0,0.0,13.0,1009.4,0.0
2025-08-31 10:00:00,27.6,42.0,0.0,13.0,1009.4,0.0
2025-08-31 11:00:00,29.5,39.0,0.0,13.0,1009.4,0.0
2025-08-31 12:00:00,31.0,34.0,0.0,14.8,1009.0,0.0
2025-08-31 13:00:00,32.0,32.0,0.0,15.5,1008.9,0.0
2025-08-31 14:00:00,32.6,30.0,0.0,15.1,1008.4,0.0
2025-08-31 15:00:00,33.2,28.0,0.0,13.7,1008.0,0.0
2025-08-31 16:00:00,33.4,27.0,0.0,11.5,1007.8,0.0
2025-08-31 17:00:00,33.1,26.0,0.0,7.9,1007.6,0.0
2025-08-31 18:00:00,32.5,27.0,0.0,6.5,1007.3,0.0
2025-08-31 19:00:00,30.4,37.0,0.0,3.6,1006.6,5.0
2025-08-31 20:00:00,28.9,35.0,0.0,8.6,1007.0,7.0
2025-08-31 21:00:00,28.4,40.0,0.0,17.6,1007.7,4.0
2025-08-31 22:00:00,26.7,47.0,0.0,13.3,1007.6,3.0
2025-08-31 23:00:00,25.1,54.0,0.0,14.8,1007.5,2.0
2025-09-01 00:00:00,24.3,61.0,0.0,12.6,1007.3,1.0
2025-09-01 01:00:00,23.0,68.0,0.0,10.1,1007.1,0.0
2025-09-01 02:00:00,22.2,68.0,0.0,9.7,1006.8,0.0
2025-09-01 03:00:00,21.6,71.0,0.0,10.1,1006.8,1.0
2025-09-01 04:00:00,20.9,77.0,0.0,11.9,1006.9,4.0
2025-09-01 05:00:00,20.3,84.0,0.0,11.2,1006.7,8.0
2025-09-01 06:00:00,19.9,90.0,0.0,12.2,1006.9,3.0
2025-09-01 07:00:00,20.7,91.0,0.0,18.0,1007.3,3.0
2025-09-01 08:00:00,22.4,81.0,0.0,15.5,1007.0,3.0
2025-09-01 09:00:00,24.3,71.0,0.0,9.7,1006.8,5.0
2025-09-01 10:00:00,26.2,60.0,0.0,14.0,1006.7,1.0
2025-09-01 11:00:00,27.5,52.0,0.0,14.4,1006.7,2.0
2025-09-01 12:00:00,28.9,42.0,0.0,16.9,1006.6,8.0
2025-09-01 13:00:00,29.0,41.0,0.0,15.5,1006.3,5.0
2025-09-01 14:00:00,29.5,42.0,0.0,15.5,1006.1,2.0
2025-09-01 15:00:00,30.1,40.0,0.0,16.9,1005.6,3.0
2025-09-01 16:00:00,28.8,42.0,0.1,17.6,1005.4,4.0
2025-09-01 17:00:00,27.2,50.0,0.6,14.4,1005.9,6.0
2025-09-01 18:00:00,23.2,72.0,3.5,15.8,1007.0,6.0
2025-09-01 19:00:00,23.3,72.0,0.0,6.1,1006.7,1.0
2025-09-01 20:00:00,22.8,69.0,0.0,4.0,1007.1,1.0
2025-09-01 21:00:00,22.0,73.0,0.0,5.4,1007.2,0.0
2025-09-01 22:00:00,21.2,77.0,0.0,5.4,1007.0,0.0
2025-09-01 23:00:00,20.3,81.0,0.0,4.7,1007.2,0.0
2025-09-02 00:00:00,19.5,85.0,0.0,4.7,1007.3,0.0
2025-09-02 01:00:00,18.9,93.0,0.0,3.2,1007.3,0.0
2025-09-02 02:00:00,18.3,95.0,0.0,4.0,1007.0,0.0
2025-09-02 03:00:00,17.8,97.0,0.0,4.0,1007.0,0.0
2025-09-02 04:00:00,17.6,98.0,0.0,5.4,1007.2,1.0
2025-09-02 05:00:00,17.5,97.0,0.0,5.0,1007.1,0.0
2025-09-02 06:00:00,17.2,96.0,0.0,4.0,1007.0,2.0
2025-09-02 07:00:00,18.3,92.0,0.0,6.5,1007.3,0.0
2025-09-02 08:00:00,20.7,81.0,0.0,4.3,1007.5,1.0
2025-09-02 09:00:00,22.6,71.0,0.0,4.7,1007.7,2.0
2025-09-02 10:00:00,23.9,65.0,0.0,5.4,1008.0,4.0
2025-09-02 11:00:00,26.0,52.0,0.0,4.3,1007.7,2.0
2025-09-02 12:00:00,27.1,47.0,0.0,7.2,1007.3,1.0
2025-09-02 13:00:00,28.0,42.0,0.0,7.2,1007.1,1.0
2025-09-02 14:00:00,28.6,38.0,0.0,6.5,1007.0,2.0
2025-09-02 15:00:00,29.1,36.0,0.0,6.8,1006.8,1.0
2025-09-02 16:00:00,28.8,37.0,0.0,9.4,1007.2,2.0
2025-09-02 17:00:00,28.5,39.0,0.0,11.9,1007.3,1.0
2025-09-02 18:00:00,27.8,40.0,0.0,14.4,1007.5,1.0
2025-09-02 19:00:00,26.5,46.0,0.0,13.3,1007.7,1.0
2025-09-02 20:00:00,25.1,53.0,0.0,13.3,1008.6,2.0
2025-09-02 21:00:00,24.5,58.0,0.0,14.0,1009.0,3.0
2025-09-02 22:00:00,23.9,61.0,0.0,14.0,1008.9,1.0
2025-09-02 23:00:00,23.2,62.0,0.0,16.6,1009.3,0.0
2025-09-03 00:00:00,22.4,60.0,0.0,18.4,1009.6,0.0
2025-09-03 01:00:00,21.6,59.0,0.0,18.7,1010.1,0.0
2025-09-03 02:00:00,20.8,61.0,0.0,18.4,1010.0,0.0
2025-09-03 03:00:00,20.1,63.0,0.0,19.4,1010.2,0.0
2025-09-03 04:00:00,19.5,65.0,0.0,19.4,1010.4,0.0
2025-09-03 05:00:00,19.0,68.0,0.0,18.7,1010.6,0.0
2025-09-03 06:00:00,18.5,70.0,0.0,18.0,1011.1,0.0
2025-09-03 07:00:00,18.7,69.0,0.0,17.6,1011.6,0.0
2025-09-03 08:00:00,19.7,64.0,0.0,19.8,1012.0,0.0
2025-09-03 09:00:00,21.1,58.0,0.0,18.7,1012.3,0.0
2025-09-03 10:00:00,23.0,51.0,0.0,16.9,1012.4,0.0
2025-09-03 11:00:00,24.9,45.0,0.0,15.8,1012.3,0.0
2025-09-03 12:00:00,26.0,41.0,0.0,14.8,1012.6,0.0
2025-09-03 13:00:00,26.9,36.0,0.0,15.1,1012.8,0.0
2025-09-03 14:00:00,27.4,32.0,0.0,16.2,1012.8,0.0
2025-09-03 15:00:00,27.3,32.0,0.0,18.0,1012.6,0.0
2025-09-03 16:00:00,27.1,31.0,0.0,18.0,1012.3,0.0
2025-09-03 17:00:00,26.7,32.0,0.0,16.9,1012.7,0.0
2025-09-03 18:00:00,25.5,36.0,0.0,17.3,1012.7,0.0
2025-09-03 19:00:00,23.8,43.0,0.0,14.0,1013.1,0.0
2025-09-03 20:00:00,22.3,52.0,0.0,13.7,1013.8,0.0
2025-09-03 21:00:00,21.3,57.0,0.0,14.8,1014.2,0.0
2025-09-03 22:00:00,20.4,62.0,0.0,12.6,1014.5,0.0
2025-09-03 23:00:00,19.6,66.0,0.0,12.6,1015.0,0.0
2025-09-04 00:00:00,19.0,69.0,0.0,14.0,1015.1,0.0
2025-09-04 01:00:00,18.4,71.0,0.0,14.4,1015.2,0.0
2025-09-04 02:00:00,17.8,73.0,0.0,14.4,1015.4,0.0
2025-09-04 03:00:00,17.1,76.0,0.0,14.4,1015.6,0.0
2025-09-04 04:00:00,16.6,78.0,0.0,14.0,1015.7,0.0
2025-09-04 05:00:00,16.1,79.0,0.0,13.7,1016.0,0.0
2025-09-04 06:00:00,15.6,82.0,0.0,13.3,1016.3,0.0
2025-09-04 07:00:00,16.2,78.0,0.0,13.7,1016.6,0.0
2025-09-04 08:00:00,17.6,71.0,0.0,13.0,1016.7,0.0
2025-09-04 09:00:00,19.4,63.0,0.0,14.0,1016.8,0.0
2025-09-04 10:00:00,21.1,55.0,0.0,15.5,1016.8,0.0
2025-09-04 11:00:00,22.5,49.0,0.0,14.8,1016.9,0.0
2025-09-04 12:00:00,23.7,44.0,0.0,13.7,1016.9,0.0
2025-09-04 13:00:00,24.5,39.0,0.0,14.0,1016.7,0.0
2025-09-04 14:00:00,25.2,37.0,0.0,14.0,1016.5,0.0
2025-09-04 15:00:00,25.6,36.0,0.0,14.8,1016.2,0.0
2025-09-04 16:00:00,25.6,36.0,0.0,15.5,1015.9,0.0
2025-09-04 17:00:00,25.1,37.0,0.0,16.6,1015.9,0.0
2025-09-04 18:00:00,24.1,41.0,0.0,16.9,1016.0,0.0
2025-09-04 19:00:00,22.5,47.0,0.0,13.7,1016.4,0.0
2025-09-04 20:00:00,21.1,54.0,0.0,13.7,1016.8,0.0
2025-09-04 21:00:00,20.2,59.0,0.0,13.7,1017.3,0.0
2025-09-04 22:00:00,19.2,63.0,0.0,14.8,1017.6,0.0
2025-09-04 23:00:00,18.7,60.0,0.0,13.7,1017.6,0.0
2025-09-05 00:00:00,17.9,63.0,0.0,13.3,1017.8,0.0
2025-09-05 01:00:00,17.0,66.0,0.0,11.9,1017.9,0.0
2025-09-05 02:00:00,16.3,68.0,0.0,11.5,1018.1,0.0
2025-09-05 03:00:00,15.7,69.0,0.0,11.9,1017.9,0.0
2025-09-05 04:00:00,15.0,70.0,0.0,11.5,1018.2,0.0
2025-09-05 05:00:00,14.5,73.0,0.0,11.9,1018.1,0.0
2025-09-05 06:00:00,14.0,76.0,0.0,12.2,1018.3,0.0
2025-09-05 07:00:00,14.7,73.0,0.0,13.3,1018.5,0.0
2025-09-05 08:00:00,16.2,65.0,0.0,12.6,1019.0,0.0
2025-09-05 09:00:00,18.2,57.0,0.0,12.6,1019.4,0.0
2025-09-05 10:00:00,20.1,49.0,0.0,13.3,1019.4,0.0
2025-09-05 11:00:00,21.4,44.0,0.0,12.6,1019.3,0.0
2025-09-05 12:00:00,22.3,42.0,0.0,12.2,1019.0,0.0
2025-09-05 13:00:00,23.1,40.0,0.0,12.2,1018.9,0.0
2025-09-05 14:00:00,24.1,36.0,0.0,11.9,1018.5,0.0
2025-09-05 15:00:00,24.4,35.0,0.0,12.2,1017.9,0.0
2025-09-05 16:00:00,24.4,35.0,0.0,13.3,1017.6,0.0
2025-09-05 17:00:00,24.0,36.0,0.0,14.4,1017.5,0.0
2025-09-05 18:00:00,23.2,38.0,0.0,15.1,1017.4,0.0
2025-09-05 19:00:00,21.2,43.0,0.0,13.0,1017.8,0.0
2025-09-05 20:00:00,19.7,49.0,0.0,11.2,1018.5,0.0
2025-09-05 21:00:00,18.4,55.0,0.0,9.0,1018.9,0.0
2025-09-05 22:00:00,17.6,60.0,0.0,6.8,1019.0,0.0
2025-09-05 23:00:00,17.0,66.0,0.0,7.6,1019.0,0.0
2025-09-06 00:00:00,16.7,69.0,0.0,9.4,1019.2,0.0
2025-09-06 01:00:00,16.4,70.0,0.0,11.2,1019.3,0.0
2025-09-06 02:00:00,16.1,69.0,0.0,10.4,1019.5,0.0
2025-09-06 03:00:00,15.7,70.0,0.0,11.2,1019.5,0.0
2025-09-06 04:00:00,15.2,73.0,0.0,10.8,1019.4,0.0
2025-09-06 05:00:00,14.4,76.0,0.0,10.1,1019.2,0.0
2025-09-06 06:00:00,14.0,79.0,0.0,10.1,1019.4,0.0
2025-09-06 07:00:00,15.2,75.0,0.0,12.2,1019.8,0.0
2025-09-06 08:00:00,17.1,66.0,0.0,10.8,1020.1,0.0
2025-09-06 09:00:00,19.2,55.0,0.0,14.8,1020.1,0.0
2025-09-06 10:00:00,21.1,44.0,0.0,20.2,1020.1,5.0
2025-09-06 11:00:00,22.3,40.0,0.0,19.4,1019.7,4.0
2025-09-06 12:00:00,23.2,37.0,0.0,17.6,1019.2,1.0
2025-09-06 13:00:00,23.9,36.0,0.0,15.8,1018.8,0.0
2025-09-06 14:00:00,24.7,35.0,0.0,14.4,1018.6,0.0
2025-09-06 15:00:00,25.1,34.0,0.0,14.4,1018.0,0.0
2025-09-06 16:00:00,25.2,34.0,0.0,15.1,1017.8,0.0
2025-09-06 17:00:00,25.0,34.0,0.0,15.8,1017.6,0.0
2025-09-06 18:00:00,24.5,35.0,0.0,15.1,1017.3,0.0
2025-09-06 19:00:00,23.1,39.0,0.0,13.7,1017.5,1.0
2025-09-06 20:00:00,21.5,45.0,0.0,13.7,1018.5,1.0
2025-09-06 21:00:00,20.8,49.0,0.0,14.8,1018.7,1.0
2025-09-06 22:00:00,19.9,53.0,0.0,15.1,1018.9,1.0
2025-09-06 23:00:00,18.9,57.0,0.0,14.0,1019.0,0.0
2025-09-07 00:00:00,18.0,61.0,0.0,13.7,1018.9,0.0
2025-09-07 01:00:00,17.4,62.0,0.0,13.3,1019.0,0.0
2025-09-07 02:00:00,17.0,61.0,0.0,13.0,1019.0,0.0
2025-09-07 03:00:00,16.4,62.0,0.0,12.6,1019.1,0.0
2025-09-07 04:00:00,16.0,63.0,0.0,12.6,1019.0,0.0
2025-09-07 05:00:00,15.6,66.0,0.0,12.2,1018.8,0.0
2025-09-07 06:00:00,15.3,68.0,0.0,12.6,1019.1,0.0
2025-09-07 07:00:00,15.8,66.0,0.0,15.1,1019.2,0.0
2025-09-07 08:00:00,17.5,60.0,0.0,14.8,1019.5,0.0
2025-09-07 09:00:00,19.4,54.0,0.0,15.1,1019.2,0.0
2025-09-07 10:00:00,21.3,48.0,0.0,16.6,1019.2,0.0
2025-09-07 11:00:00,22.9,43.0,0.0,19.4,1018.9,1.0
2025-09-07 12:00:00,24.9,36.0,0.0,19.8,1018.4,7.0
2025-09-07 13:00:00,25.6,34.0,0.0,19.4,1018.0,5.0
2025-09-07 14:00:00,26.5,30.0,0.0,18.7,1017.6,4.0
2025-09-07 15:00:00,26.8,29.0,0.0,20.2,1016.9,2.0
2025-09-07 16:00:00,26.4,32.0,0.0,20.9,1016.9,0.0
2025-09-07 17:00:00,26.3,31.0,0.0,22.3,1016.5,7.0
2025-09-07 18:00:00,25.9,33.0,0.0,19.1,1016.5,1.0
2025-09-07 19:00:00,24.2,38.0,0.0,14.8,1016.8,1.0
2025-09-07 20:00:00,22.4,45.0,0.0,15.1,1017.4,2.0
2025-09-07 21:00:00,21.6,51.0,0.0,16.2,1017.8,2.0
2025-09-07 22:00:00,20.9,54.0,0.0,16.9,1018.0,0.0
2025-09-07 23:00:00,20.1,57.0,0.0,14.8,1017.9,0.0
2025-09-08 00:00:00,19.4,61.0,0.0,15.5,1017.8,0.0
2025-09-08 01:00:00,18.8,64.0,0.0,15.8,1017.5,0.0
2025-09-08 02:00:00,18.3,65.0,0.0,14.4,1017.4,0.0
2025-09-08 03:00:00,18.4,64.0,0.0,13.3,1017.2,0.0
2025-09-08 04:00:00,18.0,68.0,0.0,13.3,1017.1,0.0
2025-09-08 05:00:00,17.6,71.0,0.0,14.0,1017.0,0.0
2025-09-08 06:00:00,17.2,74.0,0.0,13.7,1017.0,0.0
2025-09-08 07:00:00,17.8,71.0,0.0,15.1,1017.3,0.0
2025-09-08 08:00:00,19.3,66.0,0.0,14.8,1017.4,0.0
2025-09-08 09:00:00,21.4,58.0,0.0,15.1,1017.5,0.0
2025-09-08 10:00:00,23.6,50.0,0.0,15.1,1017.3,1.0
2025-09-08 11:00:00,25.3,45.0,0.0,16.2,1016.9,1.0
2025-09-08 12:00:00,26.6,40.0,0.0,18.4,1016.7,2.0
2025-09-08 13:00:00,27.5,38.0,0.0,17.6,1016.3,1.0
2025-09-08 14:00:00,28.0,35.0,0.0,17.3,1015.7,1.0
2025-09-08 15:00:00,28.1,35.0,0.0,16.6,1015.3,2.0
2025-09-08 16:00:00,27.7,35.0,0.0,15.8,1015.4,3.0
2025-09-08 17:00:00,25.6,43.0,0.7,16.2,1015.4,6.0
2025-09-08 18:00:00,25.1,41.0,0.0,18.0,1015.2,3.0
2025-09-08 19:00:00,23.6,48.0,0.0,12.2,1015.7,2.0
2025-09-08 20:00:00,21.2,61.0,0.5,8.6,1016.7,6.0
2025-09-08 21:00:00,19.4,76.0,0.9,14.8,1017.1,3.0
2025-09-08 22:00:00,18.6,79.0,0.0,12.6,1016.9,2.0
2025-09-08 23:00:00,18.5,76.0,0.0,14.4,1016.7,2.0
2025-09-09 00:00:00,18.3,78.0,0.2,15.5,1016.7,3.0
2025-09-09 01:00:00,17.8,81.0,0.1,18.4,1016.6,6.0
2025-09-09 02:00:00,18.1,79.0,0.0,17.6,1016.0,4.0
2025-09-09 03:00:00,17.8,79.0,0.0,17.3,1015.8,3.0
2025-09-09 04:00:00,17.6,78.0,0.0,15.8,1015.7,8.0
2025-09-09 05:00:00,17.6,76.0,0.0,14.8,1015.6,8.0
2025-09-09 06:00:00,17.5,74.0,0.0,14.8,1015.6,8.0
2025-09-09 07:00:00,18.0,71.0,0.0,15.1,1015.6,8.0
2025-09-09 08:00:00,19.4,66.0,0.0,13.3,1016.2,8.0
2025-09-09 09:00:00,21.6,56.0,0.0,14.8,1016.1,8.0
2025-09-09 10:00:00,23.3,51.0,0.0,14.8,1016.2,8.0
2025-09-09 11:00:00,25.0,46.0,0.0,14.0,1016.1,4.0
2025-09-09 12:00:00,26.3,43.0,0.0,22.0,1015.9,6.0
2025-09-09 13:00:00,25.1,38.0,0.4,24.8,1016.4,8.0
2025-09-09 14:00:00,27.7,30.0,0.2,20.9,1015.2,8.0
2025-09-09 15:00:00,26.8,31.0,0.0,22.0,1015.2,8.0
2025-09-09 16:00:00,27.6,28.0,0.0,26.3,1015.2,8.0
2025-09-09 17:00:00,25.6,33.0,0.0,28.1,1015.8,8.0
2025-09-09 18:00:00,24.9,36.0,0.0,19.8,1015.9,8.0
2025-09-09 19:00:00,22.5,42.0,0.0,23.4,1016.2,8.0
2025-09-09 20:00:00,21.4,49.0,0.0,15.1,1017.2,8.0
2025-09-09 21:00:00,20.0,64.0,0.3,10.4,1017.6,8.0
2025-09-09 22:00:00,18.6,76.0,0.4,3.2,1018.2,8.0
2025-09-09 23:00:00,17.9,91.0,0.4,3.6,1018.5,8.0
2025-09-10 00:00:00,17.7,86.0,0.7,12.6,1018.6,8.0
2025-09-10 01:00:00,17.2,85.0,0.4,10.8,1018.6,8.0
2025-09-10 02:00:00,16.8,90.0,0.9,14.0,1018.7,8.0
2025-09-10 03:00:00,16.6,89.0,0.5,16.2,1018.3,8.0
2025-09-10 04:00:00,16.7,88.0,0.0,15.5,1018.2,8.0
2025-09-10 05:00:00,17.4,81.0,0.0,18.4,1018.1,8.0
2025-09-10 06:00:00,17.4,79.0,0.3,20.5,1018.1,8.0
2025-09-10 07:00:00,17.6,77.0,0.0,20.5,1018.3,8.0
2025-09-10 08:00:00,18.6,73.0,0.0,17.3,1018.4,8.0
2025-09-10 09:00:00,19.6,70.0,0.0,18.4,1018.5,8.0
2025-09-10 10:00:00,21.6,60.0,0.0,21.6,1018.8,8.0
2025-09-10 11:00:00,22.5,54.0,0.0,22.0,1018.7,8.0
2025-09-10 12:00:00,23.7,48.0,0.0,21.2,1018.6,8.0
2025-09-10 13:00:00,23.9,46.0,0.0,22.0,1018.7,8.0
2025-09-10 14:00:00,24.1,44.0,0.0,23.0,1018.6,7.0
2025-09-10 15:00:00,25.2,39.0,0.0,24.1,1018.4,8.0
2025-09-10 16:00:00,26.1,35.0,0.0,22.7,1018.1,8.0
2025-09-10 17:00:00,25.5,36.0,0.0,22.3,1018.2,7.0
2025-09-10 18:00:00,24.7,38.0,0.0,19.8,1018.4,7.0
2025-09-10 19:00:00,23.2,42.0,0.0,16.9,1018.7,6.0
2025-09-10 20:00:00,21.7,46.0,0.0,18.7,1019.6,1.0
2025-09-10 21:00:00,20.7,49.0,0.0,18.4,1020.1,1.0
2025-09-10 22:00:00,20.2,47.0,0.0,19.1,1020.3,0.0
2025-09-10 23:00:00,19.3,45.0,0.0,19.1,1020.9,0.0
2025-09-11 00:00:00,18.3,44.0,0.0,18.4,1021.1,0.0
2025-09-11 01:00:00,17.8,49.0,0.0,15.1,1021.3,1.0
2025-09-11 02:00:00,17.0,50.0,0.0,15.1,1021.4,0.0
2025-09-11 03:00:00,16.3,53.0,0.0,13.7,1021.7,0.0
2025-09-11 04:00:00,15.7,56.0,0.0,13.3,1021.7,0.0
2025-09-11 05:00:00,15.2,58.0,0.0,14.0,1021.7,1.0
2025-09-11 06:00:00,14.6,59.0,0.0,15.5,1021.8,4.0
2025-09-11 07:00:00,14.8,59.0,0.0,17.3,1022.0,8.0
2025-09-11 08:00:00,16.0,54.0,0.0,16.6,1022.2,0.0
2025-09-11 09:00:00,17.6,47.0,0.0,17.6,1022.2,0.0
2025-09-11 10:00:00,19.5,42.0,0.0,17.3,1022.5,0.0
2025-09-11 11:00:00,21.2,37.0,0.0,17.3,1022.3,0.0
2025-09-11 12:00:00,22.8,33.0,0.0,17.6,1022.2,0.0
2025-09-11 13:00:00,23.7,32.0,0.0,18.0,1022.0,0.0
2025-09-11 14:00:00,24.2,31.0,0.0,18.4,1021.6,0.0
2025-09-11 15:00:00,24.3,29.0,0.0,17.6,1021.2,0.0
2025-09-11 16:00:00,24.4,26.0,0.0,17.6,1021.2,0.0
2025-09-11 17:00:00,23.9,27.0,0.0,16.6,1021.2,0.0
2025-09-11 18:00:00,22.7,31.0,0.0,13.3,1021.3,0.0
2025-09-11 19:00:00,19.7,41.0,0.0,12.6,1021.5,0.0
2025-09-11 20:00:00,18.4,43.0,0.0,14.4,1021.9,0.0
2025-09-11 21:00:00,17.8,43.0,0.0,13.0,1022.2,0.0
2025-09-11 22:00:00,17.2,44.0,0.0,13.0,1022.1,0.0
2025-09-11 23:00:00,16.6,45.0,0.0,13.0,1022.4,0.0
2025-09-12 00:00:00,15.7,48.0,0.0,13.0,1022.5,0.0
2025-09-12 01:00:00,14.9,51.0,0.0,12.6,1022.3,0.0
2025-09-12 02:00:00,14.2,52.0,0.0,10.8,1022.0,0.0
2025-09-12 03:00:00,13.6,55.0,0.0,11.9,1022.1,0.0
2025-09-12 04:00:00,13.0,57.0,0.0,11.9,1022.0,0.0
2025-09-12 05:00:00,12.5,60.0,0.0,10.8,1022.4,0.0
2025-09-12 06:00:00,12.0,63.0,0.0,10.4,1022.6,0.0
2025-09-12 07:00:00,13.0,60.0,0.0,11.9,1023.0,0.0
2025-09-12 08:00:00,15.1,54.0,0.0,11.9,1023.2,0.0
2025-09-12 09:00:00,17.4,45.0,0.0,12.6,1023.1,0.0
2025-09-12 10:00:00,20.1,37.0,0.0,13.7,1023.2,0.0
2025-09-12 11:00:00,21.9,29.0,0.0,16.9,1023.1,0.0
2025-09-12 12:00:00,22.6,27.0,0.0,19.1,1023.0,0.0
2025-09-12 13:00:00,23.5,26.0,0.0,17.6,1022.8,0.0
2025-09-12 14:00:00,24.2,26.0,0.0,15.8,1022.5,0.0
2025-09-12 15:00:00,24.6,26.0,0.0,14.0,1022.4,0.0
2025-09-12 16:00:00,24.6,26.0,0.0,13.3,1022.0,0.0
2025-09-12 17:00:00,24.7,25.0,0.0,12.2,1021.9,0.0
2025-09-12 18:00:00,23.6,28.0,0.0,9.7,1022.1,0.0
2025-09-12 19:00:00,20.3,36.0,0.0,8.3,1022.2,0.0
2025-09-12 20:00:00,19.3,40.0,0.0,10.1,1023.1,0.0
2025-09-12 21:00:00,18.7,46.0,0.0,12.2,1023.6,0.0
2025-09-12 22:00:00,18.7,44.0,0.0,16.2,1023.7,0.0
2025-09-12 23:00:00,18.2,45.0,0.0,15.5,1024.0,0.0
2025-09-13 00:00:00,17.6,48.0,0.0,15.8,1024.2,0.0
2025-09-13 01:00:00,17.0,52.0,0.0,16.2,1024.6,0.0
2025-09-13 02:00:00,16.2,57.0,0.0,14.4,1024.9,0.0
2025-09-13 03:00:00,15.3,61.0,0.0,12.6,1025.2,0.0
2025-09-13 04:00:00,14.5,65.0,0.0,11.5,1025.5,0.0
2025-09-13 05:00:00,13.8,67.0,0.0,10.8,1025.8,0.0
2025-09-13 06:00:00,13.4,68.0,0.0,11.5,1026.3,0.0
2025-09-13 07:00:00,13.8,63.0,0.0,12.2,1026.8,0.0
2025-09-13 08:00:00,15.2,57.0,0.0,12.2,1027.6,0.0
2025-09-13 09:00:00,16.8,48.0,0.0,15.1,1028.3,0.0
2025-09-13 10:00:00,18.5,41.0,0.0,17.3,1028.5,0.0
2025-09-13 11:00:00,19.7,36.0,0.0,18.0,1028.4,0.0
2025-09-13 12:00:00,20.5,33.0,0.0,16.9,1028.3,0.0
2025-09-13 13:00:00,21.2,29.0,0.0,15.8,1028.4,3.0
2025-09-13 14:00:00,21.6,27.0,0.0,16.2,1028.1,2.0
2025-09-13 15:00:00,21.9,26.0,0.0,16.2,1027.9,1.0
2025-09-13 16:00:00,21.7,26.0,0.0,17.6,1027.9,0.0
2025-09-13 17:00:00,21.0,29.0,0.0,19.4,1028.1,0.0
2025-09-13 18:00:00,20.1,32.0,0.0,17.3,1028.2,0.0
2025-09-13 19:00:00,18.3,37.0,0.0,11.5,1028.4,6.0
2025-09-13 20:00:00,17.2,40.0,0.0,11.5,1028.9,8.0
2025-09-13 21:00:00,16.3,44.0,0.0,10.4,1029.1,8.0
2025-09-13 22:00:00,15.9,45.0,0.0,13.0,1029.0,8.0
2025-09-13 23:00:00,15.4,47.0,0.0,13.3,1029.1,8.0
2025-09-14 00:00:00,15.2,47.0,0.0,13.7,1029.2,8.0
2025-09-14 01:00:00,14.7,48.0,0.0,13.3,1029.0,6.0
2025-09-14 02:00:00,13.6,52.0,0.0,12.2,1029.0,0.0
2025-09-14 03:00:00,12.9,56.0,0.0,11.9,1029.1,1.0
2025-09-14 04:00:00,12.2,60.0,0.0,12.2,1029.3,1.0
2025-09-14 05:00:00,11.8,62.0,0.0,13.3,1029.2,2.0
2025-09-14 06:00:00,11.6,63.0,0.0,13.3,1029.0,3.0
2025-09-14 07:00:00,12.3,60.0,0.0,15.1,1029.1,0.0
2025-09-14 08:00:00,14.3,54.0,0.0,13.7,1029.1,0.0
2025-09-14 09:00:00,16.5,46.0,0.0,16.9,1028.9,1.0
2025-09-14 10:00:00,18.7,41.0,0.0,19.1,1028.4,2.0
2025-09-14 11:00:00,20.5,40.0,0.0,20.9,1027.9,4.0
2025-09-14 12:00:00,21.8,37.0,0.0,22.7,1027.3,6.0
2025-09-14 13:00:00,22.8,35.0,0.0,22.3,1026.8,4.0
2025-09-14 14:00:00,23.5,33.0,0.0,19.4,1026.4,2.0
2025-09-14 15:00:00,24.1,31.0,0.0,18.4,1025.8,2.0
2025-09-14 16:00:00,24.1,31.0,0.0,18.4,1025.2,2.0
2025-09-14 17:00:00,23.7,32.0,0.0,19.1,1024.9,1.0
2025-09-14 18:00:00,22.7,34.0,0.0,16.6,1024.6,1.0
2025-09-14 19:00:00,20.8,36.0,0.0,15.5,1024.4,0.0
2025-09-14 20:00:00,19.7,40.0,0.0,16.9,1024.7,0.0
2025-09-14 21:00:00,19.1,42.0,0.0,17.6,1024.8,0.0
2025-09-14 22:00:00,18.8,42.0,0.0,19.1,1024.7,0.0
2025-09-14 23:00:00,18.3,43.0,0.0,20.2,1024.7,0.0
2025-09-15 00:00:00,17.7,44.0,0.0,17.3,1024.2,0.0
2025-09-15 01:00:00,16.6,48.0,0.0,14.4,1024.1,0.0
2025-09-15 02:00:00,15.9,51.0,0.0,14.8,1023.8,0.0
2025-09-15 03:00:00,15.3,53.0,0.0,15.5,1023.7,0.0
2025-09-15 04:00:00,14.9,55.0,0.0,15.8,1023.5,0.0
2025-09-15 05:00:00,14.3,55.0,0.0,15.8,1023.2,0.0
2025-09-15 06:00:00,14.0,56.0,0.0,15.5,1023.4,0.0
2025-09-15 07:00:00,14.3,55.0,0.0,16.2,1023.2,0.0
2025-09-15 08:00:00,16.1,50.0,0.0,15.8,1023.4,0.0
2025-09-15 09:00:00,18.2,44.0,0.0,19.1,1023.2,0.0
2025-09-15 10:00:00,20.4,37.0,0.0,23.4,1023.1,0.0
2025-09-15 11:00:00,22.2,30.0,0.0,28.1,1022.5,0.0
2025-09-15 12:00:00,23.2,28.0,0.0,28.8,1022.0,0.0
2025-09-15 13:00:00,24.1,25.0,0.0,28.1,1021.6,1.0
2025-09-15 14:00:00,24.5,25.0,0.0,26.3,1020.9,5.0
2025-09-15 15:00:00,24.6,24.0,0.0,23.8,1020.3,7.0
2025-09-15 16:00:00,24.5,24.0,0.0,22.0,1020.1,8.0
2025-09-15 17:00:00,24.0,24.0,0.0,20.5,1020.0,8.0
2025-09-15 18:00:00,22.7,27.0,0.0,15.1,1019.7,8.0
2025-09-15 19:00:00,20.8,30.0,0.0,12.6,1019.7,8.0
2025-09-15 20:00:00,20.0,33.0,0.0,11.9,1020.1,8.0
2025-09-15 21:00:00,19.4,35.0,0.0,13.0,1020.2,8.0
2025-09-15 22:00:00,18.5,37.0,0.0,13.0,1020.0,8.0
2025-09-15 23:00:00,17.7,39.0,0.0,13.0,1019.9,8.0
2025-09-16 00:00:00,16.9,41.0,0.0,11.9,1019.9,8.0
2025-09-16 01:00:00,16.6,39.0,0.0,12.2,1019.4,8.0
2025-09-16 02:00:00,16.0,41.0,0.0,14.4,1019.3,8.0
2025-09-16 03:00:00,15.9,42.0,0.0,13.3,1019.4,8.0
2025-09-16 04:00:00,15.3,45.0,0.0,13.7,1019.6,8.0
2025-09-16 05:00:00,15.0,47.0,0.0,13.3,1019.6,8.0
2025-09-16 06:00:00,14.6,48.0,0.0,13.0,1019.7,8.0
2025-09-16 07:00:00,14.9,47.0,0.0,14.0,1019.8,8.0
2025-09-16 08:00:00,16.0,44.0,0.0,14.0,1019.8,8.0
2025-09-16 09:00:00,17.2,40.0,0.0,15.5,1020.0,8.0
2025-09-16 10:00:00,18.6,36.0,0.0,16.9,1019.7,8.0
2025-09-16 11:00:00,20.1,33.0,0.0,18.7,1019.7,8.0
2025-09-16 12:00:00,21.5,28.0,0.0,21.6,1019.1,8.0
2025-09-16 13:00:00,22.4,25.0,0.0,22.0,1018.9,8.0
2025-09-16 14:00:00,23.2,23.0,0.0,19.1,1018.8,2.0
2025-09-16 15:00:00,23.5,22.0,0.0,16.9,1018.5,0.0
2025-09-16 16:00:00,23.9,20.0,0.0,15.1,1018.2,0.0
2025-09-16 17:00:00,23.4,20.0,0.0,13.7,1017.9,0.0
2025-09-16 18:00:00,22.2,23.0,0.0,10.8,1017.9,0.0
2025-09-16 19:00:00,19.1,30.0,0.0,9.0,1017.8,0.0
2025-09-16 20:00:00,18.1,32.0,0.0,11.2,1018.1,0.0
2025-09-16 21:00:00,17.4,35.0,0.0,11.5,1018.3,0.0
2025-09-16 22:00:00,16.8,36.0,0.0,11.5,1018.3,0.0
2025-09-16 23:00:00,15.7,40.0,0.0,9.7,1018.3,0.0
2025-09-17 00:00:00,14.5,45.0,0.0,8.6,1017.9,0.0
2025-09-17 01:00:00,14.1,46.0,0.0,8.3,1017.7,0.0
2025-09-17 02:00:00,14.2,45.0,0.0,10.4,1017.5,1.0
2025-09-17 03:00:00,13.6,46.0,0.0,10.8,1017.7,7.0
2025-09-17 04:00:00,13.5,46.0,0.0,12.6,1017.5,8.0
2025-09-17 05:00:00,13.6,45.0,0.0,13.7,1017.5,5.0
2025-09-17 06:00:00,13.0,48.0,0.0,13.7,1017.3,0.0
2025-09-17 07:00:00,13.1,49.0,0.0,14.8,1017.4,6.0
2025-09-17 08:00:00,15.1,46.0,0.0,14.8,1017.2,6.0
2025-09-17 09:00:00,17.2,40.0,0.0,15.5,1017.2,0.0
2025-09-17 10:00:00,19.6,36.0,0.0,15.1,1017.0,0.0
2025-09-17 11:00:00,21.6,33.0,0.0,15.5,1016.6,6.0
2025-09-17 12:00:00,23.0,31.0,0.0,18.7,1015.6,0.0
2025-09-17 13:00:00,24.1,33.0,0.0,19.4,1015.0,0.0
2025-09-17 14:00:00,24.5,37.0,0.0,19.1,1014.6,2.0
2025-09-17 15:00:00,25.0,36.0,0.0,19.1,1013.7,8.0
2025-09-17 16:00:00,24.3,37.0,0.0,17.3,1013.1,8.0
2025-09-17 17:00:00,24.3,37.0,0.0,17.6,1012.5,8.0
2025-09-17 18:00:00,23.1,41.0,0.0,14.8,1012.4,8.0
2025-09-17 19:00:00,21.6,47.0,0.0,15.5,1012.4,8.0
2025-09-17 20:00:00,20.6,53.0,0.0,13.3,1012.5,8.0
2025-09-17 21:00:00,19.7,60.0,0.0,12.2,1012.4,8.0
2025-09-17 22:00:00,18.9,70.0,0.0,13.0,1012.2,8.0
2025-09-17 23:00:00,18.1,77.0,0.0,10.4,1011.8,8.0
2025-09-18 00:00:00,17.5,82.0,0.0,9.4,1011.3,8.0
2025-09-18 01:00:00,17.0,86.0,0.0,9.4,1010.8,8.0
2025-09-18 02:00:00,16.8,86.0,0.1,10.8,1010.8,8.0
2025-09-18 03:00:00,16.2,89.0,0.2,5.0,1010.4,8.0
2025-09-18 04:00:00,15.7,92.0,0.4,11.2,1010.1,8.0
2025-09-18 05:00:00,15.0,96.0,1.5,7.9,1010.0,8.0
2025-09-18 06:00:00,14.8,97.0,1.0,6.1,1009.9,8.0
2025-09-18 07:00:00,14.6,97.0,0.4,9.0,1009.8,8.0
2025-09-18 08:00:00,14.8,95.0,0.9,10.1,1009.6,8.0
2025-09-18 09:00:00,14.7,94.0,1.0,12.2,1009.7,8.0
2025-09-18 10:00:00,14.9,95.0,1.0,11.9,1009.6,8.0
2025-09-18 11:00:00,15.2,93.0,1.1,11.5,1009.6,8.0
2025-09-18 12:00:00,15.3,94.0,0.9,11.5,1009.7,8.0
2025-09-18 13:00:00,15.8,92.0,1.0,10.1,1008.8,8.0
2025-09-18 14:00:00,15.7,91.0,1.3,14.0,1008.8,8.0
2025-09-18 15:00:00,15.3,95.0,1.1,15.1,1009.0,8.0
2025-09-18 16:00:00,15.4,94.0,0.5,16.9,1009.5,8.0
2025-09-18 17:00:00,15.0,97.0,0.3,17.6,1010.0,8.0
2025-09-18 18:00:00,15.0,92.0,0.5,20.5,1010.8,8.0
2025-09-18 19:00:00,14.8,91.0,0.1,21.6,1011.5,8.0
2025-09-18 20:00:00,14.9,92.0,0.0,20.5,1012.3,8.0
2025-09-18 21:00:00,14.9,91.0,0.0,20.5,1012.9,8.0
2025-09-18 22:00:00,14.4,89.0,0.0,22.0,1013.4,4.0
2025-09-18 23:00:00,14.2,89.0,0.0,22.0,1014.2,8.0
2025-09-19 00:00:00,14.1,87.0,0.0,23.4,1014.3,8.0
2025-09-19 01:00:00,14.0,85.0,0.0,23.8,1014.4,4.0
2025-09-19 02:00:00,14.1,82.0,0.0,20.9,1014.2,1.0
2025-09-19 03:00:00,13.4,84.0,0.0,22.7,1014.8,1.0
2025-09-19 04:00:00,12.7,87.0,0.0,23.8,1015.4,0.0
2025-09-19 05:00:00,12.6,85.0,0.0,22.0,1015.8,1.0
2025-09-19 06:00:00,12.6,84.0,0.0,22.3,1016.3,0.0
2025-09-19 07:00:00,12.7,84.0,0.0,21.2,1016.9,0.0
2025-09-19 08:00:00,13.8,79.0,0.0,20.2,1017.3,0.0
2025-09-19 09:00:00,15.4,72.0,0.0,22.0,1017.8,0.0
2025-09-19 10:00:00,17.2,65.0,0.0,20.9,1018.1,0.0
2025-09-19 11:00:00,18.9,59.0,0.0,19.4,1018.5,1.0
2025-09-19 12:00:00,20.2,54.0,0.0,18.7,1018.3,1.0
2025-09-19 13:00:00,21.2,50.0,0.0,19.4,1018.2,1.0
2025-09-19 14:00:00,21.7,48.0,0.0,19.8,1017.8,3.0
2025-09-19 15:00:00,22.0,46.0,0.0,19.4,1018.0,2.0
2025-09-19 16:00:00,21.8,45.0,0.0,19.1,1018.0,1.0
2025-09-19 17:00:00,21.2,44.0,0.0,18.4,1018.3,0.0
2025-09-19 18:00:00,19.8,50.0,0.0,15.1,1018.8,3.0
2025-09-19 19:00:00,17.5,58.0,0.0,13.3,1019.2,7.0
2025-09-19 20:00:00,16.8,60.0,0.0,14.8,1020.0,7.0
2025-09-19 21:00:00,16.0,63.0,0.0,13.7,1020.7,0.0
2025-09-19 22:00:00,14.9,68.0,0.0,11.2,1020.6,0.0
2025-09-19 23:00:00,13.9,72.0,0.0,9.4,1020.7,0.0
2025-09-20 00:00:00,13.2,75.0,0.0,7.9,1020.3,0.0
2025-09-20 01:00:00,12.9,76.0,0.0,9.7,1020.3,0.0
2025-09-20 02:00:00,13.4,72.0,0.0,11.2,1020.1,5.0
2025-09-20 03:00:00,13.8,69.0,0.0,11.5,1019.7,4.0
2025-09-20 04:00:00,14.3,66.0,0.0,13.0,1019.6,5.0
2025-09-20 05:00:00,15.0,67.0,0.0,13.0,1019.6,7.0
2025-09-20 06:00:00,14.7,72.0,0.0,13.0,1019.5,1.0
2025-09-20 07:00:00,14.0,80.0,0.0,13.3,1019.5,1.0
2025-09-20 08:00:00,15.6,77.0,0.0,14.4,1019.9,1.0
2025-09-20 09:00:00,17.1,72.0,0.0,18.4,1019.8,4.0
2025-09-20 10:00:00,18.1,68.0,0.0,24.1,1020.1,8.0
2025-09-20 11:00:00,19.4,62.0,0.0,22.3,1019.8,3.0
2025-09-20 12:00:00,20.6,56.0,0.0,22.7,1019.8,1.0
2025-09-20 13:00:00,21.7,50.0,0.0,23.8,1019.7,1.0
2025-09-20 14:00:00,22.2,46.0,0.0,23.8,1019.5,0.0
2025-09-20 15:00:00,22.2,44.0,0.0,24.5,1019.4,1.0
2025-09-20 16:00:00,21.9,43.0,0.0,25.2,1019.7,2.0
2025-09-20 17:00:00,21.2,44.0,0.0,24.5,1020.1,2.0
2025-09-20 18:00:00,20.1,48.0,0.0,18.7,1020.4,4.0
2025-09-20 19:00:00,18.2,54.0,0.0,14.4,1020.6,4.0
2025-09-20 20:00:00,16.7,61.0,0.0,11.9,1021.6,5.0
2025-09-20 21:00:00,15.7,66.0,0.0,10.8,1022.0,8.0
2025-09-20 22:00:00,15.4,68.0,0.0,10.8,1022.7,8.0
2025-09-20 23:00:00,14.6,73.0,0.0,10.1,1023.3,2.0
2025-09-21 00:00:00,13.4,79.0,0.0,7.9,1023.3,1.0
2025-09-21 01:00:00,12.7,82.0,0.0,6.1,1023.4,0.0
2025-09-21 02:00:00,12.1,85.0,0.0,6.8,1023.5,0.0
2025-09-21 03:00:00,11.7,87.0,0.0,7.9,1023.8,0.0
2025-09-21 04:00:00,11.4,89.0,0.0,9.0,1024.1,0.0
2025-09-21 05:00:00,11.0,90.0,0.0,8.3,1024.3,0.0
2025-09-21 06:00:00,10.9,91.0,0.0,9.4,1024.6,0.0
2025-09-21 07:00:00,11.3,91.0,0.0,9.7,1024.8,0.0
2025-09-21 08:00:00,13.5,82.0,0.0,9.0,1025.3,0.0
2025-09-21 09:00:00,15.6,71.0,0.0,7.2,1025.5,0.0
2025-09-21 10:00:00,17.6,58.0,0.0,7.2,1025.7,0.0
2025-09-21 11:00:00,18.7,51.0,0.0,4.7,1025.7,0.0
2025-09-21 12:00:00,19.8,48.0,0.0,3.2,1025.4,0.0
2025-09-21 13:00:00,20.7,45.0,0.0,3.2,1025.3,0.0
2025-09-21 14:00:00,21.4,43.0,0.0,3.6,1025.0,0.0
2025-09-21 15:00:00,21.9,41.0,0.0,3.2,1024.6,0.0
2025-09-21 16:00:00,22.4,41.0,0.0,4.7,1024.6,0.0
2025-09-21 17:00:00,22.1,41.0,0.0,4.7,1024.3,0.0
2025-09-21 18:00:00,20.3,58.0,0.0,4.7,1024.2,0.0
2025-09-21 19:00:00,16.9,65.0,0.0,7.6,1024.2,0.0
2025-09-21 20:00:00,15.9,73.0,0.0,7.2,1024.7,0.0
2025-09-21 21:00:00,14.9,78.0,0.0,6.8,1025.0,0.0
2025-09-21 22:00:00,14.3,81.0,0.0,6.8,1024.9,0.0
2025-09-21 23:00:00,13.7,84.0,0.0,6.5,1024.9,0.0
2025-09-22 00:00:00,13.3,86.0,0.0,6.1,1024.5,0.0
2025-09-22 01:00:00,12.9,87.0,0.0,6.5,1024.5,0.0
2025-09-22 02:00:00,13.2,79.0,0.0,6.8,1024.3,0.0
2025-09-22 03:00:00,12.8,81.0,0.0,6.8,1024.2,0.0
2025-09-22 04:00:00,12.3,85.0,0.0,6.5,1024.3,0.0
2025-09-22 05:00:00,11.7,87.0,0.0,6.1,1024.1,0.0
2025-09-22 06:00:00,11.3,89.0,0.0,5.8,1023.9,0.0
2025-09-22 07:00:00,11.6,87.0,0.0,5.4,1023.9,0.0
2025-09-22 08:00:00,14.4,79.0,0.0,6.1,1024.2,0.0
2025-09-22 09:00:00,18.1,66.0,0.0,3.2,1024.6,0.0
2025-09-22 10:00:00,21.1,50.0,0.0,3.6,1024.8,0.0
2025-09-22 11:00:00,23.1,40.0,0.0,5.4,1024.6,0.0
2025-09-22 12:00:00,24.0,38.0,0.0,9.4,1024.2,0.0
2025-09-22 13:00:00,24.8,35.0,0.0,10.1,1024.0,0.0
2025-09-22 14:00:00,25.2,32.0,0.0,9.4,1023.5,0.0
2025-09-22 15:00:00,25.4,30.0,0.0,7.9,1023.2,0.0
2025-09-22 16:00:00,25.3,30.0,0.0,6.8,1022.9,0.0
2025-09-22 17:00:00,24.7,31.0,0.0,5.8,1022.7,0.0
2025-09-22 18:00:00,22.3,47.0,0.0,4.7,1022.4,0.0
2025-09-22 19:00:00,19.5,51.0,0.0,5.8,1022.7,0.0
2025-09-22 20:00:00,18.1,57.0,0.0,4.7,1022.8,0.0
2025-09-22 21:00:00,17.2,62.0,0.0,4.0,1022.8,0.0
2025-09-22 22:00:00,17.0,62.0,0.0,7.6,1022.2,0.0
2025-09-22 23:00:00,16.5,79.0,0.0,8.6,1022.3,0.0
2025-09-23 00:00:00,16.0,79.0,0.0,8.6,1022.1,0.0
2025-09-23 01:00:00,15.1,78.0,0.0,7.9,1022.0,0.0
2025-09-23 02:00:00,14.0,79.0,0.0,6.8,1022.0,0.0
2025-09-23 03:00:00,13.3,82.0,0.0,6.1,1021.8,0.0
2025-09-23 04:00:00,12.9,82.0,0.0,4.7,1021.6,0.0
2025-09-23 05:00:00,12.4,84.0,0.0,2.9,1021.6,0.0
2025-09-23 06:00:00,12.1,85.0,0.0,1.1,1021.7,0.0
2025-09-23 07:00:00,12.4,86.0,0.0,2.5,1021.6,0.0
2025-09-23 08:00:00,14.6,78.0,0.0,2.9,1021.3,0.0
2025-09-23 09:00:00,18.5,59.0,0.0,3.2,1021.5,0.0
2025-09-23 10:00:00,21.1,50.0,0.0,5.0,1021.6,0.0
2025-09-23 11:00:00,23.2,41.0,0.0,7.2,1021.1,0.0
2025-09-23 12:00:00,24.6,35.0,0.0,9.7,1020.7,0.0
2025-09-23 13:00:00,25.7,30.0,0.0,11.5,1020.4,0.0
2025-09-23 14:00:00,26.1,28.0,0.0,11.5,1019.9,0.0
2025-09-23 15:00:00,26.3,28.0,0.0,10.4,1019.5,0.0
2025-09-23 16:00:00,26.1,29.0,0.0,9.7,1019.0,0.0
2025-09-23 17:00:00,25.5,31.0,0.0,8.3,1018.6,0.0
2025-09-23 18:00:00,23.2,45.0,0.0,4.3,1018.0,0.0
2025-09-23 19:00:00,21.0,47.0,0.0,2.9,1017.9,0.0
2025-09-23 20:00:00,20.2,51.0,0.0,1.4,1018.1,0.0
2025-09-23 21:00:00,19.0,52.0,0.0,7.2,1017.9,0.0
2025-09-23 22:00:00,17.6,65.0,0.0,8.6,1018.2,0.0
2025-09-23 23:00:00,16.5,74.0,0.0,7.2,1018.0,0.0
2025-09-24 00:00:00,15.6,78.0,0.0,6.1,1017.7,0.0
2025-09-24 01:00:00,14.8,81.0,0.0,5.8,1017.4,0.0
2025-09-24 02:00:00,14.0,83.0,0.0,5.4,1017.3,0.0
2025-09-24 03:00:00,13.6,84.0,0.0,4.7,1017.1,0.0
2025-09-24 04:00:00,13.1,83.0,0.0,3.6,1017.0,0.0
2025-09-24 05:00:00,12.8,84.0,0.0,1.4,1016.7,0.0
2025-09-24 06:00:00,12.6,85.0,0.0,1.1,1016.4,0.0
2025-09-24 07:00:00,12.9,85.0,0.0,2.2,1016.2,0.0
2025-09-24 08:00:00,15.4,77.0,0.0,4.3,1016.3,0.0
2025-09-24 09:00:00,19.2,61.0,0.0,2.5,1016.4,0.0
2025-09-24 10:00:00,22.1,48.0,0.0,3.2,1016.4,0.0
2025-09-24 11:00:00,24.3,40.0,0.0,2.9,1016.4,4.0
2025-09-24 12:00:00,25.7,35.0,0.0,3.2,1015.8,6.0
2025-09-24 13:00:00,26.5,31.0,0.0,3.6,1015.6,4.0
2025-09-24 14:00:00,27.0,29.0,0.0,5.0,1015.1,0.0
2025-09-24 15:00:00,27.3,28.0,0.0,6.5,1014.3,5.0
2025-09-24 16:00:00,27.1,29.0,0.0,9.4,1014.0,0.0
2025-09-24 17:00:00,26.4,32.0,0.0,14.4,1013.8,0.0
2025-09-24 18:00:00,23.9,42.0,0.0,19.1,1013.9,3.0
2025-09-24 19:00:00,21.6,53.0,0.0,23.4,1014.3,7.0
2025-09-24 20:00:00,19.4,63.0,0.0,27.4,1015.3,7.0
2025-09-24 21:00:00,17.2,67.0,0.0,26.3,1016.0,7.0
2025-09-24 22:00:00,15.8,69.0,0.0,26.3,1016.6,1.0
2025-09-24 23:00:00,14.7,71.0,0.0,26.6,1017.2,8.0
2025-09-25 00:00:00,14.0,67.0,0.0,27.4,1017.6,6.0
2025-09-25 01:00:00,13.6,62.0,0.0,26.3,1017.8,6.0
2025-09-25 02:00:00,13.2,59.0,0.0,24.8,1018.3,2.0
2025-09-25 03:00:00,12.7,61.0,0.0,23.8,1018.4,1.0
2025-09-25 04:00:00,12.4,65.0,0.0,21.6,1018.8,3.0
2025-09-25 05:00:00,12.1,66.0,0.0,23.0,1019.3,8.0
2025-09-25 06:00:00,12.5,63.0,0.0,24.1,1019.4,8.0
2025-09-25 07:00:00,12.4,62.0,0.0,23.4,1019.9,8.0
2025-09-25 08:00:00,12.3,61.0,0.0,24.8,1020.8,8.0
2025-09-25 09:00:00,12.1,61.0,0.0,24.8,1021.5,8.0
2025-09-25 10:00:00,12.2,57.0,0.0,24.1,1022.0,8.0
2025-09-25 11:00:00,12.5,55.0,0.0,24.1,1022.3,8.0
2025-09-25 12:00:00,12.9,52.0,0.0,23.0,1022.6,8.0
2025-09-25 13:00:00,13.6,47.0,0.0,22.0,1022.7,8.0
2025-09-25 14:00:00,14.5,41.0,0.0,20.9,1022.5,2.0
2025-09-25 15:00:00,16.6,32.0,0.0,22.0,1022.2,0.0
2025-09-25 16:00:00,16.6,30.0,0.0,22.0,1022.4,0.0
2025-09-25 17:00:00,15.9,31.0,0.0,22.7,1022.6,0.0
2025-09-25 18:00:00,14.7,35.0,0.0,19.1,1023.2,0.0
2025-09-25 19:00:00,13.4,39.0,0.0,16.9,1024.1,0.0
2025-09-25 20:00:00,12.5,43.0,0.0,16.6,1025.0,0.0
2025-09-25 21:00:00,11.9,47.0,0.0,16.9,1025.7,0.0
2025-09-25 22:00:00,11.3,52.0,0.0,16.6,1026.0,0.0
2025-09-25 23:00:00,10.7,55.0,0.0,14.0,1026.5,0.0
2025-09-26 00:00:00,10.2,59.0,0.0,14.4,1026.7,0.0
2025-09-26 01:00:00,9.8,59.0,0.0,15.1,1027.3,0.0
2025-09-26 02:00:00,9.5,59.0,0.0,14.8,1027.7,0.0
2025-09-26 03:00:00,9.0,61.0,0.0,14.0,1028.0,0.0
2025-09-26 04:00:00,8.5,64.0,0.0,12.6,1028.4,0.0
2025-09-26 05:00:00,8.0,68.0,0.0,11.5,1028.9,0.0
2025-09-26 06:00:00,7.2,71.0,0.0,11.9,1029.3,0.0
2025-09-26 07:00:00,7.0,73.0,0.0,11.5,1029.6,0.0
2025-09-26 08:00:00,8.5,67.0,0.0,13.3,1030.4,0.0
2025-09-26 09:00:00,9.9,58.0,0.0,16.6,1030.8,0.0
2025-09-26 10:00:00,11.2,48.0,0.0,21.2,1030.7,4.0
2025-09-26 11:00:00,12.1,45.0,0.0,19.4,1031.0,0.0
2025-09-26 12:00:00,13.1,41.0,0.0,19.4,1030.7,0.0
2025-09-26 13:00:00,14.0,38.0,0.0,19.1,1030.3,0.0
2025-09-26 14:00:00,14.7,36.0,0.0,18.4,1029.7,0.0
2025-09-26 15:00:00,15.1,34.0,0.0,18.4,1029.4,0.0
2025-09-26 16:00:00,14.9,34.0,0.0,17.3,1029.4,1.0
2025-09-26 17:00:00,14.3,35.0,0.0,17.3,1029.3,0.0
2025-09-26 18:00:00,13.3,38.0,0.0,13.3,1029.5,0.0
2025-09-26 19:00:00,11.6,45.0,0.0,10.4,1029.8,0.0
2025-09-26 20:00:00,10.5,52.0,0.0,10.4,1030.1,0.0
2025-09-26 21:00:00,10.7,52.0,0.0,14.4,1030.4,0.0
2025-09-26 22:00:00,10.6,51.0,0.0,16.6,1030.6,0.0
2025-09-26 23:00:00,9.7,55.0,0.0,15.8,1030.8,0.0
2025-09-27 00:00:00,9.0,58.0,0.0,13.7,1030.5,0.0
2025-09-27 01:00:00,8.4,62.0,0.0,13.0,1030.5,0.0
2025-09-27 02:00:00,7.9,65.0,0.0,13.0,1030.3,0.0
2025-09-27 03:00:00,7.2,69.0,0.0,11.5,1030.2,0.0
2025-09-27 04:00:00,6.7,73.0,0.0,10.8,1030.0,0.0
2025-09-27 05:00:00,6.3,76.0,0.0,10.4,1029.6,0.0
2025-09-27 06:00:00,5.9,79.0,0.0,10.1,1029.5,0.0
2025-09-27 07:00:00,5.4,84.0,0.0,12.6,1029.6,0.0
2025-09-27 08:00:00,7.2,73.0,0.0,11.5,1029.6,0.0
2025-09-27 09:00:00,9.1,62.0,0.0,11.2,1029.8,0.0
2025-09-27 10:00:00,11.1,50.0,0.0,11.9,1029.6,0.0
2025-09-27 11:00:00,12.5,41.0,0.0,10.8,1029.3,0.0
2025-09-27 12:00:00,13.5,38.0,0.0,10.1,1028.8,0.0
2025-09-27 13:00:00,14.3,36.0,0.0,9.4,1028.2,0.0
2025-09-27 14:00:00,14.8,35.0,0.0,10.1,1027.4,0.0
2025-09-27 15:00:00,15.1,35.0,0.0,10.8,1026.7,0.0
2025-09-27 16:00:00,15.0,35.0,0.0,11.5,1026.1,0.0
2025-09-27 17:00:00,14.5,35.0,0.0,9.0,1025.5,0.0
2025-09-27 18:00:00,13.0,47.0,0.0,3.6,1025.5,0.0
2025-09-27 19:00:00,11.4,51.0,0.0,3.6,1025.4,0.0
2025-09-27 20:00:00,10.1,56.0,0.0,6.5,1025.6,0.0
2025-09-27 21:00:00,9.0,62.0,0.0,6.8,1025.6,1.0
2025-09-27 22:00:00,8.6,65.0,0.0,6.5,1025.1,0.0
2025-09-27 23:00:00,7.9,70.0,0.0,6.5,1024.5,0.0
2025-09-28 00:00:00,7.4,75.0,0.0,6.5,1024.1,0.0
2025-09-28 01:00:00,6.7,79.0,0.0,5.8,1023.7,0.0
2025-09-28 02:00:00,6.2,84.0,0.0,4.7,1023.5,1.0
2025-09-28 03:00:00,5.8,87.0,0.0,5.0,1023.0,6.0
2025-09-28 04:00:00,5.7,89.0,0.0,6.5,1022.8,5.0
2025-09-28 05:00:00,6.3,88.0,0.0,6.8,1022.5,5.0
2025-09-28 06:00:00,6.7,87.0,0.0,5.4,1022.5,5.0
2025-09-28 07:00:00,7.0,88.0,0.0,4.7,1022.6,0.0
2025-09-28 08:00:00,8.6,80.0,0.0,7.2,1022.7,0.0
2025-09-28 09:00:00,11.0,60.0,0.0,5.4,1022.6,0.0
2025-09-28 10:00:00,13.6,46.0,0.0,6.8,1022.4,0.0
2025-09-28 11:00:00,15.3,37.0,0.0,7.9,1021.9,1.0
2025-09-28 12:00:00,16.3,33.0,0.0,10.1,1021.7,1.0
2025-09-28 13:00:00,16.6,33.0,0.0,10.4,1021.7,1.0
2025-09-28 14:00:00,16.8,31.0,0.0,10.8,1021.2,1.0
2025-09-28 15:00:00,16.9,31.0,0.0,10.1,1020.6,1.0
2025-09-28 16:00:00,16.7,31.0,0.0,8.6,1020.5,1.0
2025-09-28 17:00:00,16.2,31.0,0.0,7.6,1020.6,7.0
2025-09-28 18:00:00,14.1,43.0,0.0,6.5,1020.2,3.0
2025-09-28 19:00:00,12.2,45.0,0.0,5.4,1020.4,8.0
2025-09-28 20:00:00,11.8,49.0,0.0,4.3,1020.7,8.0
2025-09-28 21:00:00,11.2,53.0,0.0,6.1,1020.9,8.0
2025-09-28 22:00:00,11.3,55.0,0.0,9.0,1021.0,4.0
2025-09-28 23:00:00,10.1,60.0,0.0,8.3,1020.7,0.0
2025-09-29 00:00:00,9.2,67.0,0.0,4.3,1020.3,1.0
2025-09-29 01:00:00,8.1,71.0,0.0,7.6,1020.2,2.0
2025-09-29 02:00:00,7.8,70.0,0.0,9.0,1020.3,3.0
2025-09-29 03:00:00,7.6,69.0,0.0,9.7,1020.1,1.0
2025-09-29 04:00:00,7.4,67.0,0.0,11.5,1020.2,2.0
2025-09-29 05:00:00,7.5,64.0,0.0,13.0,1019.9,1.0
2025-09-29 06:00:00,7.1,66.0,0.0,12.2,1020.0,3.0
2025-09-29 07:00:00,7.3,66.0,0.0,14.4,1020.0,5.0
2025-09-29 08:00:00,9.0,62.0,0.0,15.8,1020.3,8.0
2025-09-29 09:00:00,10.9,55.0,0.0,16.9,1020.2,8.0
2025-09-29 10:00:00,12.9,51.0,0.0,18.0,1019.9,8.0
2025-09-29 11:00:00,14.5,49.0,0.0,18.7,1019.9,6.0
2025-09-29 12:00:00,15.6,50.0,0.0,20.2,1019.1,8.0
2025-09-29 13:00:00,16.4,50.0,0.0,21.2,1019.2,8.0
2025-09-29 14:00:00,17.1,50.0,0.0,24.5,1018.3,8.0
2025-09-29 15:00:00,17.0,49.0,0.0,22.7,1018.2,8.0
2025-09-29 16:00:00,15.6,59.0,0.0,25.9,1018.1,7.0
2025-09-29 17:00:00,13.9,67.0,0.0,25.2,1018.6,8.0
2025-09-29 18:00:00,13.3,70.0,0.0,24.8,1018.9,8.0
2025-09-29 19:00:00,12.4,79.0,0.0,22.3,1019.1,8.0
2025-09-29 20:00:00,12.0,83.0,0.5,23.8,1019.4,8.0
2025-09-29 21:00:00,12.3,76.0,0.0,22.3,1019.4,8.0
2025-09-29 22:00:00,12.9,65.0,0.0,20.5,1019.4,8.0
2025-09-29 23:00:00,12.9,59.0,0.0,20.5,1019.5,8.0
2025-09-30 00:00:00,13.0,46.0,0.0,22.7,1019.5,8.0
2025-09-30 01:00:00,12.4,50.0,0.0,21.6,1019.9,8.0
2025-09-30 02:00:00,12.3,50.0,0.0,22.3,1020.2,8.0
2025-09-30 03:00:00,11.9,53.0,0.0,21.6,1020.3,8.0
2025-09-30 04:00:00,11.5,54.0,0.0,20.9,1020.6,8.0
2025-09-30 05:00:00,11.1,57.0,0.0,23.0,1020.5,8.0
2025-09-30 06:00:00,10.8,60.0,0.0,26.6,1020.9,8.0
2025-09-30 07:00:00,10.5,64.0,0.0,25.6,1021.3,8.0
2025-09-30 08:00:00,10.5,65.0,0.0,24.8,1021.8,8.0
2025-09-30 09:00:00,10.7,65.0,0.0,23.0,1022.0,8.0
2025-09-30 10:00:00,10.9,62.0,0.0,28.1,1022.4,8.0
2025-09-30 11:00:00,11.1,61.0,0.0,27.0,1022.6,8.0
2025-09-30 12:00:00,11.5,54.0,0.0,27.7,1022.6,8.0
2025-09-30 13:00:00,11.3,54.0,0.0,28.1,1022.9,8.0
2025-09-30 14:00:00,10.7,57.0,0.0,26.6,1022.9,8.0
2025-09-30 15:00:00,10.2,59.0,0.0,26.3,1023.3,8.0
2025-09-30 16:00:00,10.1,56.0,0.0,25.6,1023.6,8.0
2025-09-30 17:00:00,10.1,52.0,0.0,26.6,1023.5,8.0
2025-09-30 18:00:00,10.0,52.0,0.0,25.2,1023.6,8.0
2025-09-30 19:00:00,9.8,54.0,0.0,24.8,1024.0,8.0
2025-09-30 20:00:00,10.1,55.0,0.0,23.0,1023.7,8.0
2025-09-30 21:00:00,10.2,54.0,0.0,23.8,1023.6,8.0
2025-09-30 22:00:00,10.1,56.0,0.0,24.1,1023.7,8.0
2025-09-30 23:00:00,10.0,59.0,0.0,23.0,1023.5,8.0
2025-10-01 00:00:00,9.7,63.0,0.0,21.2,1023.1,8.0
2025-10-01 01:00:00,9.7,63.0,0.0,20.2,1022.9,8.0
2025-10-01 02:00:00,9.8,62.0,0.0,19.4,1022.5,8.0
2025-10-01 03:00:00,10.0,58.0,0.0,18.4,1022.2,8.0
2025-10-01 04:00:00,10.0,54.0,0.0,18.0,1022.1,8.0
2025-10-01 05:00:00,9.9,50.0,0.0,20.9,1021.9,8.0
2025-10-01 06:00:00,9.4,52.0,0.1,21.6,1021.8,8.0
2025-10-01 07:00:00,8.4,66.0,1.0,20.5,1022.0,8.0
2025-10-01 08:00:00,8.2,69.0,0.3,20.5,1022.1,8.0
2025-10-01 09:00:00,7.8,72.0,0.0,20.5,1022.2,8.0
2025-10-01 10:00:00,8.4,68.0,0.0,20.9,1022.2,8.0
2025-10-01 11:00:00,9.1,56.0,0.0,23.4,1022.6,8.0
2025-10-01 12:00:00,9.2,58.0,0.0,23.4,1022.3,8.0
2025-10-01 13:00:00,9.4,59.0,0.0,22.3,1022.0,8.0
2025-10-01 14:00:00,10.3,57.0,0.0,22.0,1021.7,8.0
2025-10-01 15:00:00,10.8,55.0,0.0,21.6,1021.6,8.0
2025-10-01 16:00:00,11.0,60.0,0.0,18.4,1021.1,6.0
2025-10-01 17:00:00,11.4,66.0,0.1,15.5,1020.8,5.0
2025-10-01 18:00:00,11.0,71.0,0.0,16.2,1021.1,7.0
2025-10-01 19:00:00,10.2,69.0,0.0,18.0,1021.3,7.0
2025-10-01 20:00:00,9.6,71.0,0.0,18.7,1021.6,3.0
2025-10-01 21:00:00,8.9,74.0,0.0,16.9,1021.5,4.0
2025-10-01 22:00:00,8.4,77.0,0.0,14.4,1021.4,3.0
2025-10-01 23:00:00,7.9,79.0,0.0,11.5,1021.3,2.0
2025-10-02 00:00:00,7.2,82.0,0.0,10.8,1021.1,3.0
2025-10-02 01:00:00,7.8,79.0,0.0,13.0,1020.9,2.0
2025-10-02 02:00:00,7.7,76.0,0.0,7.9,1021.0,8.0
2025-10-02 03:00:00,8.4,75.0,0.0,7.9,1020.8,8.0
2025-10-02 04:00:00,8.8,75.0,0.0,8.3,1020.6,8.0
2025-10-02 05:00:00,9.0,78.0,0.0,8.6,1020.5,8.0
2025-10-02 06:00:00,9.1,81.0,0.0,10.1,1020.6,8.0
2025-10-02 07:00:00,9.4,86.0,0.0,11.2,1020.5,8.0
2025-10-02 08:00:00,10.2,85.0,0.0,10.1,1020.7,7.0
2025-10-02 09:00:00,11.8,80.0,0.0,11.5,1020.8,3.0
2025-10-02 10:00:00,13.5,75.0,0.0,13.0,1020.9,8.0
2025-10-02 11:00:00,14.6,72.0,0.1,13.0,1021.0,5.0
2025-10-02 12:00:00,15.4,68.0,0.1,14.4,1021.1,3.0
2025-10-02 13:00:00,16.8,60.0,0.2,14.4,1021.2,3.0
2025-10-02 14:00:00,17.5,56.0,0.1,13.0,1021.1,3.0
2025-10-02 15:00:00,18.0,52.0,0.0,12.6,1020.7,3.0
2025-10-02 16:00:00,17.9,52.0,0.0,11.9,1020.7,3.0
2025-10-02 17:00:00,17.5,54.0,0.0,8.3,1020.7,4.0
2025-10-02 18:00:00,15.2,68.0,0.0,6.5,1020.9,8.0
2025-10-02 19:00:00,13.4,76.0,0.0,7.6,1021.3,8.0
2025-10-02 20:00:00,13.7,74.0,0.0,12.2,1021.6,8.0
2025-10-02 21:00:00,13.7,72.0,0.0,16.2,1022.0,7.0
2025-10-02 22:00:00,12.4,77.0,0.0,11.5,1021.9,8.0
2025-10-02 23:00:00,10.8,82.0,0.0,9.4,1021.8,8.0
2025-10-03 00:00:00,10.9,75.0,0.0,13.7,1021.4,8.0
2025-10-03 01:00:00,10.9,68.0,0.0,14.8,1021.2,8.0
2025-10-03 02:00:00,10.5,68.0,0.0,15.1,1021.1,8.0
2025-10-03 03:00:00,10.1,70.0,0.0,15.1,1020.8,8.0
2025-10-03 04:00:00,10.1,70.0,0.0,14.4,1020.8,8.0
2025-10-03 05:00:00,9.9,71.0,0.0,14.0,1020.9,8.0
2025-10-03 06:00:00,10.0,72.0,0.0,15.1,1020.8,8.0
2025-10-03 07:00:00,10.3,71.0,0.0,17.3,1020.8,8.0
2025-10-03 08:00:00,11.1,68.0,0.0,17.6,1021.1,8.0
2025-10-03 09:00:00,12.0,64.0,0.0,21.6,1021.0,8.0
2025-10-03 10:00:00,13.4,60.0,0.0,22.3,1020.7,8.0
2025-10-03 11:00:00,15.0,56.0,0.0,22.7,1020.2,8.0
2025-10-03 12:00:00,16.5,52.0,0.0,24.1,1019.7,8.0
2025-10-03 13:00:00,17.5,46.0,0.0,26.6,1019.1,8.0
2025-10-03 14:00:00,18.1,44.0,0.0,26.3,1018.4,8.0
2025-10-03 15:00:00,18.2,44.0,0.0,26.6,1018.2,8.0
2025-10-03 16:00:00,18.0,46.0,0.0,26.6,1018.0,5.0
2025-10-03 17:00:00,17.1,48.0,0.0,25.2,1018.0,8.0
2025-10-03 18:00:00,16.0,52.0,0.0,20.9,1018.1,8.0
2025-10-03 19:00:00,14.9,55.0,0.0,19.8,1018.4,8.0
2025-10-03 20:00:00,14.3,54.0,0.0,19.8,1018.6,8.0
2025-10-03 21:00:00,13.9,54.0,0.0,21.2,1018.4,8.0
2025-10-03 22:00:00,13.6,54.0,0.0,20.5,1018.5,0.0
2025-10-03 23:00:00,13.2,50.0,0.0,20.5,1018.0,0.0
2025-10-04 00:00:00,12.7,53.0,0.0,20.2,1017.7,0.0
2025-10-04 01:00:00,12.5,57.0,0.0,20.2,1017.5,0.0
2025-10-04 02:00:00,12.3,61.0,0.0,20.2,1017.4,6.0
2025-10-04 03:00:00,12.0,63.0,0.0,20.9,1016.9,6.0
2025-10-04 04:00:00,11.4,59.0,0.0,20.2,1017.1,0.0
2025-10-04 05:00:00,10.9,62.0,0.0,20.5,1016.9,0.0
2025-10-04 06:00:00,10.5,65.0,0.0,20.5,1016.8,0.0
2025-10-04 07:00:00,10.2,68.0,0.0,19.4,1016.7,0.0
2025-10-04 08:00:00,11.2,67.0,0.0,17.3,1016.9,0.0
2025-10-04 09:00:00,12.7,64.0,0.0,20.9,1016.5,0.0
2025-10-04 10:00:00,14.4,61.0,0.0,21.6,1015.9,0.0
2025-10-04 11:00:00,16.4,57.0,0.0,21.6,1015.3,2.0
2025-10-04 12:00:00,18.2,53.0,0.0,21.2,1014.8,0.0
2025-10-04 13:00:00,19.7,51.0,0.0,21.2,1014.5,2.0
2025-10-04 14:00:00,20.9,50.0,0.0,22.0,1013.6,1.0
2025-10-04 15:00:00,21.5,50.0,0.0,21.2,1013.3,0.0
2025-10-04 16:00:00,21.7,50.0,0.0,19.8,1013.1,0.0
2025-10-04 17:00:00,20.9,53.0,0.0,18.4,1012.8,1.0
2025-10-04 18:00:00,19.0,60.0,0.0,15.5,1012.9,8.0
2025-10-04 19:00:00,18.4,65.0,6.0,17.6,1012.9,8.0
2025-10-04 20:00:00,18.1,69.0,0.0,17.6,1013.1,2.0
2025-10-04 21:00:00,16.7,77.0,0.0,15.5,1013.3,3.0
2025-10-04 22:00:00,15.7,86.0,0.0,13.3,1013.3,0.0
2025-10-04 23:00:00,14.8,93.0,0.0,11.9,1013.2,2.0
2025-10-05 00:00:00,14.2,95.0,0.0,10.8,1013.0,7.0
2025-10-05 01:00:00,13.8,97.0,0.0,10.8,1012.7,5.0
2025-10-05 02:00:00,13.3,97.0,0.0,12.2,1012.6,2.0
2025-10-05 03:00:00,13.2,97.0,0.0,13.7,1012.3,8.0
2025-10-05 04:00:00,13.8,97.0,0.0,15.5,1012.2,8.0
2025-10-05 05:00:00,14.2,96.0,0.0,16.2,1012.1,8.0
2025-10-05 06:00:00,14.0,96.0,0.0,14.0,1011.8,8.0
2025-10-05 07:00:00,14.0,95.0,0.0,14.0,1011.4,8.0
2025-10-05 08:00:00,13.7,95.0,0.2,20.2,1011.8,8.0
2025-10-05 09:00:00,14.0,90.0,0.0,19.1,1012.2,8.0
2025-10-05 10:00:00,15.2,79.0,0.0,18.7,1012.3,8.0
2025-10-05 11:00:00,15.4,72.0,0.1,21.2,1012.6,8.0
2025-10-05 12:00:00,16.6,59.0,0.0,22.0,1012.3,4.0
2025-10-05 13:00:00,17.7,53.0,0.0,22.3,1012.0,1.0
2025-10-05 14:00:00,18.0,49.0,0.0,24.8,1011.6,2.0
2025-10-05 15:00:00,18.2,48.0,0.0,24.5,1011.4,2.0
2025-10-05 16:00:00,18.1,45.0,0.0,24.1,1011.4,2.0
2025-10-05 17:00:00,17.4,45.0,0.0,23.4,1011.6,1.0
2025-10-05 18:00:00,16.1,49.0,0.0,18.7,1012.2,1.0
2025-10-05 19:00:00,14.7,56.0,0.0,16.2,1013.0,1.0
2025-10-05 20:00:00,14.1,61.0,0.0,14.4,1013.6,0.0
2025-10-05 21:00:00,12.6,68.0,0.0,10.8,1013.9,0.0
2025-10-05 22:00:00,11.5,73.0,0.0,8.3,1014.2,0.0
2025-10-05 23:00:00,10.8,79.0,0.0,8.3,1014.5,0.0
2025-10-06 00:00:00,10.4,83.0,0.0,8.6,1014.8,2.0
2025-10-06 01:00:00,9.8,87.0,0.0,6.5,1014.8,6.0
2025-10-06 02:00:00,9.0,90.0,0.0,5.8,1015.1,8.0
2025-10-06 03:00:00,8.5,92.0,0.0,5.8,1015.1,8.0
2025-10-06 04:00:00,8.3,94.0,0.0,5.0,1015.4,8.0
2025-10-06 05:00:00,8.5,95.0,0.0,4.7,1015.5,8.0
2025-10-06 06:00:00,8.1,97.0,0.0,4.7,1015.7,8.0
2025-10-06 07:00:00,8.0,98.0,0.0,2.5,1015.6,8.0
2025-10-06 08:00:00,9.5,96.0,0.0,2.5,1016.1,8.0
2025-10-06 09:00:00,11.9,83.0,0.0,4.0,1016.1,8.0
2025-10-06 10:00:00,14.0,73.0,0.0,6.5,1016.3,8.0
2025-10-06 11:00:00,16.1,58.0,0.0,8.6,1016.1,6.0
2025-10-06 12:00:00,17.6,49.0,0.0,10.8,1016.1,8.0
2025-10-06 13:00:00,18.3,45.0,0.0,10.8,1015.9,7.0
2025-10-06 14:00:00,18.4,45.0,0.0,10.4,1015.7,8.0
2025-10-06 15:00:00,18.7,45.0,0.0,7.6,1015.4,8.0
2025-10-06 16:00:00,18.5,44.0,0.0,7.9,1015.4,8.0
2025-10-06 17:00:00,17.6,48.0,0.0,6.8,1015.3,8.0
2025-10-06 18:00:00,15.6,61.0,0.0,6.1,1015.3,7.0
2025-10-06 19:00:00,13.9,71.0,0.0,6.1,1015.7,8.0
2025-10-06 20:00:00,13.3,78.0,0.0,4.3,1016.0,8.0
2025-10-06 21:00:00,13.7,77.0,0.0,4.0,1016.1,8.0
2025-10-06 22:00:00,13.1,80.0,0.0,5.4,1016.1,8.0
2025-10-06 23:00:00,12.2,85.0,0.0,6.5,1016.3,7.0
2025-10-07 00:00:00,11.7,88.0,0.0,7.9,1016.0,8.0
2025-10-07 01:00:00,11.3,90.0,0.0,7.6,1016.0,8.0
2025-10-07 02:00:00,10.6,96.0,0.0,6.8,1015.8,8.0
2025-10-07 03:00:00,10.8,98.0,0.0,7.9,1016.0,8.0
2025-10-07 04:00:00,10.6,99.0,0.0,8.6,1016.1,6.0
2025-10-07 05:00:00,10.2,100.0,0.0,7.9,1015.9,8.0
2025-10-07 06:00:00,10.6,100.0,0.0,9.0,1016.2,8.0
2025-10-07 07:00:00,10.8,100.0,0.0,10.1,1015.8,8.0
2025-10-07 08:00:00,11.1,99.0,0.0,11.9,1016.1,8.0
2025-10-07 09:00:00,12.3,95.0,0.0,12.2,1016.3,6.0
2025-10-07 10:00:00,15.2,80.0,0.0,10.4,1016.2,1.0
2025-10-07 11:00:00,17.9,65.0,0.0,11.9,1016.1,7.0
2025-10-07 12:00:00,19.7,53.0,0.0,15.8,1015.6,7.0
2025-10-07 13:00:00,20.7,48.0,0.0,16.2,1015.5,8.0
2025-10-07 14:00:00,21.1,45.0,0.0,15.5,1014.9,8.0
2025-10-07 15:00:00,21.0,44.0,0.0,14.8,1014.3,8.0
2025-10-07 16:00:00,20.8,44.0,0.0,14.8,1014.3,8.0
2025-10-07 17:00:00,19.7,50.0,0.0,13.0,1014.0,8.0
2025-10-07 18:00:00,18.3,55.0,0.0,14.8,1014.0,8.0
2025-10-07 19:00:00,17.6,57.0,0.0,18.0,1014.3,8.0
2025-10-07 20:00:00,17.0,59.0,0.0,16.9,1014.2,8.0
2025-10-07 21:00:00,16.3,62.0,0.0,17.6,1014.1,8.0
2025-10-07 22:00:00,15.4,66.0,0.0,18.4,1013.9,8.0
2025-10-07 23:00:00,15.4,65.0,0.0,18.7,1014.0,8.0
2025-10-08 00:00:00,15.6,62.0,0.0,18.4,1013.3,8.0
2025-10-08 01:00:00,15.2,64.0,0.0,17.6,1012.9,8.0
2025-10-08 02:00:00,14.9,65.0,0.0,17.6,1012.8,4.0
2025-10-08 03:00:00,13.7,70.0,0.0,16.9,1012.2,4.0
2025-10-08 04:00:00,13.3,73.0,0.0,17.6,1012.2,8.0
2025-10-08 05:00:00,13.0,76.0,0.3,17.3,1011.9,8.0
2025-10-08 06:00:00,12.9,78.0,0.0,19.8,1011.5,8.0
2025-10-08 07:00:00,12.8,77.0,0.0,20.2,1010.9,8.0
2025-10-08 08:00:00,13.7,70.0,0.0,20.5,1010.7,8.0
2025-10-08 09:00:00,14.6,66.0,0.0,19.1,1010.3,8.0
2025-10-08 10:00:00,15.7,61.0,0.0,22.3,1010.0,8.0
2025-10-08 11:00:00,16.8,55.0,0.0,23.8,1009.4,8.0
2025-10-08 12:00:00,18.0,46.0,0.0,23.8,1008.7,8.0
2025-10-08 13:00:00,18.7,43.0,0.0,22.3,1008.2,8.0
2025-10-08 14:00:00,19.3,44.0,0.0,21.2,1007.5,8.0
2025-10-08 15:00:00,20.1,40.0,0.0,21.6,1007.1,8.0
2025-10-08 16:00:00,19.6,42.0,0.0,22.0,1006.8,8.0
2025-10-08 17:00:00,16.4,61.0,0.2,20.9,1007.1,8.0
2025-10-08 18:00:00,15.7,64.0,0.0,18.7,1006.8,8.0
2025-10-08 19:00:00,15.7,61.0,0.0,14.8,1007.0,8.0
2025-10-08 20:00:00,15.5,60.0,0.0,12.6,1007.1,8.0
2025-10-08 21:00:00,15.3,62.0,0.0,13.3,1006.9,8.0
2025-10-08 22:00:00,15.4,63.0,0.0,12.6,1006.8,8.0
2025-10-08 23:00:00,15.3,66.0,0.0,11.5,1006.9,8.0
2025-10-09 00:00:00,14.7,70.0,0.0,9.7,1006.5,8.0
2025-10-09 01:00:00,13.2,79.0,0.0,7.6,1006.5,4.0
2025-10-09 02:00:00,13.1,82.0,0.0,8.6,1006.6,8.0
2025-10-09 03:00:00,14.1,80.0,0.0,8.3,1006.2,8.0
2025-10-09 04:00:00,12.9,89.0,0.0,9.7,1006.3,8.0
2025-10-09 05:00:00,12.7,94.0,0.0,7.6,1006.4,8.0
2025-10-09 06:00:00,12.4,96.0,0.0,7.2,1006.5,8.0
2025-10-09 07:00:00,12.4,97.0,0.0,6.8,1006.6,8.0
2025-10-09 08:00:00,14.2,92.0,0.0,9.7,1006.8,8.0
2025-10-09 09:00:00,15.6,88.0,0.0,10.1,1006.9,8.0
2025-10-09 10:00:00,16.4,83.0,0.0,11.9,1007.3,8.0
2025-10-09 11:00:00,16.9,81.0,0.2,12.6,1007.4,5.0
2025-10-09 12:00:00,18.2,72.0,0.0,13.7,1007.1,4.0
2025-10-09 13:00:00,19.7,62.0,0.0,13.7,1007.1,8.0
2025-10-09 14:00:00,20.0,58.0,0.0,12.6,1006.6,8.0
2025-10-09 15:00:00,20.4,54.0,0.0,11.9,1006.3,8.0
2025-10-09 16:00:00,20.1,53.0,0.0,12.2,1006.4,8.0
2025-10-09 17:00:00,19.1,59.0,0.0,13.7,1006.6,8.0
2025-10-09 18:00:00,16.7,74.0,0.0,11.2,1007.4,7.0
2025-10-09 19:00:00,15.1,85.0,0.0,6.1,1007.7,8.0
2025-10-09 20:00:00,14.9,88.0,0.0,7.9,1008.0,8.0
2025-10-09 21:00:00,14.7,89.0,0.0,10.4,1007.9,8.0
2025-10-09 22:00:00,13.7,94.0,0.7,5.4,1008.3,8.0
2025-10-09 23:00:00,12.8,98.0,5.3,10.4,1008.7,8.0
2025-10-10 00:00:00,13.0,99.0,1.2,8.3,1008.3,8.0
2025-10-10 01:00:00,12.9,98.0,0.5,5.4,1008.2,8.0
2025-10-10 02:00:00,12.7,98.0,0.0,7.2,1008.2,7.0
2025-10-10 03:00:00,12.3,99.0,0.0,3.2,1007.9,5.0
2025-10-10 04:00:00,11.8,100.0,0.0,3.6,1007.7,8.0
2025-10-10 05:00:00,11.6,100.0,0.0,6.1,1008.1,8.0
2025-10-10 06:00:00,12.0,100.0,1.0,8.6,1008.4,8.0
2025-10-10 07:00:00,12.2,99.0,0.1,13.0,1008.8,8.0
2025-10-10 08:00:00,11.9,91.0,0.1,15.1,1009.3,7.0
2025-10-10 09:00:00,11.8,86.0,0.1,16.2,1009.8,6.0
2025-10-10 10:00:00,12.4,84.0,0.4,19.4,1010.0,6.0
2025-10-10 11:00:00,14.0,73.0,0.0,18.4,1010.1,7.0
2025-10-10 12:00:00,15.3,66.0,0.0,19.4,1010.2,8.0
2025-10-10 13:00:00,15.5,63.0,0.0,20.2,1010.4,8.0
2025-10-10 14:00:00,15.7,62.0,0.0,20.9,1010.3,8.0
2025-10-10 15:00:00,15.8,62.0,0.0,20.9,1010.5,8.0
2025-10-10 16:00:00,15.8,65.0,0.0,19.1,1009.6,8.0
2025-10-10 17:00:00,14.9,69.0,0.0,20.5,1009.8,7.0
2025-10-10 18:00:00,13.6,77.0,0.1,21.6,1010.3,8.0
2025-10-10 19:00:00,12.9,81.0,0.0,22.0,1011.1,8.0
2025-10-10 20:00:00,12.6,77.0,0.0,21.2,1011.6,8.0
2025-10-10 21:00:00,13.2,71.0,0.0,14.0,1012.5,8.0
2025-10-10 22:00:00,11.8,88.0,0.2,20.2,1011.4,8.0
2025-10-10 23:00:00,11.5,89.0,0.1,17.3,1011.5,8.0
2025-10-11 00:00:00,11.4,86.0,0.0,16.6,1011.5,8.0
2025-10-11 01:00:00,11.2,86.0,0.0,16.2,1011.5,8.0
2025-10-11 02:00:00,11.0,89.0,0.1,14.4,1011.7,8.0
2025-10-11 03:00:00,9.4,89.0,0.0,10.1,1011.9,8.0
2025-10-11 04:00:00,9.8,95.0,0.0,12.2,1011.3,6.0
2025-10-11 05:00:00,8.9,96.0,0.0,11.2,1011.4,7.0
2025-10-11 06:00:00,8.7,95.0,0.0,10.8,1011.3,7.0
2025-10-11 07:00:00,9.0,94.0,0.0,9.7,1011.3,8.0
2025-10-11 08:00:00,9.8,91.0,0.0,8.6,1011.4,8.0
2025-10-11 09:00:00,11.6,84.0,0.0,7.6,1012.2,8.0
2025-10-11 10:00:00,12.2,78.0,0.0,9.4,1011.7,8.0
2025-10-11 11:00:00,12.9,74.0,0.0,9.0,1011.6,8.0
2025-10-11 12:00:00,13.8,69.0,0.1,11.2,1011.6,8.0
2025-10-11 13:00:00,14.1,65.0,0.1,5.0,1011.5,8.0
2025-10-11 14:00:00,13.4,70.0,0.3,7.2,1011.3,8.0
2025-10-11 15:00:00,13.1,73.0,0.4,8.6,1011.5,8.0
2025-10-11 16:00:00,13.1,74.0,0.0,8.3,1011.7,8.0
2025-10-11 17:00:00,12.3,79.0,0.6,9.4,1011.8,8.0
2025-10-11 18:00:00,12.1,80.0,0.1,8.3,1012.2,8.0
2025-10-11 19:00:00,11.8,84.0,0.0,9.4,1012.4,8.0
2025-10-11 20:00:00,11.6,84.0,0.0,7.9,1012.5,4.0
2025-10-11 21:00:00,10.0,92.0,0.0,8.6,1013.1,3.0
2025-10-11 22:00:00,9.8,91.0,0.0,9.7,1013.4,3.0
2025-10-11 23:00:00,10.7,89.0,0.2,10.8,1013.5,8.0
2025-10-12 00:00:00,10.8,90.0,0.0,8.3,1013.5,2.0
2025-10-12 01:00:00,9.6,94.0,0.0,9.7,1013.6,8.0
2025-10-12 02:00:00,10.3,91.0,0.0,13.0,1013.8,8.0
2025-10-12 03:00:00,10.8,83.0,0.0,15.1,1013.8,8.0
2025-10-12 04:00:00,10.0,92.0,0.0,13.3,1014.0,0.0
2025-10-12 05:00:00,8.5,96.0,0.0,12.2,1014.2,1.0
2025-10-12 06:00:00,7.9,97.0,0.0,10.1,1014.4,4.0
2025-10-12 07:00:00,7.9,98.0,0.0,11.5,1014.3,7.0
2025-10-12 08:00:00,8.7,95.0,0.0,12.2,1014.8,8.0
2025-10-12 09:00:00,10.1,87.0,0.0,13.0,1015.1,8.0
2025-10-12 10:00:00,11.5,75.0,0.0,10.4,1015.1,3.0
2025-10-12 11:00:00,13.4,62.0,0.0,14.8,1015.2,3.0
2025-10-12 12:00:00,14.1,53.0,0.0,14.8,1015.2,3.0
2025-10-12 13:00:00,14.1,48.0,0.0,15.8,1015.0,4.0
2025-10-12 14:00:00,13.7,50.0,0.0,14.8,1014.8,8.0
2025-10-12 15:00:00,15.0,46.0,0.0,16.2,1014.2,8.0
2025-10-12 16:00:00,14.6,54.0,0.0,18.7,1014.1,8.0
2025-10-12 17:00:00,12.9,67.0,0.0,20.2,1014.6,5.0
2025-10-12 18:00:00,12.0,72.0,0.0,12.2,1014.8,7.0
2025-10-12 19:00:00,11.3,75.0,0.0,9.4,1015.0,3.0
2025-10-12 20:00:00,10.2,82.0,0.0,11.2,1015.1,0.0
2025-10-12 21:00:00,9.5,87.0,0.0,10.8,1015.2,0.0
2025-10-12 22:00:00,9.3,90.0,0.0,12.6,1014.9,1.0
2025-10-12 23:00:00,9.6,91.0,0.0,13.7,1014.4,8.0
2025-10-13 00:00:00,11.2,81.0,0.0,16.2,1014.0,7.0
2025-10-13 01:00:00,11.0,79.0,0.0,15.8,1013.6,1.0
2025-10-13 02:00:00,10.0,79.0,0.0,14.8,1013.3,0.0
2025-10-13 03:00:00,9.0,79.0,0.0,15.5,1012.7,2.0
2025-10-13 04:00:00,9.3,76.0,0.0,17.3,1012.5,8.0
2025-10-13 05:00:00,10.5,77.0,0.0,17.3,1012.3,8.0
2025-10-13 06:00:00,10.4,80.0,0.0,15.8,1011.9,8.0
2025-10-13 07:00:00,10.6,81.0,0.0,15.8,1011.7,8.0
2025-10-13 08:00:00,10.7,83.0,0.2,16.2,1012.0,8.0
2025-10-13 09:00:00,10.9,87.0,0.3,15.1,1012.3,8.0
2025-10-13 10:00:00,10.8,91.0,0.0,18.7,1012.4,8.0
2025-10-13 11:00:00,10.0,91.0,0.9,18.0,1013.0,8.0
2025-10-13 12:00:00,10.5,78.0,0.1,18.4,1013.6,8.0
2025-10-13 13:00:00,10.7,65.0,0.0,17.3,1014.2,8.0
2025-10-13 14:00:00,11.1,57.0,0.0,16.2,1014.4,6.0
2025-10-13 15:00:00,12.1,49.0,0.0,17.3,1014.5,1.0
2025-10-13 16:00:00,12.3,45.0,0.0,17.6,1014.7,1.0
2025-10-13 17:00:00,11.6,45.0,0.0,15.8,1015.3,1.0
2025-10-13 18:00:00,9.6,52.0,0.0,10.8,1016.0,2.0
2025-10-13 19:00:00,8.0,60.0,0.0,8.3,1017.2,1.0
2025-10-13 20:00:00,7.7,64.0,0.0,8.6,1017.8,2.0
2025-10-13 21:00:00,6.3,74.0,0.0,5.8,1018.3,0.0
2025-10-13 22:00:00,5.2,80.0,0.0,3.2,1018.5,0.0
2025-10-13 23:00:00,4.5,84.0,0.0,6.5,1018.6,0.0
2025-10-14 00:00:00,4.2,81.0,0.0,8.6,1018.5,0.0
2025-10-14 01:00:00,5.1,72.0,0.0,11.5,1018.7,0.0
2025-10-14 02:00:00,4.8,74.0,0.0,10.8,1018.8,0.0
2025-10-14 03:00:00,4.4,77.0,0.0,9.7,1018.9,1.0
2025-10-14 04:00:00,3.8,80.0,0.0,8.6,1018.7,2.0
2025-10-14 05:00:00,3.2,84.0,0.0,7.6,1018.8,4.0
2025-10-14 06:00:00,2.8,89.0,0.0,9.0,1018.9,7.0
2025-10-14 07:00:00,3.0,90.0,0.0,9.7,1018.8,2.0
2025-10-14 08:00:00,4.5,87.0,0.0,12.6,1019.0,3.0
2025-10-14 09:00:00,6.8,75.0,0.0,11.9,1019.3,1.0
2025-10-14 10:00:00,9.0,65.0,0.0,14.0,1019.1,0.0
2025-10-14 11:00:00,11.0,55.0,0.0,18.0,1019.0,0.0
2025-10-14 12:00:00,12.0,51.0,0.0,20.2,1018.9,1.0
2025-10-14 13:00:00,12.5,47.0,0.0,19.8,1018.6,1.0
2025-10-14 14:00:00,12.7,46.0,0.0,19.8,1018.2,2.0
2025-10-14 15:00:00,12.5,45.0,0.0,18.7,1018.2,3.0
2025-10-14 16:00:00,12.1,48.0,0.0,17.6,1018.0,4.0
2025-10-14 17:00:00,11.4,49.0,0.0,15.8,1018.0,8.0
2025-10-14 18:00:00,9.3,58.0,0.0,12.2,1018.3,8.0
2025-10-14 19:00:00,8.5,65.0,0.0,11.5,1018.9,8.0
2025-10-14 20:00:00,7.4,77.0,0.0,12.2,1019.4,8.0
2025-10-14 21:00:00,6.9,82.0,0.0,8.6,1019.7,8.0
2025-10-14 22:00:00,6.6,86.0,0.0,7.9,1020.1,8.0
2025-10-14 23:00:00,6.4,86.0,0.0,8.3,1020.4,8.0
2025-10-15 00:00:00,5.9,88.0,0.0,6.5,1020.5,2.0
2025-10-15 01:00:00,4.5,94.0,0.0,6.8,1020.6,0.0
2025-10-15 02:00:00,4.6,97.0,0.0,7.6,1020.5,1.0
2025-10-15 03:00:00,4.3,98.0,0.0,8.3,1020.6,0.0
2025-10-15 04:00:00,4.1,98.0,0.0,6.8,1020.6,0.0
2025-10-15 05:00:00,3.7,98.0,0.0,6.5,1020.9,1.0
2025-10-15 06:00:00,3.3,98.0,0.0,6.1,1021.0,0.0
2025-10-15 07:00:00,3.1,98.0,0.0,6.5,1021.1,0.0
2025-10-15 08:00:00,3.8,97.0,0.0,7.9,1021.7,0.0
2025-10-15 09:00:00,5.4,92.0,0.0,6.1,1022.2,0.0
2025-10-15 10:00:00,7.5,80.0,0.0,5.8,1022.4,0.0
2025-10-15 11:00:00,9.4,65.0,0.0,7.9,1022.3,2.0
2025-10-15 12:00:00,10.4,55.0,0.0,12.2,1022.3,6.0
2025-10-15 13:00:00,10.8,50.0,0.0,14.4,1022.1,4.0
2025-10-15 14:00:00,11.0,47.0,0.0,14.8,1021.6,4.0
2025-10-15 15:00:00,11.1,45.0,0.0,14.4,1021.6,4.0
2025-10-15 16:00:00,10.6,46.0,0.0,14.8,1021.8,6.0
2025-10-15 17:00:00,9.7,49.0,0.0,14.0,1021.7,7.0
2025-10-15 18:00:00,8.6,54.0,0.0,9.4,1022.0,8.0
2025-10-15 19:00:00,7.8,59.0,0.0,9.4,1022.7,8.0
2025-10-15 20:00:00,7.3,62.0,0.0,10.4,1023.2,8.0
2025-10-15 21:00:00,7.3,61.0,0.0,10.8,1023.4,8.0
2025-10-15 22:00:00,6.4,69.0,0.0,9.4,1024.0,6.0
2025-10-15 23:00:00,5.8,74.0,0.0,6.8,1024.1,7.0
2025-10-16 00:00:00,5.5,75.0,0.0,5.4,1024.1,2.0
2025-10-16 01:00:00,4.6,79.0,0.0,6.1,1024.2,7.0
2025-10-16 02:00:00,4.1,80.0,0.0,5.0,1024.3,6.0
2025-10-16 03:00:00,4.3,77.0,0.0,7.2,1024.2,8.0
2025-10-16 04:00:00,5.1,69.0,0.0,11.5,1024.3,8.0
2025-10-16 05:00:00,5.4,65.0,0.0,9.7,1024.4,8.0
2025-10-16 06:00:00,5.5,64.0,0.0,10.1,1024.3,8.0
2025-10-16 07:00:00,5.2,65.0,0.0,10.1,1024.5,1.0
2025-10-16 08:00:00,5.3,68.0,0.0,10.4,1024.5,1.0
2025-10-16 09:00:00,7.0,62.0,0.0,9.7,1025.0,3.0
2025-10-16 10:00:00,8.8,58.0,0.0,10.8,1025.1,5.0
2025-10-16 11:00:00,10.4,51.0,0.0,13.7,1025.1,2.0
2025-10-16 12:00:00,11.7,45.0,0.0,16.9,1024.9,8.0
2025-10-16 13:00:00,12.4,41.0,0.0,16.2,1024.5,8.0
2025-10-16 14:00:00,12.0,42.0,0.0,14.8,1024.1,8.0
2025-10-16 15:00:00,11.8,42.0,0.0,14.0,1024.1,8.0
2025-10-16 16:00:00,11.9,42.0,0.0,15.1,1024.0,8.0
2025-10-16 17:00:00,11.4,46.0,0.0,13.3,1024.1,8.0
2025-10-16 18:00:00,10.2,57.0,0.0,7.6,1024.5,8.0
2025-10-16 19:00:00,9.4,63.0,0.0,6.5,1025.0,8.0
2025-10-16 20:00:00,9.0,63.0,0.0,7.6,1025.1,8.0
2025-10-16 21:00:00,8.1,68.0,0.0,6.8,1025.4,8.0
2025-10-16 22:00:00,7.8,69.0,0.0,7.2,1025.6,7.0
2025-10-16 23:00:00,8.2,65.0,0.0,6.8,1025.7,3.0
2025-10-17 00:00:00,6.2,77.0,0.0,7.6,1025.5,1.0
2025-10-17 01:00:00,6.9,77.0,0.0,9.0,1025.4,8.0
2025-10-17 02:00:00,8.1,73.0,0.0,9.7,1025.5,8.0
2025-10-17 03:00:00,8.8,71.0,0.0,11.5,1025.6,8.0
2025-10-17 04:00:00,9.1,69.0,0.0,11.5,1025.3,8.0
2025-10-17 05:00:00,9.1,68.0,0.0,11.5,1025.2,8.0
2025-10-17 06:00:00,8.8,71.0,0.0,11.5,1025.0,8.0
2025-10-17 07:00:00,8.8,73.0,0.0,12.2,1024.8,8.0
2025-10-17 08:00:00,9.2,72.0,0.0,14.0,1025.0,8.0
2025-10-17 09:00:00,10.2,67.0,0.0,13.3,1025.3,7.0
2025-10-17 10:00:00,11.3,60.0,0.0,17.6,1025.4,8.0
2025-10-17 11:00:00,11.4,62.0,0.0,19.4,1025.8,8.0
2025-10-17 12:00:00,11.8,57.0,0.0,18.4,1025.7,5.0
2025-10-17 13:00:00,13.2,52.0,0.0,18.4,1025.1,8.0
2025-10-17 14:00:00,13.3,47.0,0.0,16.2,1024.6,8.0
2025-10-17 15:00:00,13.5,46.0,0.0,17.3,1024.5,8.0
2025-10-17 16:00:00,13.0,48.0,0.0,16.9,1024.4,8.0
2025-10-17 17:00:00,12.6,51.0,0.0,12.6,1024.0,8.0
2025-10-17 18:00:00,11.6,55.0,0.0,9.4,1023.9,8.0
2025-10-17 19:00:00,11.2,58.0,0.0,10.4,1023.9,8.0
2025-10-17 20:00:00,11.4,57.0,0.0,11.5,1024.0,8.0
2025-10-17 21:00:00,11.2,61.0,0.0,16.6,1024.2,8.0
2025-10-17 22:00:00,10.9,61.0,0.0,16.2,1024.5,8.0
2025-10-17 23:00:00,10.6,56.0,0.0,16.2,1024.4,8.0
2025-10-18 00:00:00,10.3,58.0,0.0,13.7,1024.4,8.0
2025-10-18 01:00:00,9.3,61.0,0.0,12.6,1024.4,4.0
2025-10-18 02:00:00,9.0,62.0,0.0,12.6,1024.5,7.0
2025-10-18 03:00:00,8.3,66.0,0.0,10.1,1024.2,8.0
2025-10-18 04:00:00,8.7,67.0,0.0,11.9,1023.9,8.0
2025-10-18 05:00:00,8.2,74.0,0.0,11.2,1023.8,8.0
2025-10-18 06:00:00,8.3,75.0,0.0,10.8,1023.6,8.0
2025-10-18 07:00:00,8.2,76.0,0.0,10.8,1023.3,5.0
2025-10-18 08:00:00,8.7,76.0,0.0,12.2,1023.6,3.0
2025-10-18 09:00:00,9.9,74.0,0.0,10.8,1023.7,8.0
2025-10-18 10:00:00,10.4,71.0,0.0,11.5,1023.8,8.0
2025-10-18 11:00:00,11.3,66.0,0.0,11.9,1023.5,8.0
2025-10-18 12:00:00,12.3,59.0,0.0,13.7,1023.0,8.0
2025-10-18 13:00:00,13.8,47.0,0.0,13.0,1022.5,8.0
2025-10-18 14:00:00,13.7,46.0,0.0,12.2,1021.9,8.0
2025-10-18 15:00:00,13.7,48.0,0.0,12.6,1021.4,8.0
2025-10-18 16:00:00,13.4,51.0,0.0,11.9,1021.0,8.0
2025-10-18 17:00:00,12.5,57.0,0.0,8.6,1020.5,8.0
2025-10-18 18:00:00,10.3,67.0,0.0,6.1,1020.1,7.0
2025-10-18 19:00:00,9.0,73.0,0.0,7.9,1020.0,7.0
2025-10-18 20:00:00,8.0,78.0,0.0,8.6,1020.0,8.0
2025-10-18 21:00:00,8.9,79.0,0.0,10.1,1019.9,7.0
2025-10-18 22:00:00,8.3,84.0,0.0,10.4,1019.9,7.0
2025-10-18 23:00:00,7.4,88.0,0.0,8.6,1019.6,7.0
2025-10-19 00:00:00,7.1,90.0,0.0,8.3,1019.1,8.0
2025-10-19 01:00:00,6.6,91.0,0.0,7.2,1018.7,8.0
2025-10-19 02:00:00,6.5,91.0,0.0,5.8,1018.4,8.0
2025-10-19 03:00:00,6.2,91.0,0.0,5.0,1018.0,8.0
2025-10-19 04:00:00,5.9,92.0,0.0,4.0,1017.8,7.0
2025-10-19 05:00:00,5.2,95.0,0.0,6.1,1017.4,0.0
2025-10-19 06:00:00,5.2,94.0,0.0,4.3,1016.7,0.0
2025-10-19 07:00:00,4.9,97.0,0.0,5.0,1016.4,0.0
2025-10-19 08:00:00,6.4,96.0,0.0,7.9,1016.4,7.0
2025-10-19 09:00:00,8.8,85.0,0.0,7.2,1016.4,2.0
2025-10-19 10:00:00,10.7,71.0,0.0,7.9,1016.1,6.0
2025-10-19 11:00:00,12.6,53.0,0.0,9.4,1015.4,4.0
2025-10-19 12:00:00,13.6,46.0,0.0,9.7,1015.1,4.0
2025-10-19 13:00:00,13.4,45.0,0.0,9.4,1014.3,8.0
2025-10-19 14:00:00,12.3,49.0,0.0,6.8,1013.7,8.0
2025-10-19 15:00:00,12.0,51.0,0.0,7.2,1013.4,8.0
2025-10-19 16:00:00,10.6,66.0,0.0,10.1,1013.3,8.0
2025-10-19 17:00:00,9.8,77.0,0.0,9.4,1012.9,7.0
2025-10-19 18:00:00,9.2,85.0,0.6,10.4,1013.3,8.0
2025-10-19 19:00:00,8.5,93.0,0.4,12.2,1013.4,8.0
2025-10-19 20:00:00,8.4,90.0,0.0,13.7,1013.8,6.0
2025-10-19 21:00:00,7.6,91.0,0.0,14.0,1013.9,2.0
2025-10-19 22:00:00,6.4,93.0,0.0,12.6,1014.3,0.0
2025-10-19 23:00:00,5.6,90.0,0.0,10.8,1014.2,7.0
2025-10-20 00:00:00,5.0,85.0,0.0,13.7,1014.1,7.0
2025-10-20 01:00:00,4.8,82.0,0.0,14.0,1014.0,0.0
2025-10-20 02:00:00,4.0,85.0,0.0,14.4,1014.0,2.0
2025-10-20 03:00:00,3.6,90.0,0.0,14.4,1014.0,1.0
2025-10-20 04:00:00,3.3,93.0,0.0,13.3,1013.8,7.0
2025-10-20 05:00:00,4.0,90.0,0.0,13.3,1013.8,7.0
2025-10-20 06:00:00,4.4,87.0,0.0,11.9,1013.6,8.0
2025-10-20 07:00:00,5.2,80.0,0.0,15.5,1013.4,8.0
2025-10-20 08:00:00,5.6,77.0,0.0,16.9,1013.6,8.0
2025-10-20 09:00:00,6.2,74.0,0.0,19.1,1014.1,8.0
2025-10-20 10:00:00,6.6,72.0,0.0,19.4,1014.2,7.0
2025-10-20 11:00:00,6.9,70.0,0.0,18.7,1014.3,6.0
2025-10-20 12:00:00,7.4,71.0,0.0,13.7,1013.9,6.0
2025-10-20 13:00:00,8.3,64.0,0.0,15.5,1013.8,8.0
2025-10-20 14:00:00,8.5,60.0,0.0,17.3,1013.8,5.0
2025-10-20 15:00:00,8.5,60.0,0.0,19.1,1013.9,5.0
2025-10-20 16:00:00,9.1,53.0,0.0,18.7,1013.8,8.0
2025-10-20 17:00:00,8.4,55.0,0.0,18.0,1014.1,7.0
2025-10-20 18:00:00,7.6,57.0,0.0,14.4,1014.4,8.0
2025-10-20 19:00:00,6.8,61.0,0.0,13.3,1014.7,7.0
2025-10-20 20:00:00,6.3,64.0,0.0,12.6,1014.8,8.0
2025-10-20 21:00:00,5.2,70.0,0.0,13.7,1014.7,7.0
2025-10-20 22:00:00,5.6,69.0,0.0,15.8,1014.5,7.0
2025-10-20 23:00:00,6.6,71.0,0.0,17.3,1014.2,8.0
2025-10-21 00:00:00,7.0,69.0,0.0,18.7,1014.3,8.0
2025-10-21 01:00:00,6.4,81.0,0.3,17.6,1014.2,8.0
2025-10-21 02:00:00,6.5,83.0,0.2,18.7,1014.1,8.0
2025-10-21 03:00:00,6.7,84.0,0.1,18.4,1014.3,8.0
2025-10-21 04:00:00,6.6,89.0,0.2,15.8,1014.1,8.0
2025-10-21 05:00:00,6.6,91.0,0.0,15.5,1014.6,8.0
2025-10-21 06:00:00,6.6,91.0,0.0,13.7,1014.6,8.0
2025-10-21 07:00:00,6.3,93.0,0.0,13.3,1014.9,7.0
2025-10-21 08:00:00,6.9,89.0,0.0,15.1,1015.2,8.0
2025-10-21 09:00:00,7.4,85.0,0.0,16.9,1015.7,8.0
2025-10-21 10:00:00,8.4,76.0,0.0,17.3,1016.1,8.0
2025-10-21 11:00:00,9.6,66.0,0.0,18.0,1016.3,8.0
2025-10-21 12:00:00,9.9,63.0,0.0,18.4,1016.6,8.0
2025-10-21 13:00:00,10.9,58.0,0.0,18.7,1016.2,8.0
2025-10-21 14:00:00,11.1,57.0,0.0,19.1,1016.2,8.0
2025-10-21 15:00:00,11.2,57.0,0.0,18.7,1016.5,6.0
2025-10-21 16:00:00,11.4,54.0,0.0,17.3,1016.4,3.0
2025-10-21 17:00:00,10.7,56.0,0.0,12.6,1016.2,2.0
2025-10-21 18:00:00,9.2,62.0,0.0,9.4,1016.8,5.0
2025-10-21 19:00:00,8.2,67.0,0.0,9.4,1016.9,8.0
2025-10-21 20:00:00,7.7,70.0,0.0,9.7,1017.4,8.0
2025-10-21 21:00:00,7.7,72.0,0.0,9.4,1017.7,8.0
2025-10-21 22:00:00,7.0,77.0,0.0,6.1,1018.1,8.0
2025-10-21 23:00:00,6.5,82.0,0.0,4.7,1018.1,8.0
2025-10-22 00:00:00,6.5,84.0,0.0,2.9,1018.0,8.0
2025-10-22 01:00:00,5.9,89.0,0.0,3.2,1017.9,8.0
2025-10-22 02:00:00,5.0,94.0,0.0,6.8,1017.7,6.0
2025-10-22 03:00:00,4.5,95.0,0.0,7.2,1017.7,4.0
2025-10-22 04:00:00,3.8,99.0,0.0,6.8,1017.8,1.0
2025-10-22 05:00:00,3.3,99.0,0.0,6.8,1017.9,1.0
2025-10-22 06:00:00,2.9,98.0,0.0,6.5,1018.0,1.0
2025-10-22 07:00:00,2.3,98.0,0.0,5.4,1017.8,5.0
2025-10-22 08:00:00,3.8,97.0,0.0,5.0,1018.0,6.0
2025-10-22 09:00:00,6.1,87.0,0.0,2.5,1018.2,2.0
2025-10-22 10:00:00,8.7,76.0,0.0,4.0,1018.5,5.0
2025-10-22 11:00:00,10.4,68.0,0.0,5.8,1018.4,7.0
2025-10-22 12:00:00,11.2,63.0,0.0,6.1,1018.2,8.0
2025-10-22 13:00:00,11.8,60.0,0.0,5.8,1018.1,8.0
2025-10-22 14:00:00,12.2,55.0,0.0,6.5,1017.6,8.0
2025-10-22 15:00:00,12.4,53.0,0.0,6.5,1017.4,2.0
2025-10-22 16:00:00,12.2,53.0,0.0,7.2,1017.5,6.0
2025-10-22 17:00:00,11.2,59.0,0.0,6.5,1017.6,8.0
2025-10-22 18:00:00,10.3,65.0,0.0,8.6,1017.8,8.0
2025-10-22 19:00:00,8.4,75.0,0.0,9.0,1018.0,5.0
2025-10-22 20:00:00,9.1,72.0,0.0,11.5,1017.5,2.0
2025-10-22 21:00:00,8.6,73.0,0.0,11.5,1017.4,8.0
2025-10-22 22:00:00,8.4,73.0,0.0,10.4,1017.7,5.0
2025-10-22 23:00:00,7.9,74.0,0.0,8.6,1017.9,1.0
2025-10-23 00:00:00,6.6,81.0,0.0,9.0,1017.5,2.0
2025-10-23 01:00:00,6.1,84.0,0.0,9.7,1017.4,0.0
2025-10-23 02:00:00,5.6,85.0,0.0,10.1,1017.5,0.0
2025-10-23 03:00:00,5.0,85.0,0.0,9.4,1017.7,1.0
2025-10-23 04:00:00,4.9,83.0,0.0,10.8,1017.6,1.0
2025-10-23 05:00:00,4.6,84.0,0.0,11.9,1017.7,3.0
2025-10-23 06:00:00,4.5,85.0,0.0,13.0,1017.5,2.0
2025-10-23 07:00:00,4.4,85.0,0.0,13.0,1017.3,2.0
2025-10-23 08:00:00,5.4,80.0,0.0,14.4,1017.5,2.0
2025-10-23 09:00:00,7.4,71.0,0.0,13.3,1017.6,0.0
2025-10-23 10:00:00,9.7,64.0,0.0,14.4,1017.1,0.0
2025-10-23 11:00:00,12.1,56.0,0.0,17.6,1016.9,1.0
2025-10-23 12:00:00,14.0,53.0,0.0,18.4,1016.5,1.0
2025-10-23 13:00:00,15.1,51.0,0.0,19.1,1016.0,1.0
2025-10-23 14:00:00,15.7,49.0,0.0,18.7,1015.4,0.0
2025-10-23 15:00:00,15.7,49.0,0.0,19.1,1014.9,0.0
2025-10-23 16:00:00,15.1,52.0,0.0,18.0,1014.7,2.0
2025-10-23 17:00:00,13.6,60.0,0.0,14.0,1014.4,2.0
2025-10-23 18:00:00,11.5,70.0,0.0,13.7,1014.4,8.0
2025-10-23 19:00:00,11.9,69.0,0.0,16.2,1014.5,8.0
2025-10-23 20:00:00,12.0,71.0,0.0,16.9,1014.3,8.0
2025-10-23 21:00:00,11.3,77.0,0.0,16.2,1014.4,8.0
2025-10-23 22:00:00,11.0,80.0,0.0,15.5,1014.5,8.0
2025-10-23 23:00:00,10.8,81.0,0.0,14.8,1014.4,8.0
2025-10-24 00:00:00,10.6,83.0,0.0,14.0,1013.7,8.0
2025-10-24 01:00:00,9.4,92.0,0.0,12.2,1013.7,3.0
2025-10-24 02:00:00,8.9,95.0,0.0,11.9,1013.3,2.0
2025-10-24 03:00:00,8.8,97.0,0.0,12.2,1013.1,8.0
2025-10-24 04:00:00,9.2,98.0,0.0,13.0,1012.6,8.0
2025-10-24 05:00:00,9.6,98.0,0.0,14.0,1012.6,8.0
2025-10-24 06:00:00,10.2,99.0,0.0,14.8,1012.2,8.0
2025-10-24 07:00:00,10.5,99.0,0.0,15.5,1011.8,8.0
2025-10-24 08:00:00,11.0,99.0,0.0,17.6,1012.1,8.0
2025-10-24 09:00:00,11.6,96.0,0.0,21.2,1012.3,8.0
2025-10-24 10:00:00,12.2,93.0,0.0,20.9,1011.9,8.0
2025-10-24 11:00:00,13.2,85.0,0.0,21.6,1012.0,8.0
2025-10-24 12:00:00,14.5,78.0,0.0,19.8,1011.4,3.0
2025-10-24 13:00:00,16.4,68.0,0.0,21.6,1010.7,1.0
2025-10-24 14:00:00,17.6,61.0,0.0,22.3,1009.7,1.0
2025-10-24 15:00:00,17.9,61.0,0.0,24.5,1009.5,4.0
2025-10-24 16:00:00,17.7,61.0,0.0,22.7,1008.9,4.0
2025-10-24 17:00:00,16.7,67.0,0.0,22.0,1008.2,4.0
2025-10-24 18:00:00,14.9,85.0,0.0,24.1,1008.1,7.0
2025-10-24 19:00:00,14.3,93.0,0.0,23.0,1007.8,8.0
2025-10-24 20:00:00,14.4,91.0,0.0,24.1,1007.6,8.0
2025-10-24 21:00:00,14.1,92.0,0.0,24.1,1006.9,8.0
2025-10-24 22:00:00,14.0,94.0,0.0,24.5,1006.0,8.0
2025-10-24 23:00:00,14.3,95.0,0.0,26.3,1005.5,8.0
2025-10-25 00:00:00,14.2,97.0,0.0,27.0,1004.6,8.0
2025-10-25 01:00:00,14.4,97.0,0.3,28.1,1004.1,8.0
2025-10-25 02:00:00,14.3,98.0,1.9,28.1,1003.1,8.0
2025-10-25 03:00:00,14.2,97.0,2.5,27.4,1002.6,8.0
2025-10-25 04:00:00,14.2,96.0,1.3,28.4,1002.1,8.0
2025-10-25 05:00:00,14.1,95.0,0.0,25.6,1002.0,8.0
2025-10-25 06:00:00,13.7,96.0,0.2,27.4,1001.8,8.0
2025-10-25 07:00:00,13.2,96.0,0.3,23.8,1001.7,8.0
2025-10-25 08:00:00,12.9,93.0,0.0,23.0,1002.8,8.0
2025-10-25 09:00:00,12.7,86.0,0.0,24.1,1003.9,7.0
2025-10-25 10:00:00,12.6,73.0,0.0,24.1,1004.7,8.0
2025-10-25 11:00:00,13.3,64.0,0.0,24.5,1005.4,8.0
2025-10-25 12:00:00,13.4,64.0,0.0,25.2,1005.9,8.0
2025-10-25 13:00:00,14.1,58.0,0.0,27.4,1006.6,8.0
2025-10-25 14:00:00,14.6,54.0,0.0,27.4,1006.9,6.0
2025-10-25 15:00:00,14.8,51.0,0.0,26.6,1007.4,3.0
2025-10-25 16:00:00,14.4,51.0,0.0,25.2,1007.8,3.0
2025-10-25 17:00:00,13.2,55.0,0.0,18.4,1008.4,1.0
2025-10-25 18:00:00,11.6,60.0,0.0,14.0,1009.1,0.0
2025-10-25 19:00:00,10.2,68.0,0.0,13.7,1009.6,0.0
2025-10-25 20:00:00,9.7,69.0,0.0,14.0,1010.2,0.0
2025-10-25 21:00:00,9.0,70.0,0.0,10.8,1010.6,0.0
2025-10-25 22:00:00,8.0,75.0,0.0,9.4,1011.5,1.0
2025-10-25 23:00:00,7.2,80.0,0.0,8.6,1012.0,2.0
2025-10-26 00:00:00,7.0,84.0,0.0,9.0,1012.0,7.0
2025-10-26 01:00:00,7.1,85.0,0.0,9.0,1011.9,7.0
2025-10-26 02:00:00,6.6,88.0,0.0,7.2,1012.0,1.0
2025-10-26 03:00:00,5.9,91.0,0.0,7.6,1012.1,0.0
2025-10-26 03:00:00,5.7,92.0,0.0,7.6,1012.0,1.0
2025-10-26 04:00:00,5.4,94.0,0.0,6.8,1011.9,1.0
2025-10-26 05:00:00,5.7,95.0,0.0,8.6,1011.7,1.0
2025-10-26 06:00:00,6.3,96.0,0.0,9.4,1011.9,1.0
2025-10-26 07:00:00,7.4,94.0,0.0,11.2,1011.9,0.0
2025-10-26 08:00:00,9.2,88.0,0.0,11.2,1012.4,0.0
2025-10-26 09:00:00,11.2,78.0,0.0,11.9,1012.4,8.0
2025-10-26 10:00:00,13.1,70.0,0.0,13.0,1012.3,8.0
2025-10-26 11:00:00,14.6,59.0,0.0,15.1,1012.4,8.0
2025-10-26 12:00:00,14.7,55.0,0.0,18.0,1011.9,8.0
2025-10-26 13:00:00,15.3,48.0,0.0,17.3,1011.5,8.0
2025-10-26 14:00:00,15.8,44.0,0.0,18.0,1011.3,8.0
2025-10-26 15:00:00,15.1,46.0,0.0,14.8,1011.0,8.0
2025-10-26 16:00:00,13.7,53.0,0.0,17.6,1010.3,8.0
2025-10-26 17:00:00,11.6,74.0,0.0,20.2,1010.7,8.0
2025-10-26 18:00:00,11.5,79.0,0.0,22.7,1010.5,8.0
2025-10-26 19:00:00,11.1,84.0,0.2,23.0,1010.1,8.0
2025-10-26 20:00:00,11.2,84.0,0.0,22.7,1009.8,8.0
2025-10-26 21:00:00,11.2,85.0,0.0,23.0,1009.8,8.0
2025-10-26 22:00:00,10.6,91.0,1.9,24.1,1009.7,8.0
2025-10-26 23:00:00,10.4,93.0,2.0,24.8,1008.8,8.0
2025-10-27 00:00:00,11.1,90.0,0.7,24.1,1008.3,8.0
2025-10-27 01:00:00,11.2,90.0,0.0,22.0,1008.2,8.0
2025-10-27 02:00:00,10.9,92.0,0.0,20.5,1008.0,8.0
2025-10-27 03:00:00,10.7,92.0,0.0,19.1,1007.8,8.0
2025-10-27 04:00:00,10.8,91.0,0.0,17.6,1007.6,8.0
2025-10-27 05:00:00,10.5,94.0,0.7,16.6,1007.2,8.0
2025-10-27 06:00:00,10.3,94.0,2.2,16.2,1006.5,8.0
2025-10-27 07:00:00,10.4,94.0,1.8,17.3,1006.3,8.0
2025-10-27 08:00:00,10.6,95.0,1.2,17.3,1006.1,8.0
2025-10-27 09:00:00,11.4,93.0,0.0,20.9,1005.3,8.0
2025-10-27 10:00:00,13.8,84.0,0.0,19.1,1004.0,8.0
2025-10-27 11:00:00,13.5,90.0,0.6,21.6,1003.1,8.0
2025-10-27 12:00:00,13.1,95.0,3.1,21.6,1001.7,8.0
2025-10-27 13:00:00,12.8,97.0,1.6,21.2,1000.6,8.0
2025-10-27 14:00:00,13.1,97.0,1.4,21.2,999.8,8.0
2025-10-27 15:00:00,13.3,97.0,0.4,17.3,999.1,8.0
2025-10-27 16:00:00,13.3,96.0,0.0,16.2,999.3,8.0
2025-10-27 17:00:00,12.9,98.0,0.3,13.0,999.2,8.0
2025-10-27 18:00:00,12.4,97.0,0.3,10.4,998.9,8.0
2025-10-27 19:00:00,11.8,98.0,0.0,11.9,999.0,8.0
2025-10-27 20:00:00,11.6,97.0,0.0,16.6,999.5,8.0
2025-10-27 21:00:00,10.3,93.0,0.0,19.8,1000.5,7.0
2025-10-27 22:00:00,9.0,91.0,0.0,16.9,1001.6,5.0
2025-10-27 23:00:00,9.2,93.0,0.0,16.2,1002.3,0.0
2025-10-28 00:00:00,8.1,95.0,0.0,12.6,1003.2,0.0
2025-10-28 01:00:00,7.4,94.0,0.0,13.0,1004.4,0.0
2025-10-28 02:00:00,6.9,94.0,0.0,11.5,1005.0,0.0
2025-10-28 03:00:00,6.3,95.0,0.0,9.7,1005.6,0.0
2025-10-28 04:00:00,5.6,96.0,0.0,7.6,1006.4,0.0
2025-10-28 05:00:00,5.3,97.0,0.0,10.1,1007.2,0.0
2025-10-28 06:00:00,5.2,98.0,0.0,8.3,1007.5,2.0
2025-10-28 07:00:00,5.4,98.0,0.0,7.9,1008.0,8.0
2025-10-28 08:00:00,7.6,94.0,0.0,10.8,1008.5,8.0
2025-10-28 09:00:00,10.0,87.0,0.0,11.9,1009.0,8.0
2025-10-28 10:00:00,11.9,73.0,0.0,13.3,1009.3,8.0
2025-10-28 11:00:00,12.5,67.0,0.0,15.8,1009.0,8.0
2025-10-28 12:00:00,12.8,69.0,0.0,16.6,1008.8,8.0
2025-10-28 13:00:00,11.8,76.0,0.4,18.4,1008.9,8.0
2025-10-28 14:00:00,10.5,87.0,0.6,14.4,1009.0,8.0
2025-10-28 15:00:00,10.3,89.0,0.4,13.3,1009.2,8.0
2025-10-28 16:00:00,9.9,92.0,0.4,7.6,1009.4,8.0
2025-10-28 17:00:00,9.5,95.0,0.8,7.2,1009.8,8.0
2025-10-28 18:00:00,9.3,94.0,1.4,7.6,1010.2,8.0
2025-10-28 19:00:00,8.5,90.0,2.0,7.6,1010.3,8.0
2025-10-28 20:00:00,8.2,89.0,0.2,8.6,1010.5,8.0
2025-10-28 21:00:00,7.7,90.0,0.0,10.1,1011.1,8.0
2025-10-28 22:00:00,7.3,91.0,0.0,10.1,1011.4,8.0
2025-10-28 23:00:00,6.8,93.0,0.0,11.2,1011.5,0.0
2025-10-29 00:00:00,5.7,95.0,0.0,10.8,1012.0,0.0
2025-10-29 01:00:00,5.7,95.0,0.0,12.2,1012.5,0.0
2025-10-29 02:00:00,5.6,95.0,0.0,12.6,1012.9,0.0
2025-10-29 03:00:00,5.3,96.0,0.0,11.5,1012.8,0.0
2025-10-29 04:00:00,4.8,97.0,0.0,11.2,1013.2,0.0
2025-10-29 05:00:00,4.9,97.0,0.0,10.8,1013.6,0.0
2025-10-29 06:00:00,4.7,97.0,0.0,11.2,1013.9,0.0
2025-10-29 07:00:00,5.0,97.0,0.0,12.6,1014.6,0.0
2025-10-29 08:00:00,6.7,93.0,0.0,13.3,1015.2,0.0
2025-10-29 09:00:00,8.8,84.0,0.0,12.6,1015.6,0.0
2025-10-29 10:00:00,11.3,67.0,0.0,11.9,1015.7,0.0
2025-10-29 11:00:00,13.1,54.0,0.0,14.4,1015.6,7.0
2025-10-29 12:00:00,13.6,51.0,0.0,18.7,1015.2,8.0
2025-10-29 13:00:00,13.3,54.0,0.3,20.5,1015.2,7.0
2025-10-29 14:00:00,13.1,53.0,0.0,19.8,1015.1,8.0
2025-10-29 15:00:00,12.6,55.0,0.0,22.0,1015.1,8.0
2025-10-29 16:00:00,10.9,62.0,0.0,19.4,1015.6,8.0
2025-10-29 17:00:00,9.5,71.0,0.0,15.8,1016.1,6.0
2025-10-29 18:00:00,9.2,73.0,0.0,10.8,1016.3,8.0
2025-10-29 19:00:00,9.8,74.0,0.0,13.3,1016.5,2.0
2025-10-29 20:00:00,8.1,83.0,0.0,13.3,1016.6,3.0
2025-10-29 21:00:00,8.2,83.0,0.0,14.4,1017.1,2.0
2025-10-29 22:00:00,8.1,84.0,0.0,14.8,1017.6,0.0
2025-10-29 23:00:00,7.6,83.0,0.0,13.3,1017.9,0.0
2025-10-30 00:00:00,7.1,83.0,0.0,14.0,1018.2,1.0
2025-10-30 01:00:00,6.2,90.0,0.0,12.2,1018.9,1.0
2025-10-30 02:00:00,5.8,91.0,0.0,10.8,1019.4,1.0
2025-10-30 03:00:00,5.3,93.0,0.0,9.4,1019.7,5.0
2025-10-30 04:00:00,4.8,94.0,0.0,7.9,1020.0,0.0
2025-10-30 05:00:00,4.2,95.0,0.0,7.2,1020.5,0.0
2025-10-30 06:00:00,4.3,97.0,0.0,8.3,1020.8,0.0
2025-10-30 07:00:00,4.6,97.0,0.0,8.3,1021.3,3.0
2025-10-30 08:00:00,6.6,91.0,0.0,7.9,1021.8,4.0
2025-10-30 09:00:00,9.2,82.0,0.0,5.4,1021.9,8.0
2025-10-30 10:00:00,11.8,69.0,0.0,6.5,1021.9,7.0
2025-10-30 11:00:00,13.3,58.0,0.0,8.3,1021.9,8.0
2025-10-30 12:00:00,14.1,52.0,0.0,9.4,1021.7,8.0
2025-10-30 13:00:00,14.4,50.0,0.0,10.1,1021.4,8.0
2025-10-30 14:00:00,14.4,50.0,0.0,10.4,1021.2,8.0
2025-10-30 15:00:00,13.6,53.0,0.0,9.0,1021.0,8.0
2025-10-30 16:00:00,11.1,68.0,0.0,5.4,1020.5,8.0
2025-10-30 17:00:00,9.3,80.0,0.0,9.0,1020.4,3.0
2025-10-30 18:00:00,8.9,78.0,0.0,11.5,1020.1,2.0
2025-10-30 19:00:00,9.3,76.0,0.0,14.8,1020.0,7.0
2025-10-30 20:00:00,9.6,78.0,0.0,16.9,1019.9,8.0
2025-10-30 21:00:00,9.7,79.0,0.0,18.7,1019.4,8.0
2025-10-30 22:00:00,9.8,88.0,0.0,18.0,1019.0,5.0
2025-10-30 23:00:00,9.9,94.0,0.0,17.6,1018.3,5.0
2025-10-31 00:00:00,10.0,95.0,0.0,18.4,1017.6,8.0
2025-10-31 01:00:00,10.1,94.0,0.0,18.4,1017.6,8.0
2025-10-31 02:00:00,10.1,93.0,0.0,19.4,1017.5,7.0
2025-10-31 03:00:00,9.9,92.0,0.0,20.5,1016.7,8.0
2025-10-31 04:00:00,10.2,91.0,0.0,21.2,1016.2,8.0
2025-10-31 05:00:00,10.3,91.0,0.0,21.6,1015.8,8.0
2025-10-31 06:00:00,10.3,90.0,0.0,21.2,1015.5,4.0
2025-10-31 07:00:00,10.4,89.0,0.0,20.9,1015.0,3.0
2025-10-31 08:00:00,12.2,83.0,0.0,23.8,1015.2,2.0
2025-10-31 09:00:00,14.0,79.0,0.2,27.4,1014.7,4.0
2025-10-31 10:00:00,15.2,74.0,0.0,27.7,1014.4,8.0
2025-10-31 11:00:00,15.2,73.0,0.0,21.2,1014.1,8.0
2025-10-31 12:00:00,15.7,70.0,0.0,19.1,1013.7,8.0
2025-10-31 13:00:00,15.7,69.0,0.0,16.9,1013.0,2.0
2025-10-31 14:00:00,16.8,59.0,0.0,18.4,1012.7,0.0
2025-10-31 15:00:00,16.4,55.0,0.0,19.1,1012.6,0.0
2025-10-31 16:00:00,14.7,51.0,0.0,15.5,1012.8,7.0
2025-10-31 17:00:00,12.6,49.0,0.0,15.8,1013.3,7.0
2025-10-31 18:00:00,11.7,43.0,0.0,16.6,1013.8,7.0
2025-10-31 19:00:00,10.7,49.0,0.0,16.2,1014.5,5.0
2025-10-31 20:00:00,9.9,56.0,0.0,18.0,1015.3,0.0
2025-10-31 21:00:00,8.9,61.0,0.0,14.8,1015.9,0.0
2025-10-31 22:00:00,8.2,63.0,0.0,14.4,1016.1,0.0
2025-10-31 23:00:00,8.0,65.0,0.0,16.6,1016.4,0.0
2025-11-01 00:00:00,7.6,68.0,0.0,16.2,1016.8,0.0
2025-11-01 01:00:00,7.2,71.0,0.0,16.2,1016.9,0.0
2025-11-01 02:00:00,6.9,73.0,0.0,15.8,1017.5,0.0
2025-11-01 03:00:00,6.7,75.0,0.0,16.2,1017.7,0.0
2025-11-01 04:00:00,6.5,77.0,0.0,14.8,1018.2,0.0
2025-11-01 05:00:00,6.3,79.0,0.0,14.4,1018.8,1.0
2025-11-01 06:00:00,6.0,81.0,0.0,14.0,1019.2,3.0
2025-11-01 07:00:00,6.4,80.0,0.0,15.1,1020.0,2.0
2025-11-01 08:00:00,8.1,76.0,0.0,15.1,1020.5,7.0
2025-11-01 09:00:00,9.7,70.0,0.0,16.2,1020.8,5.0
2025-11-01 10:00:00,11.3,64.0,0.0,17.3,1020.9,2.0
2025-11-01 11:00:00,12.6,59.0,0.0,19.1,1021.1,6.0
2025-11-01 12:00:00,13.1,57.0,0.0,18.7,1021.2,4.0
2025-11-01 13:00:00,14.0,54.0,0.0,20.5,1020.8,4.0
2025-11-01 14:00:00,14.0,53.0,0.0,20.9,1021.1,6.0
2025-11-01 15:00:00,13.7,54.0,0.0,19.4,1021.6,7.0
2025-11-01 16:00:00,12.8,59.0,0.0,12.2,1022.1,4.0
2025-11-01 17:00:00,10.1,72.0,0.0,9.0,1022.7,8.0
2025-11-01 18:00:00,8.9,80.0,0.0,8.6,1023.2,8.0
2025-11-01 19:00:00,7.7,86.0,0.0,7.2,1023.9,8.0
2025-11-01 20:00:00,7.5,88.0,0.0,7.2,1024.5,8.0
2025-11-01 21:00:00,7.1,89.0,0.0,6.5,1024.9,0.0
2025-11-01 22:00:00,6.0,91.0,0.0,6.5,1025.2,1.0
2025-11-01 23:00:00,5.6,93.0,0.0,7.6,1025.2,1.0
2025-11-02 00:00:00,5.3,94.0,0.0,6.8,1025.2,5.0
2025-11-02 01:00:00,5.6,93.0,0.0,7.2,1025.5,5.0
2025-11-02 02:00:00,5.5,93.0,0.0,4.7,1025.2,1.0
2025-11-02 03:00:00,4.7,95.0,0.0,5.4,1025.3,2.0
2025-11-02 04:00:00,3.8,97.0,0.0,6.5,1025.8,0.0
2025-11-02 05:00:00,3.8,97.0,0.0,4.7,1025.8,0.0
2025-11-02 06:00:00,3.7,98.0,0.0,4.0,1025.6,0.0
2025-11-02 07:00:00,4.2,98.0,0.0,5.4,1025.9,0.0
2025-11-02 08:00:00,6.3,92.0,0.0,4.7,1026.6,0.0
2025-11-02 09:00:00,8.6,85.0,0.0,2.5,1027.0,0.0
2025-11-02 10:00:00,10.6,74.0,0.0,2.9,1027.1,0.0
2025-11-02 11:00:00,12.0,65.0,0.0,5.4,1026.9,0.0
2025-11-02 12:00:00,13.0,58.0,0.0,6.8,1026.6,7.0
2025-11-02 13:00:00,13.3,56.0,0.0,8.6,1026.4,8.0
2025-11-02 14:00:00,12.8,58.0,0.0,7.2,1026.1,8.0
2025-11-02 15:00:00,12.1,60.0,0.0,6.8,1026.1,8.0
2025-11-02 16:00:00,10.0,72.0,0.0,6.5,1026.1,8.0
2025-11-02 17:00:00,8.0,80.0,0.0,6.5,1026.3,8.0
2025-11-02 18:00:00,7.3,82.0,0.0,6.8,1026.6,8.0
2025-11-02 19:00:00,7.0,83.0,0.0,8.6,1026.7,8.0
2025-11-02 20:00:00,7.3,82.0,0.0,10.4,1026.7,8.0
2025-11-02 21:00:00,7.2,86.0,0.0,10.1,1026.8,8.0
2025-11-02 22:00:00,6.7,92.0,0.0,9.4,1027.0,8.0
2025-11-02 23:00:00,6.4,94.0,0.0,9.4,1026.8,8.0
2025-11-03 00:00:00,6.2,95.0,0.0,9.7,1026.5,7.0
2025-11-03 01:00:00,6.2,96.0,0.0,10.8,1026.4,1.0
2025-11-03 02:00:00,6.2,97.0,0.0,11.9,1026.1,0.0
2025-11-03 03:00:00,6.1,97.0,0.0,12.6,1026.1,0.0
2025-11-03 04:00:00,6.3,97.0,0.0,14.0,1026.1,0.0
2025-11-03 05:00:00,6.4,98.0,0.0,14.0,1025.9,0.0
2025-11-03 06:00:00,6.4,98.0,0.0,14.0,1025.8,0.0
2025-11-03 07:00:00,6.7,98.0,0.0,15.1,1025.7,0.0
2025-11-03 08:00:00,8.3,95.0,0.0,18.4,1025.8,0.0
2025-11-03 09:00:00,9.9,89.0,0.0,17.6,1025.8,0.0
2025-11-03 10:00:00,11.6,74.0,0.0,20.2,1025.6,0.0
2025-11-03 11:00:00,12.9,65.0,0.0,21.2,1025.1,0.0
2025-11-03 12:00:00,13.9,58.0,0.0,22.3,1024.3,1.0
2025-11-03 13:00:00,14.3,56.0,0.0,22.3,1023.6,8.0
2025-11-03 14:00:00,14.2,54.0,0.0,22.0,1023.2,8.0
2025-11-03 15:00:00,13.4,56.0,0.0,19.8,1023.2,8.0
2025-11-03 16:00:00,11.8,61.0,0.0,18.0,1023.0,8.0
2025-11-03 17:00:00,10.5,66.0,0.0,17.6,1023.2,8.0
2025-11-03 18:00:00,9.9,69.0,0.0,18.0,1023.4,8.0
2025-11-03 19:00:00,8.9,73.0,0.0,19.1,1023.4,8.0
2025-11-03 20:00:00,8.1,77.0,0.0,18.0,1023.1,3.0
2025-11-03 21:00:00,7.5,79.0,0.0,17.3,1023.0,5.0
2025-11-03 22:00:00,7.1,81.0,0.0,16.2,1022.7,8.0
2025-11-03 23:00:00,6.9,82.0,0.0,14.4,1022.5,7.0
2025-11-04 00:00:00,6.2,86.0,0.0,13.3,1021.9,8.0
2025-11-04 01:00:00,6.0,88.0,0.0,12.6,1021.7,4.0
2025-11-04 02:00:00,5.6,89.0,0.0,11.9,1021.4,7.0
2025-11-04 03:00:00,5.5,90.0,0.0,11.2,1021.2,8.0
2025-11-04 04:00:00,5.3,91.0,0.0,10.8,1021.2,8.0
2025-11-04 05:00:00,5.6,92.0,0.0,11.9,1021.0,8.0
2025-11-04 06:00:00,5.3,93.0,0.0,11.9,1020.7,7.0
2025-11-04 07:00:00,5.3,94.0,0.0,12.6,1020.9,6.0
2025-11-04 08:00:00,6.8,87.0,0.0,13.0,1021.1,6.0
2025-11-04 09:00:00,8.6,80.0,0.0,11.5,1021.2,5.0
2025-11-04 10:00:00,10.2,72.0,0.0,10.4,1021.1,7.0
2025-11-04 11:00:00,11.7,67.0,0.0,10.1,1020.7,7.0
2025-11-04 12:00:00,12.7,64.0,0.0,7.6,1020.3,4.0
2025-11-04 13:00:00,13.4,62.0,0.0,7.2,1020.0,0.0
2025-11-04 14:00:00,13.5,62.0,0.0,4.7,1020.0,0.0
2025-11-04 15:00:00,13.1,64.0,0.0,1.1,1020.2,0.0
2025-11-04 16:00:00,10.9,76.0,0.0,3.2,1020.5,0.0
2025-11-04 17:00:00,9.4,82.0,0.0,4.0,1021.1,0.0
2025-11-04 18:00:00,8.9,83.0,0.0,4.0,1021.5,0.0
2025-11-04 19:00:00,8.5,83.0,0.0,5.0,1021.6,1.0
2025-11-04 20:00:00,7.7,87.0,0.0,5.4,1021.5,0.0
2025-11-04 21:00:00,7.1,89.0,0.0,5.8,1022.0,0.0
2025-11-04 22:00:00,6.5,91.0,0.0,6.8,1022.4,0.0
2025-11-04 23:00:00,6.2,92.0,0.0,7.6,1022.3,2.0
2025-11-05 00:00:00,5.9,93.0,0.0,7.9,1022.6,7.0
2025-11-05 01:00:00,5.7,93.0,0.0,7.2,1022.5,8.0
2025-11-05 02:00:00,5.9,93.0,0.0,7.2,1022.7,8.0
2025-11-05 03:00:00,6.1,93.0,0.0,8.6,1022.7,8.0
2025-11-05 04:00:00,6.0,93.0,0.0,8.3,1023.2,8.0
2025-11-05 05:00:00,5.9,93.0,0.0,9.4,1023.1,8.0
2025-11-05 06:00:00,6.5,94.0,0.0,9.0,1023.2,7.0
2025-11-05 07:00:00,6.4,95.0,0.0,8.6,1023.6,8.0
2025-11-05 08:00:00,7.8,89.0,0.0,9.7,1023.9,8.0
2025-11-05 09:00:00,9.3,83.0,0.0,8.6,1024.2,8.0
2025-11-05 10:00:00,10.7,74.0,0.0,8.6,1024.2,8.0
2025-11-05 11:00:00,11.8,66.0,0.0,9.4,1024.2,8.0
2025-11-05 12:00:00,12.6,62.0,0.0,10.4,1024.1,8.0
2025-11-05 13:00:00,12.7,61.0,0.0,10.8,1023.9,8.0
2025-11-05 14:00:00,12.6,61.0,0.0,11.5,1023.8,8.0
2025-11-05 15:00:00,12.0,63.0,0.0,11.2,1023.9,8.0
2025-11-05 16:00:00,10.5,74.0,0.0,7.6,1024.0,8.0
2025-11-05 17:00:00,8.9,82.0,0.0,8.3,1024.3,8.0
2025-11-05 18:00:00,8.2,85.0,0.0,9.4,1024.4,8.0
2025-11-05 19:00:00,7.6,88.0,0.0,8.3,1024.6,8.0
2025-11-05 20:00:00,7.1,90.0,0.0,8.6,1024.8,8.0
2025-11-05 21:00:00,7.8,87.0,0.0,9.0,1025.1,8.0
2025-11-05 22:00:00,8.1,87.0,0.0,8.6,1025.2,8.0
2025-11-05 23:00:00,7.8,90.0,0.0,8.3,1024.8,8.0
2025-11-06 00:00:00,7.2,93.0,0.0,7.6,1025.0,8.0
2025-11-06 01:00:00,6.5,94.0,0.0,7.2,1024.9,8.0
2025-11-06 02:00:00,6.4,95.0,0.0,8.3,1024.9,7.0
2025-11-06 03:00:00,6.7,95.0,0.0,9.4,1024.8,5.0
2025-11-06 04:00:00,7.1,95.0,0.0,9.7,1024.9,6.0
2025-11-06 05:00:00,7.0,95.0,0.0,9.7,1024.8,7.0
2025-11-06 06:00:00,7.4,93.0,0.0,10.1,1024.7,8.0
2025-11-06 07:00:00,7.7,92.0,0.0,10.4,1024.8,8.0
2025-11-06 08:00:00,8.3,88.0,0.0,9.0,1025.2,8.0
2025-11-06 09:00:00,9.2,82.0,0.0,9.7,1025.2,8.0
2025-11-06 10:00:00,10.2,75.0,0.0,11.5,1025.1,8.0
2025-11-06 11:00:00,11.0,68.0,0.0,11.2,1024.9,8.0
2025-11-06 12:00:00,11.2,67.0,0.0,13.0,1024.3,8.0
2025-11-06 13:00:00,11.6,66.0,0.0,12.6,1024.1,8.0
2025-11-06 14:00:00,11.8,66.0,0.0,11.2,1023.9,8.0
2025-11-06 15:00:00,11.8,67.0,0.0,9.7,1023.6,7.0
2025-11-06 16:00:00,10.8,74.0,0.0,6.8,1023.5,7.0
2025-11-06 17:00:00,10.1,81.0,0.0,7.6,1024.0,8.0
2025-11-06 18:00:00,9.9,82.0,0.0,9.0,1024.0,8.0
2025-11-06 19:00:00,9.8,83.0,0.0,9.4,1024.0,8.0
2025-11-06 20:00:00,9.6,84.0,0.0,10.4,1023.9,8.0
2025-11-06 21:00:00,9.4,87.0,0.0,11.2,1024.0,8.0
2025-11-06 22:00:00,8.7,92.0,0.0,7.9,1024.0,7.0
2025-11-06 23:00:00,8.3,94.0,0.0,7.6,1023.7,6.0
2025-11-07 00:00:00,8.4,94.0,0.0,7.2,1023.6,7.0
2025-11-07 01:00:00,8.3,94.0,0.0,7.2,1023.5,8.0
2025-11-07 02:00:00,8.5,93.0,0.0,9.0,1023.4,8.0
2025-11-07 03:00:00,8.7,94.0,0.0,9.4,1023.2,8.0
2025-11-07 04:00:00,8.7,94.0,0.0,9.7,1023.2,8.0
2025-11-07 05:00:00,8.4,95.0,0.0,10.8,1023.1,8.0
2025-11-07 06:00:00,8.5,93.0,0.0,11.5,1023.0,8.0
2025-11-07 07:00:00,8.8,90.0,0.0,11.2,1023.2,7.0
2025-11-07 08:00:00,9.4,84.0,0.0,12.6,1023.6,2.0
2025-11-07 09:00:00,10.4,76.0,0.0,16.9,1023.9,8.0
2025-11-07 10:00:00,11.2,72.0,0.0,16.6,1023.8,8.0
2025-11-07 11:00:00,11.7,70.0,0.0,14.8,1023.6,8.0
2025-11-07 12:00:00,12.5,67.0,0.0,13.3,1022.9,8.0
2025-11-07 13:00:00,12.7,67.0,0.0,13.0,1022.5,6.0
2025-11-07 14:00:00,12.9,67.0,0.0,12.6,1022.1,7.0
2025-11-07 15:00:00,12.8,67.0,0.0,11.5,1022.1,5.0
2025-11-07 16:00:00,11.0,78.0,0.0,6.1,1022.1,1.0
2025-11-07 17:00:00,9.6,85.0,0.0,8.6,1022.3,0.0
2025-11-07 18:00:00,9.0,87.0,0.0,9.0,1022.5,2.0
2025-11-07 19:00:00,8.2,90.0,0.0,10.4,1022.8,1.0
2025-11-07 20:00:00,7.8,91.0,0.0,10.8,1022.7,0.0
2025-11-07 21:00:00,7.5,92.0,0.0,11.2,1022.9,0.0
2025-11-07 22:00:00,7.2,93.0,0.0,10.8,1023.2,0.0
2025-11-07 23:00:00,6.9,93.0,0.0,11.2,1023.5,0.0
2025-11-08 00:00:00,6.7,94.0,0.0,11.2,1023.2,0.0
2025-11-08 01:00:00,6.3,94.0,0.0,10.4,1023.4,0.0
2025-11-08 02:00:00,6.1,95.0,0.0,11.2,1023.1,0.0
2025-11-08 03:00:00,6.0,95.0,0.0,11.2,1022.9,0.0
2025-11-08 04:00:00,6.1,96.0,0.0,11.9,1022.9,0.0
2025-11-08 05:00:00,6.1,96.0,0.0,11.5,1022.8,0.0
2025-11-08 06:00:00,5.9,96.0,0.0,11.5,1022.8,0.0
2025-11-08 07:00:00,6.0,96.0,0.0,12.6,1023.0,0.0
2025-11-08 08:00:00,7.2,94.0,0.0,12.2,1023.5,0.0
2025-11-08 09:00:00,8.7,88.0,0.0,11.5,1023.7,1.0
2025-11-08 10:00:00,10.4,80.0,0.0,12.2,1023.5,0.0
2025-11-08 11:00:00,12.0,73.0,0.0,11.5,1023.3,0.0
2025-11-08 12:00:00,13.1,69.0,0.0,10.8,1022.6,0.0
2025-11-08 13:00:00,13.8,67.0,0.0,10.1,1022.1,0.0
2025-11-08 14:00:00,14.0,65.0,0.0,11.5,1021.6,0.0
2025-11-08 15:00:00,13.6,67.0,0.0,11.5,1021.4,0.0
2025-11-08 16:00:00,11.2,79.0,0.0,6.8,1021.4,0.0
2025-11-08 17:00:00,9.9,86.0,0.0,8.6,1021.4,0.0
2025-11-08 18:00:00,9.2,87.0,0.0,9.4,1021.7,0.0
2025-11-08 19:00:00,8.2,90.0,0.0,10.1,1022.0,0.0
2025-11-08 20:00:00,7.7,92.0,0.0,10.8,1022.0,0.0
2025-11-08 21:00:00,7.3,92.0,0.0,10.8,1021.9,0.0
2025-11-08 22:00:00,6.9,93.0,0.0,10.1,1022.2,0.0
2025-11-08 23:00:00,6.5,94.0,0.0,9.4,1022.0,0.0
2025-11-09 00:00:00,5.7,95.0,0.0,10.4,1021.9,0.0
2025-11-09 01:00:00,5.4,96.0,0.0,10.4,1022.0,0.0
2025-11-09 02:00:00,5.2,97.0,0.0,10.1,1022.0,0.0
2025-11-09 03:00:00,4.8,97.0,0.0,9.7,1021.9,0.0
2025-11-09 04:00:00,4.8,97.0,0.0,10.1,1021.7,0.0
2025-11-09 05:00:00,4.7,98.0,0.0,8.6,1021.6,0.0
2025-11-09 06:00:00,4.5,98.0,0.0,7.6,1021.5,1.0
2025-11-09 07:00:00,4.8,97.0,0.0,10.4,1021.7,4.0
2025-11-09 08:00:00,6.0,94.0,0.0,11.5,1022.1,2.0
2025-11-09 09:00:00,7.5,88.0,0.0,8.6,1022.1,5.0
2025-11-09 10:00:00,9.7,81.0,0.0,6.5,1021.7,8.0
2025-11-09 11:00:00,11.0,76.0,0.0,5.0,1021.5,8.0
2025-11-09 12:00:00,11.6,74.0,0.0,4.7,1021.0,8.0
2025-11-09 13:00:00,12.3,73.0,0.0,3.2,1020.7,8.0
2025-11-09 14:00:00,12.5,72.0,0.0,3.2,1020.7,8.0
2025-11-09 15:00:00,12.1,75.0,0.0,2.9,1020.6,8.0
2025-11-09 16:00:00,10.6,84.0,0.0,3.2,1020.4,6.0
2025-11-09 17:00:00,9.0,90.0,0.0,4.0,1020.3,7.0
2025-11-09 18:00:00,8.5,91.0,0.0,2.9,1020.3,7.0
2025-11-09 19:00:00,8.1,96.0,0.2,5.0,1020.7,8.0
2025-11-09 20:00:00,7.4,98.0,0.0,5.0,1020.6,8.0
2025-11-09 21:00:00,7.0,99.0,0.0,4.3,1020.6,8.0
2025-11-09 22:00:00,7.2,99.0,0.0,4.0,1020.9,8.0
2025-11-09 23:00:00,8.0,98.0,0.5,5.0,1020.9,8.0
2025-11-10 00:00:00,7.9,98.0,2.2,3.2,1020.7,8.0
2025-11-10 01:00:00,7.9,98.0,2.8,3.6,1020.3,8.0
2025-11-10 02:00:00,7.9,99.0,1.1,1.8,1020.1,7.0
2025-11-10 03:00:00,7.7,99.0,0.0,5.4,1020.0,6.0
2025-11-10 04:00:00,7.3,99.0,0.0,3.6,1020.0,1.0
2025-11-10 05:00:00,6.8,100.0,0.0,3.2,1019.9,4.0
2025-11-10 06:00:00,6.3,100.0,0.0,5.4,1019.6,7.0
2025-11-10 07:00:00,6.3,100.0,0.0,5.8,1019.5,8.0
2025-11-10 08:00:00,7.8,100.0,0.0,7.2,1019.9,8.0
2025-11-10 09:00:00,9.2,98.0,0.0,6.1,1019.9,8.0
2025-11-10 10:00:00,11.3,88.0,0.0,8.3,1019.6,8.0
2025-11-10 11:00:00,11.7,86.0,0.0,9.4,1019.3,8.0
2025-11-10 12:00:00,12.0,87.0,0.0,9.4,1018.9,8.0
2025-11-10 13:00:00,12.0,90.0,0.0,9.7,1018.6,8.0
2025-11-10 14:00:00,12.0,91.0,0.0,10.1,1018.1,8.0
2025-11-10 15:00:00,12.4,91.0,0.0,11.5,1018.0,8.0
2025-11-10 16:00:00,12.1,94.0,0.0,9.4,1017.9,8.0
2025-11-10 17:00:00,12.1,96.0,0.0,8.3,1017.9,8.0
2025-11-10 18:00:00,12.1,97.0,0.0,10.1,1017.8,8.0
2025-11-10 19:00:00,11.8,98.0,0.0,9.7,1017.7,8.0
2025-11-10 20:00:00,12.0,98.0,0.0,10.1,1017.4,8.0
2025-11-10 21:00:00,11.8,98.0,0.0,10.1,1017.3,8.0
2025-11-10 22:00:00,11.7,98.0,0.0,10.1,1017.5,8.0
2025-11-10 23:00:00,11.6,98.0,0.0,8.6,1017.1,8.0
2025-11-11 00:00:00,11.2,98.0,0.0,11.2,1016.6,8.0
2025-11-11 01:00:00,11.1,100.0,0.0,11.2,1016.2,8.0
2025-11-11 02:00:00,11.3,100.0,0.0,12.2,1016.0,8.0
2025-11-11 03:00:00,11.6,99.0,0.2,15.5,1015.4,8.0
2025-11-11 04:00:00,11.8,99.0,0.1,17.6,1015.1,8.0
2025-11-11 05:00:00,11.8,99.0,0.4,17.3,1014.9,8.0
2025-11-11 06:00:00,11.7,99.0,0.2,15.8,1014.6,8.0
2025-11-11 07:00:00,11.6,99.0,0.0,16.9,1014.2,8.0
2025-11-11 08:00:00,11.8,99.0,0.3,19.4,1014.5,8.0
2025-11-11 09:00:00,12.2,96.0,0.2,21.6,1014.2,8.0
2025-11-11 10:00:00,13.1,90.0,0.1,23.4,1013.9,8.0
2025-11-11 11:00:00,13.7,82.0,0.1,22.3,1013.4,8.0
2025-11-11 12:00:00,14.9,77.0,0.0,20.2,1012.9,8.0
2025-11-11 13:00:00,15.5,74.0,0.0,18.7,1012.3,8.0
2025-11-11 14:00:00,15.7,72.0,0.0,16.9,1011.6,8.0
2025-11-11 15:00:00,15.1,76.0,0.0,15.5,1011.7,8.0
2025-11-11 16:00:00,13.7,82.0,0.0,13.3,1012.0,8.0
2025-11-11 17:00:00,12.9,86.0,0.0,16.2,1012.1,8.0
2025-11-11 18:00:00,11.7,93.0,0.0,16.2,1012.3,7.0
2025-11-11 19:00:00,11.3,96.0,0.0,15.8,1012.3,8.0
2025-11-11 20:00:00,11.4,96.0,0.0,15.5,1012.3,8.0
2025-11-11 21:00:00,11.1,94.0,0.0,14.0,1012.3,8.0
2025-11-11 22:00:00,11.0,97.0,0.4,13.3,1012.2,8.0
2025-11-11 23:00:00,11.0,98.0,0.8,12.2,1012.2,8.0
2025-11-12 00:00:00,11.1,98.0,0.8,9.4,1012.2,8.0
2025-11-12 01:00:00,11.2,99.0,0.5,8.6,1012.1,8.0
2025-11-12 02:00:00,11.3,99.0,0.1,13.3,1012.2,8.0
2025-11-12 03:00:00,10.7,95.0,0.0,15.8,1012.5,8.0
2025-11-12 04:00:00,10.0,95.0,0.0,15.8,1012.9,8.0
2025-11-12 05:00:00,9.7,94.0,0.0,14.8,1013.2,8.0
2025-11-12 06:00:00,9.5,92.0,0.0,13.3,1013.7,8.0
2025-11-12 07:00:00,9.6,91.0,0.0,14.0,1013.6,8.0
2025-11-12 08:00:00,9.9,87.0,0.0,15.1,1014.3,8.0
2025-11-12 09:00:00,10.2,82.0,0.0,15.5,1014.7,8.0
2025-11-12 10:00:00,10.4,79.0,0.0,14.8,1015.1,8.0
2025-11-12 11:00:00,10.8,76.0,0.0,14.4,1015.3,8.0
2025-11-12 12:00:00,11.0,73.0,0.0,14.8,1015.4,8.0
2025-11-12 13:00:00,10.8,73.0,0.0,14.0,1015.6,8.0
2025-11-12 14:00:00,10.5,71.0,0.0,13.3,1015.7,8.0
2025-11-12 15:00:00,10.2,70.0,0.0,13.7,1016.1,8.0
2025-11-12 16:00:00,9.9,69.0,0.0,13.3,1016.6,8.0
2025-11-12 17:00:00,9.4,71.0,0.0,12.6,1017.1,8.0
2025-11-12 18:00:00,9.2,72.0,0.0,11.9,1017.6,8.0
2025-11-12 19:00:00,9.0,72.0,0.0,10.1,1017.8,8.0
2025-11-12 20:00:00,8.7,74.0,0.0,9.0,1018.1,8.0
2025-11-12 21:00:00,8.4,75.0,0.0,10.8,1018.5,8.0
2025-11-12 22:00:00,7.6,82.0,0.0,12.6,1018.8,4.0
2025-11-12 23:00:00,6.6,89.0,0.0,11.5,1019.1,0.0
2025-11-13 00:00:00,5.4,94.0,0.0,9.4,1019.4,0.0
2025-11-13 01:00:00,5.0,96.0,0.0,9.7,1019.5,0.0
2025-11-13 02:00:00,4.8,96.0,0.0,10.4,1019.9,1.0
2025-11-13 03:00:00,4.5,97.0,0.0,10.4,1020.1,1.0
2025-11-13 04:00:00,4.2,98.0,0.0,9.4,1020.4,0.0
2025-11-13 05:00:00,3.9,98.0,0.0,8.3,1020.6,1.0
2025-11-13 06:00:00,3.4,99.0,0.0,6.5,1020.8,4.0
2025-11-13 07:00:00,3.0,99.0,0.0,5.4,1021.3,6.0
2025-11-13 08:00:00,4.5,98.0,0.0,6.1,1021.5,8.0
2025-11-13 09:00:00,5.4,95.0,0.0,6.8,1022.0,8.0
2025-11-13 10:00:00,7.0,86.0,0.0,7.2,1022.1,8.0
2025-11-13 11:00:00,8.3,79.0,0.0,6.1,1022.1,5.0
2025-11-13 12:00:00,9.3,72.0,0.0,6.5,1021.7,6.0
2025-11-13 13:00:00,10.0,67.0,0.0,9.7,1021.3,8.0
2025-11-13 14:00:00,9.6,69.0,0.1,8.3,1021.4,5.0
2025-11-13 15:00:00,9.3,71.0,0.0,6.5,1021.5,3.0
2025-11-13 16:00:00,7.9,79.0,0.0,3.6,1021.8,3.0
2025-11-13 17:00:00,6.6,85.0,0.0,4.3,1022.2,4.0
2025-11-13 18:00:00,5.4,93.0,0.0,4.7,1022.6,7.0
2025-11-13 19:00:00,6.0,92.0,0.0,3.2,1022.7,7.0
2025-11-13 20:00:00,5.8,94.0,0.0,3.2,1022.6,0.0
2025-11-13 21:00:00,4.4,97.0,0.0,2.9,1022.8,0.0
2025-11-13 22:00:00,4.0,97.0,0.0,2.9,1023.0,0.0
2025-11-13 23:00:00,3.4,100.0,0.0,2.2,1022.9,5.0
2025-11-14 00:00:00,3.2,100.0,0.0,2.5,1023.1,5.0
2025-11-14 01:00:00,3.1,99.0,0.0,2.9,1023.3,6.0
2025-11-14 02:00:00,3.1,100.0,0.0,1.8,1023.5,8.0
2025-11-14 03:00:00,3.2,100.0,0.0,2.9,1023.3,8.0
2025-11-14 04:00:00,3.5,100.0,0.0,3.2,1023.1,8.0
2025-11-14 05:00:00,3.6,100.0,0.0,4.0,1023.1,8.0
2025-11-14 06:00:00,3.8,99.0,0.0,4.7,1023.3,8.0
2025-11-14 07:00:00,4.2,100.0,0.0,4.3,1023.7,8.0
2025-11-14 08:00:00,5.1,99.0,0.0,5.8,1024.2,8.0
2025-11-14 09:00:00,5.9,96.0,0.0,7.9,1024.2,8.0
2025-11-14 10:00:00,7.6,86.0,0.0,9.4,1024.1,6.0
2025-11-14 11:00:00,9.0,75.0,0.0,9.7,1024.0,3.0
2025-11-14 12:00:00,9.9,70.0,0.0,9.4,1023.7,2.0
2025-11-14 13:00:00,10.2,66.0,0.0,10.1,1023.2,2.0
2025-11-14 14:00:00,10.2,63.0,0.0,10.4,1022.5,2.0
2025-11-14 15:00:00,9.5,67.0,0.0,9.7,1022.6,1.0
2025-11-14 16:00:00,6.9,82.0,0.0,7.2,1022.8,0.0
2025-11-14 17:00:00,5.4,91.0,0.0,7.6,1022.8,0.0
2025-11-14 18:00:00,4.2,95.0,0.0,6.5,1023.1,0.0
2025-11-14 19:00:00,3.5,99.0,0.0,6.1,1022.9,3.0
2025-11-14 20:00:00,3.2,99.0,0.0,6.5,1022.9,1.0
2025-11-14 21:00:00,3.3,99.0,0.0,7.2,1023.0,0.0
2025-11-14 22:00:00,3.9,98.0,0.0,8.6,1022.7,0.0
2025-11-14 23:00:00,4.0,97.0,0.0,7.9,1022.4,0.0
2025-11-15 00:00:00,4.0,100.0,0.0,7.2,1022.1,8.0
2025-11-15 01:00:00,4.4,99.0,0.0,7.9,1022.1,8.0
2025-11-15 02:00:00,4.4,99.0,0.0,8.3,1021.9,4.0
2025-11-15 03:00:00,4.3,98.0,0.0,9.0,1020.9,1.0
2025-11-15 04:00:00,3.9,98.0,0.0,8.6,1020.6,3.0
2025-11-15 05:00:00,3.9,98.0,0.0,9.7,1020.0,0.0
2025-11-15 06:00:00,3.9,98.0,0.0,11.2,1019.5,2.0
2025-11-15 07:00:00,4.0,98.0,0.0,12.2,1019.4,8.0
2025-11-15 08:00:00,5.3,96.0,0.0,15.1,1019.3,4.0
2025-11-15 09:00:00,6.9,91.0,0.0,13.7,1019.0,3.0
2025-11-15 10:00:00,8.5,80.0,0.0,15.8,1018.5,5.0
2025-11-15 11:00:00,9.3,73.0,0.0,18.4,1018.1,8.0
2025-11-15 12:00:00,9.7,72.0,0.0,19.4,1017.0,8.0
2025-11-15 13:00:00,10.1,71.0,0.0,18.7,1016.2,8.0
2025-11-15 14:00:00,10.2,72.0,0.0,17.6,1015.3,7.0
2025-11-15 15:00:00,9.9,73.0,0.0,14.0,1015.4,8.0
2025-11-15 16:00:00,8.3,80.0,0.0,14.0,1015.4,8.0
2025-11-15 17:00:00,7.7,84.0,0.0,14.0,1015.1,8.0
2025-11-15 18:00:00,7.4,87.0,0.0,14.8,1015.3,7.0
2025-11-15 19:00:00,7.0,91.0,0.0,14.0,1015.1,7.0
2025-11-15 20:00:00,6.7,92.0,0.0,13.0,1015.0,8.0
2025-11-15 21:00:00,6.6,93.0,0.0,12.2,1015.5,8.0
2025-11-15 22:00:00,7.0,93.0,0.0,11.9,1015.8,8.0
2025-11-15 23:00:00,7.7,92.0,0.0,11.2,1016.1,8.0
2025-11-16 00:00:00,8.5,93.0,0.0,9.4,1015.8,8.0
2025-11-16 01:00:00,8.3,95.0,0.0,6.5,1015.8,8.0
2025-11-16 02:00:00,7.5,97.0,0.0,5.8,1016.1,8.0
2025-11-16 03:00:00,7.5,97.0,0.0,5.4,1016.2,8.0
2025-11-16 04:00:00,7.6,96.0,0.0,4.0,1016.6,8.0
2025-11-16 05:00:00,7.6,96.0,0.0,7.9,1016.8,8.0
2025-11-16 06:00:00,7.8,94.0,0.0,11.2,1017.1,8.0
2025-11-16 07:00:00,7.8,94.0,0.0,11.2,1017.4,8.0
2025-11-16 08:00:00,7.9,93.0,0.0,10.1,1018.1,8.0
2025-11-16 09:00:00,8.3,90.0,0.0,10.8,1018.2,8.0
2025-11-16 10:00:00,9.0,84.0,0.0,9.0,1018.4,8.0
2025-11-16 11:00:00,10.0,81.0,0.0,6.8,1018.4,8.0
2025-11-16 12:00:00,11.2,71.0,0.0,6.5,1018.0,8.0
2025-11-16 13:00:00,11.2,71.0,0.0,6.8,1017.8,8.0
2025-11-16 14:00:00,10.8,76.0,0.0,6.1,1017.7,8.0
2025-11-16 15:00:00,9.7,82.0,0.0,6.8,1018.2,8.0
2025-11-16 16:00:00,9.1,89.0,0.1,6.1,1018.1,8.0
2025-11-16 17:00:00,8.9,91.0,0.2,7.9,1018.0,8.0
2025-11-16 18:00:00,8.9,93.0,0.0,10.8,1017.9,8.0
2025-11-16 19:00:00,9.1,97.0,0.0,13.0,1017.5,8.0
2025-11-16 20:00:00,9.6,95.0,0.0,16.6,1017.4,8.0
2025-11-16 21:00:00,9.9,92.0,0.2,18.7,1017.5,8.0
2025-11-16 22:00:00,10.0,89.0,0.0,18.4,1017.7,8.0
2025-11-16 23:00:00,10.2,87.0,0.0,17.3,1017.6,8.0
2025-11-17 00:00:00,10.1,88.0,0.0,17.3,1017.2,8.0
2025-11-17 01:00:00,9.4,94.0,0.0,16.2,1016.8,8.0
2025-11-17 02:00:00,9.2,95.0,0.6,16.2,1016.7,8.0
2025-11-17 03:00:00,9.3,95.0,0.9,15.8,1016.2,8.0
2025-11-17 04:00:00,9.0,95.0,0.0,16.6,1016.0,8.0
2025-11-17 05:00:00,9.5,94.0,0.3,19.4,1015.7,8.0
2025-11-17 06:00:00,10.2,93.0,0.0,20.9,1015.2,8.0
2025-11-17 07:00:00,10.3,93.0,0.0,19.8,1015.3,8.0
2025-11-17 08:00:00,10.7,92.0,0.0,20.9,1016.0,8.0
2025-11-17 09:00:00,11.3,89.0,0.0,20.9,1016.3,8.0
2025-11-17 10:00:00,11.9,84.0,0.0,22.7,1016.3,8.0
2025-11-17 11:00:00,12.4,77.0,0.0,22.7,1016.0,8.0
2025-11-17 12:00:00,14.2,66.0,0.0,24.1,1015.4,7.0
2025-11-17 13:00:00,15.5,60.0,0.0,25.2,1015.1,5.0
2025-11-17 14:00:00,15.8,60.0,0.0,20.9,1014.5,6.0
2025-11-17 15:00:00,15.3,65.0,0.0,18.0,1014.4,8.0
2025-11-17 16:00:00,14.0,73.0,0.0,19.4,1014.4,3.0
2025-11-17 17:00:00,13.0,80.0,0.0,19.1,1014.2,3.0
2025-11-17 18:00:00,11.8,89.0,0.0,19.8,1014.1,5.0
2025-11-17 19:00:00,11.2,91.0,0.0,19.1,1014.2,7.0
2025-11-17 20:00:00,11.2,92.0,0.0,19.8,1013.8,8.0
2025-11-17 21:00:00,11.3,94.0,0.0,21.2,1013.5,8.0
2025-11-17 22:00:00,11.9,95.0,0.0,22.3,1013.3,8.0
2025-11-17 23:00:00,12.0,96.0,0.0,22.7,1012.9,8.0
2025-11-18 00:00:00,12.4,94.0,0.0,24.1,1012.4,8.0
2025-11-18 01:00:00,12.6,91.0,0.0,24.8,1012.1,3.0
2025-11-18 02:00:00,12.0,89.0,0.0,24.5,1011.7,0.0
2025-11-18 03:00:00,11.9,84.0,0.0,24.5,1011.1,7.0
2025-11-18 04:00:00,12.4,80.0,0.0,24.8,1010.8,7.0
2025-11-18 05:00:00,12.7,79.0,0.0,24.5,1010.6,8.0
2025-11-18 06:00:00,13.0,79.0,0.0,24.8,1010.5,6.0
2025-11-18 07:00:00,13.5,77.0,0.0,24.5,1010.2,7.0
2025-11-18 08:00:00,14.1,77.0,0.0,23.8,1010.5,7.0
2025-11-18 09:00:00,15.5,76.0,0.0,25.2,1010.5,8.0
2025-11-18 10:00:00,16.5,76.0,0.0,30.6,1010.5,7.0
2025-11-18 11:00:00,17.5,71.0,0.0,28.4,1010.3,7.0
2025-11-18 12:00:00,18.1,67.0,0.0,24.5,1009.5,8.0
2025-11-18 13:00:00,18.3,64.0,0.0,24.8,1009.9,7.0
2025-11-18 14:00:00,17.9,63.0,0.0,24.1,1010.2,8.0
2025-11-18 15:00:00,16.7,71.0,0.1,20.9,1010.8,8.0
2025-11-18 16:00:00,15.2,79.0,0.0,15.5,1011.2,8.0
2025-11-18 17:00:00,13.8,85.0,0.0,14.0,1012.2,8.0
2025-11-18 18:00:00,12.9,88.0,0.0,11.2,1012.8,8.0
2025-11-18 19:00:00,12.2,90.0,0.0,19.4,1013.2,8.0
2025-11-18 20:00:00,10.0,77.0,0.0,19.8,1014.5,8.0
2025-11-18 21:00:00,9.2,78.0,0.0,18.7,1015.6,8.0
2025-11-18 22:00:00,8.4,80.0,0.0,19.4,1016.6,8.0
2025-11-18 23:00:00,7.1,92.0,0.6,19.8,1017.5,8.0
2025-11-19 00:00:00,6.6,92.0,0.8,18.7,1017.7,8.0
2025-11-19 01:00:00,6.5,89.0,0.0,15.1,1018.3,6.0
2025-11-19 02:00:00,6.2,88.0,0.0,13.7,1018.3,8.0
2025-11-19 03:00:00,6.0,86.0,0.0,15.1,1017.7,8.0
2025-11-19 04:00:00,6.0,85.0,0.0,15.1,1017.8,8.0
2025-11-19 05:00:00,6.0,84.0,0.0,16.6,1017.5,8.0
2025-11-19 06:00:00,5.9,87.0,0.2,15.8,1016.9,8.0
2025-11-19 07:00:00,5.8,93.0,2.6,16.2,1016.7,8.0
2025-11-19 08:00:00,5.7,94.0,2.2,20.5,1015.6,8.0
2025-11-19 09:00:00,5.7,95.0,2.9,19.1,1016.1,8.0
2025-11-19 10:00:00,5.6,95.0,2.6,20.2,1016.3,8.0
2025-11-19 11:00:00,5.6,95.0,1.3,20.5,1016.3,8.0
2025-11-19 12:00:00,5.7,91.0,0.2,20.9,1016.1,8.0
2025-11-19 13:00:00,5.6,84.0,0.0,20.2,1016.8,8.0
2025-11-19 14:00:00,5.6,82.0,0.0,16.2,1017.2,8.0
2025-11-19 15:00:00,5.5,82.0,0.0,15.1,1017.9,8.0
2025-11-19 16:00:00,5.2,84.0,0.0,13.7,1018.4,8.0
2025-11-19 17:00:00,4.4,89.0,0.0,12.6,1018.8,8.0
2025-11-19 18:00:00,4.4,89.0,0.0,13.7,1019.4,8.0
2025-11-19 19:00:00,4.1,89.0,0.0,14.0,1019.6,8.0
2025-11-19 20:00:00,3.9,89.0,0.0,12.2,1020.3,8.0
2025-11-19 21:00:00,3.9,88.0,0.0,10.8,1020.9,8.0
2025-11-19 22:00:00,3.8,89.0,0.0,10.4,1021.4,8.0
2025-11-19 23:00:00,3.7,89.0,0.0,10.4,1021.6,8.0
2025-11-20 00:00:00,3.6,89.0,0.0,11.2,1021.5,8.0
2025-11-20 01:00:00,3.5,89.0,0.0,11.2,1021.8,8.0
2025-11-20 02:00:00,3.5,90.0,0.1,11.9,1021.8,8.0
2025-11-20 03:00:00,3.4,90.0,0.0,11.5,1021.8,8.0
2025-11-20 04:00:00,3.4,90.0,0.0,13.0,1021.5,8.0
2025-11-20 05:00:00,3.4,92.0,0.3,11.9,1021.4,8.0
2025-11-20 06:00:00,3.3,95.0,0.6,13.3,1020.9,8.0
2025-11-20 07:00:00,3.4,94.0,0.0,13.0,1020.8,8.0
2025-11-20 08:00:00,3.7,95.0,0.1,14.0,1021.0,8.0
2025-11-20 09:00:00,4.1,97.0,0.4,13.0,1021.1,8.0
2025-11-20 10:00:00,4.5,97.0,0.7,13.7,1020.9,8.0
2025-11-20 11:00:00,4.9,98.0,1.2,13.0,1020.6,8.0
2025-11-20 12:00:00,5.5,97.0,1.1,14.0,1020.0,8.0
2025-11-20 13:00:00,5.9,97.0,1.6,13.7,1019.4,8.0
2025-11-20 14:00:00,6.2,98.0,0.3,13.3,1018.9,8.0
2025-11-20 15:00:00,6.7,98.0,0.0,12.2,1018.9,8.0
2025-11-20 16:00:00,7.7,97.0,0.0,11.9,1019.0,8.0
2025-11-20 17:00:00,8.4,98.0,0.3,13.7,1018.7,7.0
2025-11-20 18:00:00,9.8,99.0,1.2,16.6,1018.6,8.0
2025-11-20 19:00:00,10.3,98.0,0.0,15.8,1018.7,8.0
2025-11-20 20:00:00,10.4,98.0,0.3,15.5,1018.9,7.0
2025-11-20 21:00:00,10.3,99.0,0.1,15.1,1018.9,8.0
2025-11-20 22:00:00,10.6,99.0,0.0,16.6,1019.1,8.0
2025-11-20 23:00:00,10.4,100.0,0.0,16.6,1019.2,8.0
2025-11-21 00:00:00,10.7,100.0,0.0,15.8,1019.5,8.0
2025-11-21 01:00:00,10.9,99.0,0.0,14.4,1019.5,8.0
2025-11-21 02:00:00,10.8,99.0,0.0,13.3,1019.6,8.0
2025-11-21 03:00:00,10.7,98.0,0.0,13.0,1019.4,8.0
2025-11-21 04:00:00,10.9,99.0,0.0,14.0,1019.8,8.0
2025-11-21 05:00:00,10.7,99.0,0.0,14.0,1019.5,8.0
2025-11-21 06:00:00,10.3,100.0,0.4,14.4,1019.5,8.0
2025-11-21 07:00:00,10.0,100.0,0.1,14.0,1019.8,8.0
2025-11-21 08:00:00,10.2,98.0,0.0,15.1,1020.1,8.0
2025-11-21 09:00:00,10.7,97.0,0.0,16.6,1019.9,8.0
2025-11-21 10:00:00,12.2,90.0,0.0,17.3,1020.0,7.0
2025-11-21 11:00:00,13.7,83.0,0.0,16.2,1019.7,2.0
2025-11-21 12:00:00,15.0,78.0,0.0,18.0,1019.3,0.0
2025-11-21 13:00:00,16.1,72.0,0.0,19.1,1018.7,0.0
2025-11-21 14:00:00,16.5,70.0,0.0,18.7,1018.2,5.0
2025-11-21 15:00:00,16.0,72.0,0.0,19.4,1018.3,6.0
2025-11-21 16:00:00,14.6,77.0,0.0,18.7,1018.5,8.0
2025-11-21 17:00:00,13.4,81.0,0.0,18.4,1018.9,8.0
2025-11-21 18:00:00,12.4,84.0,0.0,18.4,1019.1,7.0
2025-11-21 19:00:00,11.4,88.0,0.0,18.7,1019.2,3.0
2025-11-21 20:00:00,11.2,88.0,0.0,18.0,1019.4,7.0
2025-11-21 21:00:00,11.4,86.0,0.0,17.6,1019.5,7.0
2025-11-21 22:00:00,11.0,88.0,0.0,16.2,1019.5,1.0
2025-11-21 23:00:00,10.7,88.0,0.0,16.6,1019.3,1.0
2025-11-22 00:00:00,10.6,90.0,0.0,16.2,1019.3,2.0
2025-11-22 01:00:00,10.3,91.0,0.0,13.0,1019.5,2.0
2025-11-22 02:00:00,10.0,91.0,0.0,13.3,1019.4,0.0
2025-11-22 03:00:00,9.8,92.0,0.0,13.0,1019.3,0.0
2025-11-22 04:00:00,9.5,92.0,0.0,12.2,1019.2,0.0
2025-11-22 05:00:00,9.2,94.0,0.0,11.2,1019.4,0.0
2025-11-22 06:00:00,9.1,94.0,0.0,11.2,1019.2,0.0
2025-11-22 07:00:00,8.9,94.0,0.0,10.1,1019.2,1.0
2025-11-22 08:00:00,9.7,93.0,0.0,12.6,1019.4,1.0
2025-11-22 09:00:00,11.5,88.0,0.0,13.7,1019.5,4.0
2025-11-22 10:00:00,13.3,78.0,0.0,12.2,1019.4,8.0
2025-11-22 11:00:00,14.7,72.0,0.0,13.7,1019.3,8.0
2025-11-22 12:00:00,15.6,68.0,0.0,12.2,1018.7,8.0
2025-11-22 13:00:00,16.1,66.0,0.0,11.5,1018.2,8.0
2025-11-22 14:00:00,16.1,66.0,0.0,11.2,1017.4,0.0
2025-11-22 15:00:00,14.8,73.0,0.0,11.5,1017.6,0.0
2025-11-22 16:00:00,12.8,81.0,0.0,12.2,1017.8,0.0
2025-11-22 17:00:00,12.0,83.0,0.0,12.6,1017.8,0.0
2025-11-22 18:00:00,11.2,87.0,0.0,12.6,1017.8,0.0
2025-11-22 19:00:00,10.3,92.0,0.0,11.9,1017.8,8.0
2025-11-22 20:00:00,9.7,94.0,0.0,9.7,1017.9,8.0
2025-11-22 21:00:00,9.2,95.0,0.0,8.6,1018.0,8.0
2025-11-22 22:00:00,9.1,95.0,0.0,10.1,1018.1,8.0
2025-11-22 23:00:00,9.1,94.0,0.0,10.8,1017.8,8.0
2025-11-23 00:00:00,9.0,95.0,0.0,10.4,1017.6,8.0
2025-11-23 01:00:00,8.9,95.0,0.0,10.4,1017.7,8.0
2025-11-23 02:00:00,9.1,94.0,0.0,10.1,1017.8,8.0
2025-11-23 03:00:00,8.9,94.0,0.0,9.0,1017.7,8.0
2025-11-23 04:00:00,8.8,94.0,0.0,8.6,1017.7,8.0
2025-11-23 05:00:00,8.6,94.0,0.0,8.6,1017.8,8.0
2025-11-23 06:00:00,8.3,94.0,0.0,8.3,1017.8,8.0
2025-11-23 07:00:00,8.2,94.0,0.0,8.6,1017.6,8.0
2025-11-23 08:00:00,9.3,94.0,0.0,10.8,1017.8,8.0
2025-11-23 09:00:00,10.9,89.0,0.0,11.9,1017.6,8.0
2025-11-23 10:00:00,12.6,83.0,0.0,10.8,1017.3,8.0
2025-11-23 11:00:00,14.3,74.0,0.0,11.9,1016.9,8.0
2025-11-23 12:00:00,15.8,66.0,0.0,13.3,1016.0,8.0
2025-11-23 13:00:00,16.3,65.0,0.0,14.8,1015.1,8.0
2025-11-23 14:00:00,16.3,65.0,0.0,14.8,1014.6,8.0
2025-11-23 15:00:00,15.8,66.0,0.0,15.1,1013.9,8.0
2025-11-23 16:00:00,14.4,72.0,0.0,15.5,1013.5,8.0
2025-11-23 17:00:00,13.7,76.0,0.0,14.4,1013.4,8.0
2025-11-23 18:00:00,13.0,74.0,0.0,15.8,1013.4,8.0
2025-11-23 19:00:00,12.3,71.0,0.0,16.9,1013.1,8.0
2025-11-23 20:00:00,11.8,73.0,0.0,17.3,1012.8,8.0
2025-11-23 21:00:00,11.4,78.0,0.0,16.2,1012.4,8.0
2025-11-23 22:00:00,11.1,84.0,0.0,14.0,1012.2,8.0
2025-11-23 23:00:00,10.8,88.0,0.0,13.0,1011.9,8.0
2025-11-24 00:00:00,11.0,88.0,0.0,12.2,1011.8,8.0
2025-11-24 01:00:00,10.8,91.0,0.0,11.2,1011.7,8.0
2025-11-24 02:00:00,10.6,92.0,0.0,10.4,1011.5,8.0
2025-11-24 03:00:00,10.4,92.0,1.0,12.6,1011.3,8.0
2025-11-24 04:00:00,10.6,94.0,0.6,13.0,1010.7,8.0
2025-11-24 05:00:00,10.7,94.0,1.1,14.8,1010.5,8.0
2025-11-24 06:00:00,11.0,95.0,1.2,14.4,1010.2,8.0
2025-11-24 07:00:00,11.2,95.0,0.2,13.7,1010.3,8.0
2025-11-24 08:00:00,11.4,96.0,0.2,14.0,1010.6,8.0
2025-11-24 09:00:00,11.9,97.0,0.2,14.0,1010.9,8.0
2025-11-24 10:00:00,12.5,95.0,0.0,16.2,1011.4,8.0
2025-11-24 11:00:00,12.8,92.0,0.0,18.7,1011.7,8.0
2025-11-24 12:00:00,11.2,86.0,0.1,19.8,1012.1,8.0
2025-11-24 13:00:00,11.0,79.0,0.0,16.2,1012.6,8.0
2025-11-24 14:00:00,10.9,67.0,0.0,14.4,1013.0,8.0
2025-11-24 15:00:00,10.2,66.0,0.0,11.9,1013.9,8.0
2025-11-24 16:00:00,8.6,67.0,0.0,10.4,1014.8,8.0
2025-11-24 17:00:00,7.3,68.0,0.0,7.9,1015.8,8.0
2025-11-24 18:00:00,6.2,71.0,0.0,6.8,1016.7,4.0
2025-11-24 19:00:00,5.2,74.0,0.0,8.6,1017.4,0.0
2025-11-24 20:00:00,4.3,75.0,0.0,8.3,1017.8,0.0
2025-11-24 21:00:00,3.3,80.0,0.0,6.5,1018.3,0.0
2025-11-24 22:00:00,3.3,80.0,0.0,3.6,1018.8,0.0
2025-11-24 23:00:00,3.3,82.0,0.0,3.2,1019.1,0.0
2025-11-25 00:00:00,3.0,83.0,0.0,5.8,1019.4,0.0
2025-11-25 01:00:00,2.7,88.0,0.0,7.9,1019.5,0.0
2025-11-25 02:00:00,2.5,91.0,0.0,8.3,1019.6,0.0
2025-11-25 03:00:00,2.6,92.0,0.0,9.4,1019.6,0.0
2025-11-25 04:00:00,3.2,92.0,0.0,10.4,1019.7,3.0
2025-11-25 05:00:00,3.3,92.0,0.0,10.1,1020.0,6.0
2025-11-25 06:00:00,3.4,92.0,0.0,9.7,1020.3,1.0
2025-11-25 07:00:00,3.3,93.0,0.0,9.4,1020.6,4.0
2025-11-25 08:00:00,4.7,91.0,0.0,13.3,1020.8,8.0
2025-11-25 09:00:00,7.9,84.0,0.0,16.2,1021.5,4.0
2025-11-25 10:00:00,9.1,74.0,0.0,16.9,1021.4,1.0
2025-11-25 11:00:00,10.4,66.0,0.0,15.8,1021.1,3.0
2025-11-25 12:00:00,10.8,66.0,0.0,16.2,1020.8,2.0
2025-11-25 13:00:00,11.2,64.0,0.0,14.4,1020.4,1.0
2025-11-25 14:00:00,9.4,67.0,0.0,9.7,1019.8,0.0
2025-11-25 15:00:00,10.4,68.0,0.0,11.5,1020.1,0.0
2025-11-25 16:00:00,7.9,79.0,0.0,10.4,1020.1,0.0
2025-11-25 17:00:00,7.4,81.0,0.0,12.2,1020.2,0.0
2025-11-25 18:00:00,7.1,83.0,0.0,14.0,1020.4,0.0
2025-11-25 19:00:00,6.7,85.0,0.0,15.8,1020.5,0.0
2025-11-25 20:00:00,5.5,91.0,0.0,9.7,1019.8,1.0
2025-11-25 21:00:00,5.8,94.0,0.0,14.8,1020.2,0.0
2025-11-25 22:00:00,5.7,95.0,0.0,14.4,1020.1,0.0
2025-11-25 23:00:00,5.6,96.0,0.0,13.3,1020.1,0.0
2025-11-26 00:00:00,5.5,96.0,0.0,13.0,1019.9,3.0
2025-11-26 01:00:00,5.4,97.0,0.0,13.3,1019.7,8.0
2025-11-26 02:00:00,4.7,98.0,0.0,10.4,1018.8,0.0
2025-11-26 03:00:00,5.2,97.0,0.0,14.0,1019.3,8.0
2025-11-26 04:00:00,5.2,97.0,0.0,14.4,1019.2,8.0
2025-11-26 05:00:00,5.1,97.0,0.0,14.0,1018.9,7.0
2025-11-26 06:00:00,4.9,96.0,0.0,13.7,1018.8,4.0
2025-11-26 07:00:00,5.1,96.0,0.0,13.7,1018.9,2.0
2025-11-26 08:00:00,7.2,97.0,0.0,13.0,1018.2,8.0
2025-11-26 09:00:00,8.4,92.0,0.0,18.7,1019.1,8.0
2025-11-26 10:00:00,9.6,87.0,0.0,20.2,1019.1,7.0
2025-11-26 11:00:00,10.7,82.0,0.0,21.6,1018.9,8.0
2025-11-26 12:00:00,11.1,82.0,0.0,21.2,1018.5,8.0
2025-11-26 13:00:00,11.5,81.0,0.0,20.9,1018.4,8.0
2025-11-26 14:00:00,12.1,80.0,0.0,11.2,1017.0,3.0
2025-11-26 15:00:00,11.2,84.0,0.0,18.7,1018.3,8.0
2025-11-26 16:00:00,10.4,89.0,0.0,16.9,1018.4,8.0
2025-11-26 17:00:00,10.0,91.0,0.0,18.7,1018.6,8.0
2025-11-26 18:00:00,9.4,94.0,0.0,18.7,1019.0,8.0
2025-11-26 19:00:00,9.3,95.0,0.0,18.7,1019.3,8.0
2025-11-26 20:00:00,8.6,98.0,0.0,16.6,1017.7,5.0
2025-11-26 21:00:00,9.0,97.0,0.0,18.0,1019.5,8.0
2025-11-26 22:00:00,9.2,96.0,0.0,17.3,1019.6,8.0
2025-11-26 23:00:00,9.3,97.0,0.0,16.9,1019.8,8.0
2025-11-27 00:00:00,9.5,97.0,0.0,16.6,1020.0,8.0
2025-11-27 01:00:00,9.9,96.0,0.0,17.3,1019.8,8.0
2025-11-27 02:00:00,9.2,99.0,0.0,16.9,1017.7,8.0
2025-11-27 03:00:00,10.6,95.0,0.0,16.9,1019.8,8.0
2025-11-27 04:00:00,10.6,96.0,0.0,16.9,1019.9,8.0
2025-11-27 05:00:00,10.6,97.0,0.0,16.9,1020.0,8.0
2025-11-27 06:00:00,10.7,98.0,0.0,17.3,1020.1,8.0
2025-11-27 07:00:00,10.4,98.0,0.0,18.4,1020.3,8.0
2025-11-27 08:00:00,9.5,96.0,0.0,13.0,1018.4,8.0
2025-11-27 09:00:00,11.1,96.0,0.0,20.9,1020.9,8.0
2025-11-27 10:00:00,11.9,92.0,0.0,22.3,1021.2,8.0
2025-11-27 11:00:00,12.9,85.0,0.0,24.8,1021.4,8.0
2025-11-27 12:00:00,13.4,82.0,0.0,23.0,1020.8,8.0
2025-11-27 13:00:00,13.6,81.0,0.0,20.9,1020.8,8.0
2025-11-27 14:00:00,13.0,81.0,0.0,7.6,1018.4,8.0
2025-11-27 15:00:00,13.1,83.0,0.0,17.3,1020.9,8.0
2025-11-27 16:00:00,11.5,92.0,0.0,16.9,1021.2,8.0
2025-11-27 17:00:00,10.9,95.0,0.0,16.9,1021.4,8.0
2025-11-27 18:00:00,10.5,96.0,0.0,16.2,1021.7,8.0
2025-11-27 19:00:00,10.6,97.0,0.0,16.6,1021.8,8.0
2025-11-27 20:00:00,10.9,96.0,0.0,2.5,1020.1,8.0
2025-11-27 21:00:00,10.3,96.0,0.0,15.5,1022.5,8.0
2025-11-27 22:00:00,10.2,97.0,0.0,14.4,1022.7,8.0
2025-11-27 23:00:00,10.3,96.0,0.0,14.0,1022.8,8.0
2025-11-28 00:00:00,10.3,96.0,0.0,13.7,1022.7,8.0
2025-11-28 01:00:00,10.1,97.0,0.2,12.6,1022.7,8.0
2025-11-28 02:00:00,7.1,75.0,0.3,13.3,1022.7,8.0
2025-11-28 03:00:00,9.3,98.0,0.0,11.9,1022.5,8.0
2025-11-28 04:00:00,8.9,99.0,0.0,9.4,1022.5,8.0
2025-11-28 05:00:00,9.6,99.0,0.0,7.9,1022.5,8.0
2025-11-28 06:00:00,9.6,99.0,0.0,6.8,1022.3,8.0
2025-11-28 07:00:00,9.6,99.0,0.0,5.0,1022.6,8.0
2025-11-28 08:00:00,6.0,83.0,0.0,10.4,1023.9,8.0
2025-11-28 09:00:00,10.5,93.0,0.0,7.6,1023.3,8.0
2025-11-28 10:00:00,11.2,88.0,0.0,8.3,1023.2,8.0
2025-11-28 11:00:00,12.1,82.0,0.0,8.6,1023.1,8.0
2025-11-28 12:00:00,13.0,78.0,0.0,7.6,1022.4,8.0
2025-11-28 13:00:00,13.5,76.0,0.0,7.9,1022.1,8.0
2025-11-28 14:00:00,8.1,63.0,0.0,11.2,1023.8,8.0
2025-11-28 15:00:00,12.6,82.0,0.0,6.5,1022.0,6.0
2025-11-28 16:00:00,10.3,91.0,0.0,7.6,1022.2,8.0
2025-11-28 17:00:00,9.7,93.0,0.0,9.0,1022.3,8.0
2025-11-28 18:00:00,9.3,94.0,0.0,10.4,1022.4,8.0
2025-11-28 19:00:00,8.9,95.0,0.0,10.4,1022.5,8.0
2025-11-28 20:00:00,6.5,72.0,0.0,9.0,1024.6,8.0
2025-11-28 21:00:00,7.9,95.0,0.0,9.7,1022.5,8.0
2025-11-28 22:00:00,7.4,96.0,0.0,9.4,1022.5,8.0
2025-11-28 23:00:00,6.8,96.0,0.0,9.0,1022.5,7.0
2025-11-29 00:00:00,6.7,96.0,0.0,9.7,1022.4,8.0
2025-11-29 01:00:00,6.3,97.0,0.0,9.7,1022.2,8.0
2025-11-29 02:00:00,5.6,82.0,0.0,7.6,1023.8,7.0
2025-11-29 03:00:00,7.3,99.0,0.0,12.2,1021.9,8.0
2025-11-29 04:00:00,7.2,98.0,0.0,12.6,1021.9,8.0
2025-11-29 05:00:00,7.1,96.0,0.0,13.7,1021.8,8.0
2025-11-29 06:00:00,6.8,94.0,0.0,13.7,1021.4,8.0
2025-11-29 07:00:00,6.2,94.0,0.0,14.0,1021.4,8.0
2025-11-29 08:00:00,6.7,79.0,0.0,8.3,1022.6,6.0
2025-11-29 09:00:00,6.2,93.0,0.0,14.0,1021.5,8.0
2025-11-29 10:00:00,6.7,89.0,0.0,14.0,1021.4,8.0
2025-11-29 11:00:00,7.1,86.0,0.0,13.3,1021.0,8.0
2025-11-29 12:00:00,7.7,83.0,0.0,14.0,1020.0,8.0
2025-11-29 13:00:00,8.4,79.0,0.0,13.0,1019.3,8.0
2025-11-29 14:00:00,10.9,72.0,0.0,11.2,1019.9,2.0
2025-11-29 15:00:00,8.5,79.0,0.0,13.0,1018.9,0.0
2025-11-29 16:00:00,6.8,87.0,0.0,10.1,1019.0,0.0
2025-11-29 17:00:00,6.4,90.0,0.0,13.7,1018.8,2.0
2025-11-29 18:00:00,6.0,91.0,0.0,14.8,1018.4,7.0
2025-11-29 19:00:00,5.6,92.0,0.0,14.8,1018.2,8.0
2025-11-29 20:00:00,6.2,91.0,0.0,10.4,1019.3,3.0
2025-11-29 21:00:00,5.0,94.0,0.0,14.0,1017.8,7.0
2025-11-29 22:00:00,4.6,94.0,0.0,13.3,1017.7,7.0
2025-11-29 23:00:00,4.3,94.0,0.0,13.3,1017.6,7.0
2025-11-30 00:00:00,4.0,95.0,0.0,13.7,1017.3,7.0
2025-11-30 01:00:00,2.8,95.0,0.0,11.9,1017.5,8.0
2025-11-30 02:00:00,5.3,96.0,0.0,10.8,1017.3,7.0
2025-11-30 03:00:00,2.4,96.0,0.0,13.7,1017.1,8.0
2025-11-30 04:00:00,2.3,96.0,0.0,14.4,1016.7,8.0
2025-11-30 05:00:00,2.3,96.0,0.0,14.0,1016.6,8.0
2025-11-30 06:00:00,2.4,98.0,0.0,15.5,1016.6,8.0
2025-11-30 07:00:00,2.7,97.0,0.0,18.7,1016.4,8.0
2025-11-30 08:00:00,5.1,91.0,0.0,15.1,1015.3,8.0
2025-11-30 09:00:00,3.7,93.0,0.0,20.2,1016.6,8.0
2025-11-30 10:00:00,4.8,87.0,0.0,21.2,1016.5,8.0
2025-11-30 11:00:00,5.7,81.0,0.0,20.9,1016.2,8.0
2025-11-30 12:00:00,6.6,76.0,0.0,19.4,1015.8,8.0
2025-11-30 13:00:00,7.3,73.0,0.0,19.4,1015.5,8.0
2025-11-30 14:00:00,10.0,68.0,0.0,16.2,1012.4,8.0
2025-11-30 15:00:00,7.1,74.0,0.0,17.6,1015.3,8.0
2025-11-30 16:00:00,5.9,81.0,0.0,18.7,1015.2,8.0
2025-11-30 17:00:00,5.4,83.0,0.0,19.1,1015.4,8.0
2025-11-30 18:00:00,5.3,84.0,0.0,19.8,1015.4,8.0
2025-11-30 19:00:00,5.2,85.0,0.0,19.8,1015.6,8.0
2025-11-30 20:00:00,7.4,90.0,0.0,17.6,1012.0,8.0
2025-11-30 21:00:00,5.0,88.0,0.0,18.7,1015.3,8.0
2025-11-30 22:00:00,5.0,89.0,0.0,18.4,1015.4,8.0
2025-11-30 23:00:00,4.8,90.0,0.0,14.4,1015.3,8.0
2025-12-01 00:00:00,4.9,91.0,0.0,13.7,1015.1,8.0
2025-12-01 01:00:00,5.0,92.0,0.0,13.0,1015.0,8.0
2025-12-01 02:00:00,6.6,95.0,0.0,10.4,1011.5,8.0
2025-12-01 03:00:00,5.1,93.0,0.0,14.0,1014.9,8.0
2025-12-01 04:00:00,5.9,89.0,0.0,14.8,1015.0,8.0
2025-12-01 05:00:00,6.0,90.0,0.2,14.4,1015.1,8.0
2025-12-01 06:00:00,6.0,93.0,0.1,14.8,1015.2,8.0
2025-12-01 07:00:00,6.0,94.0,0.1,14.4,1015.2,8.0
2025-12-01 08:00:00,6.9,96.0,0.0,10.8,1012.4,8.0
2025-12-01 09:00:00,6.4,96.0,0.2,13.7,1015.7,8.0
2025-12-01 10:00:00,6.9,96.0,0.1,14.4,1016.0,8.0
2025-12-01 11:00:00,7.6,95.0,0.0,14.4,1016.0,8.0
2025-12-01 12:00:00,8.2,94.0,0.0,12.2,1015.8,8.0
2025-12-01 13:00:00,8.7,94.0,0.0,11.5,1016.0,8.0
2025-12-01 14:00:00,10.8,88.0,0.0,6.1,1012.9,8.0
2025-12-01 15:00:00,9.0,94.0,0.0,9.4,1016.7,8.0
2025-12-01 16:00:00,8.7,96.0,0.0,9.0,1017.2,8.0
2025-12-01 17:00:00,8.6,95.0,0.0,9.7,1017.5,8.0
2025-12-01 18:00:00,8.4,96.0,0.0,9.7,1018.0,8.0
2025-12-01 19:00:00,8.3,97.0,0.0,9.7,1018.3,8.0
2025-12-01 20:00:00,8.8,99.0,0.0,3.6,1014.8,8.0
2025-12-01 21:00:00,7.5,97.0,0.0,11.9,1019.3,8.0
2025-12-01 22:00:00,7.5,97.0,0.0,11.9,1019.7,8.0
2025-12-01 23:00:00,7.4,96.0,0.0,11.2,1019.7,8.0
2025-12-02 00:00:00,7.4,96.0,0.0,10.1,1019.6,8.0
2025-12-02 01:00:00,7.3,96.0,0.0,9.7,1019.7,8.0
2025-12-02 02:00:00,9.3,100.0,0.0,6.1,1016.2,8.0
2025-12-02 03:00:00,6.9,96.0,0.0,9.0,1020.2,8.0
2025-12-02 04:00:00,7.0,95.0,0.0,9.7,1020.4,8.0
2025-12-02 05:00:00,6.9,94.0,0.0,10.4,1020.7,8.0
2025-12-02 06:00:00,6.8,94.0,0.0,10.1,1020.9,8.0
2025-12-02 07:00:00,6.9,93.0,0.0,10.1,1021.3,8.0
2025-12-02 08:00:00,7.1,91.0,0.0,10.4,1021.7,8.0
2025-12-02 09:00:00,7.6,87.0,0.0,9.7,1022.1,8.0
2025-12-02 10:00:00,8.0,86.0,0.0,9.7,1022.6,8.0
2025-12-02 11:00:00,8.5,83.0,0.0,9.0,1022.7,8.0
2025-12-02 12:00:00,8.7,83.0,0.0,8.3,1022.6,8.0
2025-12-02 13:00:00,8.8,82.0,0.0,7.9,1022.5,8.0
2025-12-02 14:00:00,8.9,82.0,0.0,8.6,1022.6,8.0
2025-12-02 15:00:00,8.6,83.0,0.0,9.7,1022.9,8.0
2025-12-02 16:00:00,8.1,86.0,0.0,7.6,1023.2,8.0
2025-12-02 17:00:00,7.9,86.0,0.0,8.6,1023.5,8.0
2025-12-02 18:00:00,7.3,84.0,0.0,8.6,1023.8,8.0
2025-12-02 19:00:00,6.9,86.0,0.0,9.0,1024.3,8.0
2025-12-02 20:00:00,6.7,87.0,0.0,8.3,1024.4,8.0
2025-12-02 21:00:00,6.4,89.0,0.0,7.9,1024.8,8.0
2025-12-02 22:00:00,6.4,90.0,0.0,7.9,1025.1,8.0
2025-12-02 23:00:00,6.2,92.0,0.0,7.9,1025.3,8.0
2025-12-03 00:00:00,6.5,91.0,0.0,8.6,1025.5,8.0
2025-12-03 01:00:00,6.6,92.0,0.0,8.6,1025.7,8.0
2025-12-03 02:00:00,6.5,92.0,0.0,9.4,1025.9,8.0
2025-12-03 03:00:00,6.1,94.0,0.0,9.4,1026.1,8.0
2025-12-03 04:00:00,6.1,93.0,0.0,9.4,1026.2,8.0
2025-12-03 05:00:00,6.0,92.0,0.0,9.0,1026.5,8.0
2025-12-03 06:00:00,6.1,91.0,0.0,9.7,1026.8,8.0
2025-12-03 07:00:00,5.9,92.0,0.0,9.4,1026.9,8.0
2025-12-03 08:00:00,5.9,91.0,0.0,11.2,1027.4,8.0
2025-12-03 09:00:00,6.4,87.0,0.0,12.2,1027.7,8.0
2025-12-03 10:00:00,6.9,84.0,0.0,12.2,1028.0,8.0
2025-12-03 11:00:00,7.3,82.0,0.0,11.9,1028.0,8.0
2025-12-03 12:00:00,7.5,80.0,0.0,11.9,1027.7,8.0
2025-12-03 13:00:00,7.6,79.0,0.0,11.9,1027.6,8.0
2025-12-03 14:00:00,7.7,78.0,0.0,11.9,1027.5,8.0
2025-12-03 15:00:00,7.5,79.0,0.0,11.9,1027.6,8.0
2025-12-03 16:00:00,6.6,77.0,0.0,10.1,1028.0,8.0
2025-12-03 17:00:00,6.3,77.0,0.0,11.9,1028.2,8.0
2025-12-03 18:00:00,6.0,77.0,0.0,12.2,1028.2,8.0
2025-12-03 19:00:00,5.9,77.0,0.0,10.8,1028.2,8.0
2025-12-03 20:00:00,5.7,78.0,0.0,10.8,1028.6,8.0
2025-12-03 21:00:00,5.6,78.0,0.0,11.2,1028.6,8.0
2025-12-03 22:00:00,5.6,77.0,0.0,10.8,1028.7,8.0
2025-12-03 23:00:00,5.5,78.0,0.0,9.4,1028.8,8.0
2025-12-04 00:00:00,5.5,78.0,0.0,10.1,1028.7,8.0
2025-12-04 01:00:00,5.4,79.0,0.0,9.4,1028.6,8.0
2025-12-04 02:00:00,5.4,80.0,0.0,9.7,1028.6,8.0
2025-12-04 03:00:00,5.4,82.0,0.0,10.4,1028.5,8.0
2025-12-04 04:00:00,5.4,86.0,0.0,11.2,1028.3,8.0
2025-12-04 05:00:00,5.5,87.0,0.0,11.2,1028.3,8.0
2025-12-04 06:00:00,5.5,88.0,0.0,11.5,1028.2,8.0
2025-12-04 07:00:00,5.6,87.0,0.0,11.9,1028.5,8.0
2025-12-04 08:00:00,5.7,87.0,0.0,11.9,1028.8,8.0
2025-12-04 09:00:00,6.2,84.0,0.0,12.2,1028.9,8.0
2025-12-04 10:00:00,6.5,81.0,0.0,13.7,1029.0,8.0
2025-12-04 11:00:00,6.9,79.0,0.0,14.8,1028.7,8.0
2025-12-04 12:00:00,7.3,77.0,0.0,15.1,1028.2,8.0
2025-12-04 13:00:00,7.5,75.0,0.0,12.2,1027.9,8.0
2025-12-04 14:00:00,6.6,74.0,0.0,13.3,1027.4,8.0
2025-12-04 15:00:00,6.4,75.0,0.0,13.3,1027.3,8.0
2025-12-04 16:00:00,6.2,77.0,0.0,11.5,1027.6,8.0
2025-12-04 17:00:00,6.0,79.0,0.0,12.2,1027.4,8.0
2025-12-04 18:00:00,5.9,80.0,0.0,14.0,1027.3,8.0
2025-12-04 19:00:00,5.7,79.0,0.0,13.7,1027.2,8.0
2025-12-04 20:00:00,5.6,79.0,0.0,11.9,1027.2,8.0
2025-12-04 21:00:00,5.6,78.0,0.0,13.7,1027.2,8.0
2025-12-04 22:00:00,5.2,75.0,0.0,14.8,1027.2,8.0
2025-12-04 23:00:00,4.5,74.0,0.0,16.2,1027.0,7.0
2025-12-05 00:00:00,3.5,77.0,0.0,15.5,1026.9,4.0
2025-12-05 01:00:00,2.5,81.0,0.0,14.0,1027.0,1.0
2025-12-05 02:00:00,1.6,86.0,0.0,13.3,1027.1,0.0
2025-12-05 03:00:00,1.2,88.0,0.0,13.7,1026.8,0.0
2025-12-05 04:00:00,0.9,88.0,0.0,13.3,1026.7,0.0
2025-12-05 05:00:00,0.7,88.0,0.0,14.0,1026.7,0.0
2025-12-05 06:00:00,0.6,86.0,0.0,15.5,1026.8,1.0
2025-12-05 07:00:00,0.6,86.0,0.0,15.8,1026.8,1.0
2025-12-05 08:00:00,0.9,83.0,0.0,17.3,1026.8,0.0
2025-12-05 09:00:00,2.0,78.0,0.0,16.9,1026.7,0.0
2025-12-05 10:00:00,3.2,71.0,0.0,18.0,1026.4,0.0
2025-12-05 11:00:00,4.4,67.0,0.0,18.4,1025.9,0.0
2025-12-05 12:00:00,4.2,67.0,0.0,19.1,1025.6,7.0
2025-12-05 13:00:00,4.6,66.0,0.0,18.7,1025.1,6.0
2025-12-05 14:00:00,4.6,66.0,0.0,19.1,1024.9,6.0
2025-12-05 15:00:00,4.1,68.0,0.0,19.1,1025.1,6.0
2025-12-05 16:00:00,3.5,73.0,0.0,16.9,1025.5,8.0
2025-12-05 17:00:00,3.4,74.0,0.0,18.0,1025.7,8.0
2025-12-05 18:00:00,3.5,75.0,0.0,18.7,1025.6,8.0
2025-12-05 19:00:00,3.5,76.0,0.0,18.0,1025.4,8.0
2025-12-05 20:00:00,3.3,77.0,0.0,18.4,1025.2,8.0
2025-12-05 21:00:00,3.1,79.0,0.0,17.3,1025.3,8.0
2025-12-05 22:00:00,3.0,80.0,0.0,16.6,1025.2,8.0
2025-12-05 23:00:00,2.9,81.0,0.0,16.2,1024.9,6.0
2025-12-06 00:00:00,2.5,83.0,0.0,16.2,1024.7,4.0
2025-12-06 01:00:00,1.8,86.0,0.0,16.2,1024.6,2.0
2025-12-06 02:00:00,1.4,88.0,0.0,16.2,1024.8,1.0
2025-12-06 03:00:00,1.1,88.0,0.0,16.9,1024.7,1.0
2025-12-06 04:00:00,1.0,88.0,0.0,17.3,1024.8,2.0
2025-12-06 05:00:00,0.8,87.0,0.0,17.3,1024.8,2.0
2025-12-06 06:00:00,0.9,86.0,0.0,18.0,1024.9,4.0
2025-12-06 07:00:00,1.0,85.0,0.0,18.4,1024.9,4.0
2025-12-06 08:00:00,1.4,81.0,0.0,19.1,1024.9,7.0
2025-12-06 09:00:00,2.2,75.0,0.0,19.4,1025.0,6.0
2025-12-06 10:00:00,3.5,72.0,0.0,20.5,1024.9,8.0
2025-12-06 11:00:00,4.3,70.0,0.0,19.8,1024.6,8.0
2025-12-06 12:00:00,4.9,69.0,0.0,19.4,1024.0,7.0
2025-12-06 13:00:00,5.5,69.0,0.0,21.2,1023.5,6.0
2025-12-06 14:00:00,5.6,70.0,0.0,22.0,1023.5,7.0
2025-12-06 15:00:00,5.3,73.0,0.0,20.9,1023.5,8.0
2025-12-06 16:00:00,5.1,76.0,0.0,16.2,1023.6,8.0
2025-12-06 17:00:00,5.1,77.0,0.0,16.6,1023.6,8.0
2025-12-06 18:00:00,4.9,80.0,0.0,17.3,1023.7,8.0
2025-12-06 19:00:00,4.8,81.0,0.0,19.4,1023.7,8.0
2025-12-06 20:00:00,4.8,83.0,0.0,18.0,1023.7,8.0
2025-12-06 21:00:00,4.9,85.0,0.0,18.4,1023.5,8.0
2025-12-06 22:00:00,5.0,86.0,0.0,17.3,1023.5,8.0
2025-12-06 23:00:00,5.1,87.0,0.0,16.2,1023.3,8.0
2025-12-07 00:00:00,5.4,86.0,0.0,16.9,1023.1,8.0
2025-12-07 01:00:00,5.4,87.0,0.0,20.2,1022.9,8.0
2025-12-07 02:00:00,5.1,86.0,0.0,20.2,1022.8,8.0
2025-12-07 03:00:00,4.6,86.0,0.0,19.8,1022.6,4.0
2025-12-07 04:00:00,3.9,88.0,0.0,19.8,1022.4,1.0
2025-12-07 05:00:00,3.0,90.0,0.0,20.5,1022.4,0.0
2025-12-07 06:00:00,2.2,90.0,0.0,22.3,1022.2,0.0
2025-12-07 07:00:00,1.5,89.0,0.0,21.2,1021.9,2.0
2025-12-07 08:00:00,1.4,88.0,0.0,22.7,1021.9,8.0
2025-12-07 09:00:00,2.3,82.0,0.0,26.3,1021.8,4.0
2025-12-07 10:00:00,3.3,78.0,0.0,29.9,1022.2,8.0
2025-12-07 11:00:00,4.3,73.0,0.0,28.1,1021.6,8.0
2025-12-07 12:00:00,5.4,67.0,0.0,27.0,1020.7,8.0
2025-12-07 13:00:00,6.4,64.0,0.0,22.7,1020.1,7.0
2025-12-07 14:00:00,6.4,65.0,0.0,22.7,1019.9,8.0
2025-12-07 15:00:00,5.6,69.0,0.0,22.0,1019.4,8.0
2025-12-07 16:00:00,4.5,72.0,0.0,22.3,1019.7,7.0
2025-12-07 17:00:00,3.9,72.0,0.0,23.0,1019.6,8.0
2025-12-07 18:00:00,3.7,69.0,0.0,24.1,1019.3,8.0
2025-12-07 19:00:00,3.8,67.0,0.0,23.4,1019.6,8.0
2025-12-07 20:00:00,3.6,67.0,0.0,23.4,1019.6,8.0
2025-12-07 21:00:00,3.5,68.0,0.0,23.8,1019.6,8.0
2025-12-07 22:00:00,3.1,69.0,0.0,23.4,1019.8,8.0
2025-12-07 23:00:00,2.5,73.0,0.0,22.3,1020.0,8.0
2025-12-08 00:00:00,2.3,75.0,0.0,22.3,1020.2,8.0
2025-12-08 01:00:00,2.1,76.0,0.0,22.0,1020.1,8.0
2025-12-08 02:00:00,1.7,79.0,0.0,21.6,1020.2,8.0
2025-12-08 03:00:00,1.5,80.0,0.0,21.2,1020.1,8.0
2025-12-08 04:00:00,1.4,81.0,0.0,21.6,1020.0,8.0
2025-12-08 05:00:00,2.8,77.0,0.0,22.3,1019.4,8.0
2025-12-08 06:00:00,2.7,77.0,0.0,22.3,1019.4,8.0
2025-12-08 07:00:00,2.5,76.0,0.0,22.0,1019.6,8.0
2025-12-08 08:00:00,2.4,73.0,0.0,23.4,1020.0,8.0
2025-12-08 09:00:00,2.2,70.0,0.0,23.8,1020.6,8.0
2025-12-08 10:00:00,2.5,64.0,0.0,22.7,1021.2,8.0
2025-12-08 11:00:00,3.0,61.0,0.0,23.0,1021.2,8.0
2025-12-08 12:00:00,3.1,62.0,0.0,20.5,1021.1,8.0
2025-12-08 13:00:00,3.2,62.0,0.0,19.1,1021.2,8.0
2025-12-08 14:00:00,3.3,63.0,0.0,19.4,1021.5,8.0
2025-12-08 15:00:00,3.1,65.0,0.0,18.0,1021.9,8.0
2025-12-08 16:00:00,2.9,70.0,0.0,17.6,1022.5,8.0
2025-12-08 17:00:00,2.6,74.0,0.0,15.8,1022.9,8.0
2025-12-08 18:00:00,2.6,74.0,0.0,15.1,1023.2,8.0
2025-12-08 19:00:00,2.7,76.0,0.0,15.1,1023.5,8.0
2025-12-08 20:00:00,2.7,77.0,0.0,15.5,1023.5,8.0
2025-12-08 21:00:00,2.6,77.0,0.0,15.1,1023.6,8.0
2025-12-08 22:00:00,2.6,78.0,0.0,15.1,1023.7,8.0
2025-12-08 23:00:00,2.5,78.0,0.0,14.4,1024.1,8.0
2025-12-09 00:00:00,2.4,79.0,0.0,13.7,1024.1,8.0
2025-12-09 01:00:00,2.4,79.0,0.0,13.0,1024.0,8.0
2025-12-09 02:00:00,2.4,79.0,0.0,12.6,1024.1,8.0
2025-12-09 03:00:00,1.4,86.0,0.0,11.5,1024.1,8.0
2025-12-09 04:00:00,1.3,87.0,0.0,10.4,1024.0,8.0
2025-12-09 05:00:00,1.3,86.0,0.0,10.4,1023.9,8.0
2025-12-09 06:00:00,1.2,87.0,0.0,9.7,1023.7,8.0
2025-12-09 07:00:00,1.3,86.0,0.0,8.6,1024.1,8.0
2025-12-09 08:00:00,1.4,84.0,0.0,9.7,1024.1,8.0
2025-12-09 09:00:00,1.9,81.0,0.0,8.6,1024.4,8.0
2025-12-09 10:00:00,2.4,79.0,0.0,7.6,1024.3,8.0
2025-12-09 11:00:00,2.8,77.0,0.0,6.1,1024.1,8.0
2025-12-09 12:00:00,3.0,77.0,0.0,5.8,1023.8,8.0
2025-12-09 13:00:00,3.1,77.0,0.0,5.8,1023.3,8.0
2025-12-09 14:00:00,3.3,76.0,0.0,5.0,1022.8,8.0
2025-12-09 15:00:00,3.2,77.0,0.0,5.8,1022.6,8.0
2025-12-09 16:00:00,3.0,80.0,0.0,2.5,1022.8,8.0
2025-12-09 17:00:00,3.0,80.0,0.0,1.8,1022.8,8.0
2025-12-09 18:00:00,2.9,82.0,0.0,1.8,1022.4,8.0
2025-12-09 19:00:00,2.8,82.0,0.0,4.0,1022.0,8.0
2025-12-09 20:00:00,2.7,83.0,0.0,5.4,1021.5,8.0
2025-12-09 21:00:00,2.6,84.0,0.0,5.4,1021.2,8.0
2025-12-09 22:00:00,2.5,85.0,0.0,6.1,1020.9,8.0
2025-12-09 23:00:00,2.4,86.0,0.0,7.2,1020.7,8.0
2025-12-10 00:00:00,2.5,87.0,0.0,8.3,1020.2,8.0
2025-12-10 01:00:00,2.2,88.0,0.0,8.6,1020.0,8.0
2025-12-10 02:00:00,2.2,87.0,0.0,9.4,1020.0,8.0
2025-12-10 03:00:00,1.9,87.0,0.0,10.8,1019.6,8.0
2025-12-10 04:00:00,1.3,96.0,0.6,11.2,1019.0,8.0
2025-12-10 05:00:00,0.9,99.0,0.9,11.2,1018.5,8.0
2025-12-10 06:00:00,0.8,99.0,0.6,11.2,1018.2,8.0
2025-12-10 07:00:00,0.8,100.0,0.4,11.2,1018.5,8.0
2025-12-10 08:00:00,0.8,99.0,0.2,11.9,1018.5,8.0
2025-12-10 09:00:00,1.4,96.0,0.0,11.9,1018.7,8.0
2025-12-10 10:00:00,2.0,93.0,0.0,11.5,1019.0,8.0
2025-12-10 11:00:00,2.4,90.0,0.0,10.8,1018.9,8.0
2025-12-10 12:00:00,2.7,88.0,0.0,10.1,1018.5,8.0
2025-12-10 13:00:00,3.1,87.0,0.0,9.4,1018.4,8.0
2025-12-10 14:00:00,3.5,86.0,0.0,10.4,1018.5,8.0
2025-12-10 15:00:00,3.9,87.0,0.0,10.4,1019.0,8.0
2025-12-10 16:00:00,3.7,89.0,0.0,6.1,1019.5,8.0
2025-12-10 17:00:00,3.9,90.0,0.0,7.2,1020.1,8.0
2025-12-10 18:00:00,4.1,91.0,0.0,10.1,1020.5,8.0
2025-12-10 19:00:00,4.5,90.0,0.0,11.5,1021.1,8.0
2025-12-10 20:00:00,4.4,85.0,0.0,10.8,1021.4,8.0
2025-12-10 21:00:00,4.2,85.0,0.0,8.3,1021.5,8.0
2025-12-10 22:00:00,4.2,84.0,0.0,8.6,1021.7,8.0
2025-12-10 23:00:00,2.8,97.0,0.0,7.6,1021.5,8.0
2025-12-11 00:00:00,3.2,96.0,0.0,8.6,1021.6,8.0
2025-12-11 01:00:00,3.2,96.0,0.0,9.0,1021.9,8.0
2025-12-11 02:00:00,3.2,97.0,0.0,7.9,1022.1,8.0
2025-12-11 03:00:00,3.3,98.0,0.0,5.8,1022.0,8.0
2025-12-11 04:00:00,2.7,98.0,0.0,4.0,1021.8,8.0
2025-12-11 05:00:00,3.0,97.0,0.0,2.9,1021.9,8.0
2025-12-11 06:00:00,2.7,98.0,0.0,4.0,1021.8,7.0
2025-12-11 07:00:00,2.2,99.0,0.0,6.8,1022.1,7.0
2025-12-11 08:00:00,2.5,99.0,0.0,7.6,1022.1,7.0
2025-12-11 09:00:00,3.8,96.0,0.0,7.9,1022.4,7.0
2025-12-11 10:00:00,5.1,89.0,0.0,9.0,1022.2,7.0
2025-12-11 11:00:00,6.0,78.0,0.0,9.0,1021.5,7.0
2025-12-11 12:00:00,6.4,74.0,0.0,9.7,1020.8,7.0
2025-12-11 13:00:00,6.4,74.0,0.0,10.1,1020.2,7.0
2025-12-11 14:00:00,6.0,78.0,0.0,10.4,1020.0,8.0
2025-12-11 15:00:00,5.5,84.0,0.0,11.2,1019.9,8.0
2025-12-11 16:00:00,5.2,89.0,0.0,10.4,1019.6,8.0
2025-12-11 17:00:00,5.1,92.0,0.0,10.8,1019.2,8.0
2025-12-11 18:00:00,5.1,91.0,0.0,12.6,1018.8,8.0
2025-12-11 19:00:00,5.1,88.0,0.0,14.8,1018.5,8.0
2025-12-11 20:00:00,4.8,93.0,0.5,17.3,1018.0,8.0
2025-12-11 21:00:00,4.8,88.0,0.5,18.7,1017.9,8.0
2025-12-11 22:00:00,4.4,92.0,0.3,20.2,1017.8,8.0
2025-12-11 23:00:00,4.4,91.0,0.2,20.2,1017.3,8.0
2025-12-12 00:00:00,4.3,92.0,0.2,19.8,1016.6,8.0
2025-12-12 01:00:00,4.4,94.0,0.2,18.7,1015.9,8.0
2025-12-12 02:00:00,4.7,96.0,0.2,18.4,1015.4,8.0
2025-12-12 03:00:00,5.1,97.0,0.5,16.9,1014.9,8.0
2025-12-12 04:00:00,5.4,98.0,1.3,14.4,1014.4,8.0
2025-12-12 05:00:00,5.6,98.0,1.2,11.5,1014.3,8.0
2025-12-12 06:00:00,5.6,97.0,0.7,10.1,1014.1,8.0
2025-12-12 07:00:00,5.5,97.0,0.2,11.2,1014.3,8.0
2025-12-12 08:00:00,5.8,97.0,0.0,11.9,1014.4,8.0
2025-12-12 09:00:00,6.7,95.0,0.0,14.0,1014.7,8.0
2025-12-12 10:00:00,7.0,94.0,0.0,17.3,1014.8,8.0
2025-12-12 11:00:00,7.4,91.0,0.0,17.3,1014.8,8.0
2025-12-12 12:00:00,8.0,81.0,0.0,18.0,1014.5,8.0
2025-12-12 13:00:00,8.2,72.0,0.0,19.8,1014.5,8.0
2025-12-12 14:00:00,7.4,74.0,0.0,18.4,1014.5,8.0
2025-12-12 15:00:00,7.3,73.0,0.0,18.0,1014.5,8.0
2025-12-12 16:00:00,7.0,73.0,0.0,12.6,1014.5,7.0
2025-12-12 17:00:00,6.1,80.0,0.0,14.0,1014.6,8.0
2025-12-12 18:00:00,6.3,83.0,0.0,15.5,1014.7,7.0
2025-12-12 19:00:00,5.7,89.0,0.0,13.3,1013.6,6.0
2025-12-12 20:00:00,5.8,84.0,0.0,17.6,1013.4,8.0
2025-12-12 21:00:00,6.7,77.0,0.0,20.5,1013.0,8.0
2025-12-12 22:00:00,6.7,80.0,0.1,22.7,1012.7,7.0
2025-12-12 23:00:00,6.6,80.0,0.0,22.7,1012.5,5.0
2025-12-13 00:00:00,5.8,84.0,0.0,22.0,1012.4,5.0
2025-12-13 01:00:00,6.2,82.0,0.0,24.5,1012.0,8.0
2025-12-13 02:00:00,7.0,80.0,0.0,24.8,1011.9,8.0
2025-12-13 03:00:00,6.7,85.0,0.1,28.8,1012.5,8.0
2025-12-13 04:00:00,6.2,85.0,0.1,28.4,1013.5,8.0
2025-12-13 05:00:00,4.8,79.0,0.0,27.0,1015.0,7.0
2025-12-13 06:00:00,2.4,73.0,0.0,29.5,1016.7,7.0
2025-12-13 07:00:00,1.0,58.0,0.0,29.2,1018.2,1.0
2025-12-13 08:00:00,-0.6,51.0,0.0,23.8,1019.9,0.0
2025-12-13 09:00:00,-0.8,45.0,0.0,25.9,1021.4,0.0
2025-12-13 10:00:00,-0.6,45.0,0.0,24.5,1022.3,0.0
2025-12-13 11:00:00,-0.2,44.0,0.0,23.4,1023.0,4.0
2025-12-13 12:00:00,0.1,44.0,0.0,22.0,1023.2,3.0
2025-12-13 13:00:00,0.3,43.0,0.0,20.9,1023.6,2.0
2025-12-13 14:00:00,0.2,44.0,0.0,20.2,1024.0,3.0
2025-12-13 15:00:00,-0.3,45.0,0.0,19.4,1024.3,0.0
2025-12-13 16:00:00,-0.5,55.0,0.0,17.6,1024.4,1.0
2025-12-13 17:00:00,-1.1,60.0,0.0,17.6,1025.2,0.0
2025-12-13 18:00:00,-1.6,64.0,0.0,18.7,1025.9,1.0
2025-12-13 19:00:00,-2.4,66.0,0.0,18.7,1026.5,1.0
2025-12-13 20:00:00,-3.0,66.0,0.0,15.5,1027.0,1.0
2025-12-13 21:00:00,-3.5,68.0,0.0,13.0,1027.3,0.0
2025-12-13 22:00:00,-4.1,70.0,0.0,10.4,1027.5,6.0
2025-12-13 23:00:00,-4.2,71.0,0.0,10.4,1027.9,7.0
2025-12-14 00:00:00,-4.2,70.0,0.0,10.4,1028.3,1.0
2025-12-14 01:00:00,-4.7,74.0,0.0,9.0,1028.2,5.0
2025-12-14 02:00:00,-4.9,76.0,0.0,8.3,1028.4,2.0
2025-12-14 03:00:00,-5.2,79.0,0.0,7.6,1028.3,4.0
2025-12-14 04:00:00,-5.2,81.0,0.0,7.9,1028.0,3.0
2025-12-14 05:00:00,-5.5,83.0,0.0,6.8,1027.6,8.0
2025-12-14 06:00:00,-4.2,74.0,0.0,7.2,1027.4,8.0
2025-12-14 07:00:00,-3.8,70.0,0.0,5.8,1027.0,8.0
2025-12-14 08:00:00,-3.5,68.0,0.0,5.4,1027.0,8.0
2025-12-14 09:00:00,-2.8,61.0,0.0,6.5,1027.3,8.0
2025-12-14 10:00:00,-2.2,53.0,0.0,7.6,1027.0,8.0
2025-12-14 11:00:00,-1.6,52.0,0.0,8.3,1026.1,8.0
2025-12-14 12:00:00,-1.2,59.0,0.0,9.7,1025.2,8.0
2025-12-14 13:00:00,-0.8,64.0,0.0,11.2,1024.6,8.0
2025-12-14 14:00:00,-0.3,65.0,0.0,10.8,1022.8,8.0
2025-12-14 15:00:00,-0.4,68.0,0.0,11.9,1022.6,8.0
2025-12-14 16:00:00,-0.7,72.0,0.0,10.8,1022.0,8.0
2025-12-14 17:00:00,-0.7,76.0,0.2,13.0,1021.3,8.0
2025-12-14 18:00:00,-0.7,82.0,0.4,13.3,1021.0,8.0
2025-12-14 19:00:00,-0.6,86.0,0.3,12.6,1020.8,8.0
2025-12-14 20:00:00,-0.5,89.0,0.2,10.4,1020.7,8.0
2025-12-14 21:00:00,-0.4,92.0,0.1,8.3,1020.7,8.0
2025-12-14 22:00:00,-0.2,94.0,0.0,6.1,1020.8,8.0
2025-12-14 23:00:00,-0.2,95.0,0.0,6.1,1020.9,8.0
2025-12-15 00:00:00,-0.2,96.0,0.0,5.8,1020.9,8.0
2025-12-15 01:00:00,-0.3,96.0,0.0,6.5,1020.9,8.0
2025-12-15 02:00:00,-0.5,96.0,0.0,8.3,1021.1,8.0
2025-12-15 03:00:00,-0.8,96.0,0.0,6.8,1021.6,8.0
2025-12-15 04:00:00,-0.7,95.0,0.0,6.8,1021.8,8.0
2025-12-15 05:00:00,-0.5,94.0,0.0,6.5,1022.0,8.0
2025-12-15 06:00:00,-0.4,94.0,0.0,5.4,1022.1,8.0
2025-12-15 07:00:00,-0.3,93.0,0.0,7.9,1022.6,8.0
2025-12-15 08:00:00,-0.2,90.0,0.0,8.3,1022.8,8.0
2025-12-15 09:00:00,0.0,83.0,0.0,6.8,1022.8,8.0
2025-12-15 10:00:00,0.4,78.0,0.0,7.9,1023.1,8.0
2025-12-15 11:00:00,0.8,74.0,0.0,7.2,1023.0,8.0
2025-12-15 12:00:00,0.9,68.0,0.0,10.8,1022.5,8.0
2025-12-15 13:00:00,1.4,66.0,0.0,11.5,1022.4,8.0
2025-12-15 14:00:00,1.5,67.0,0.0,11.5,1022.2,8.0
2025-12-15 15:00:00,1.1,72.0,0.0,9.7,1022.1,6.0
2025-12-15 16:00:00,-1.6,86.0,0.0,6.1,1022.1,8.0
2025-12-15 17:00:00,-0.6,88.0,0.0,8.3,1022.0,8.0
2025-12-15 18:00:00,-0.1,88.0,0.0,9.7,1022.1,8.0
2025-12-15 19:00:00,0.4,87.0,0.0,10.8,1022.1,8.0
2025-12-15 20:00:00,0.7,88.0,0.0,9.4,1021.9,8.0
2025-12-15 21:00:00,0.8,90.0,0.0,9.7,1021.7,8.0
2025-12-15 22:00:00,0.8,93.0,0.0,8.6,1021.7,8.0
2025-12-15 23:00:00,0.7,96.0,0.1,10.1,1021.9,8.0
2025-12-16 00:00:00,0.4,98.0,0.1,7.9,1021.9,8.0
2025-12-16 01:00:00,0.5,98.0,0.4,8.6,1022.1,8.0
2025-12-16 02:00:00,0.6,97.0,0.2,7.6,1022.5,8.0
2025-12-16 03:00:00,0.7,96.0,0.0,8.3,1022.5,8.0
2025-12-16 04:00:00,0.9,96.0,0.0,8.6,1022.9,8.0
2025-12-16 05:00:00,0.9,96.0,0.0,8.6,1023.3,8.0
2025-12-16 06:00:00,0.7,97.0,0.0,9.4,1023.9,8.0
2025-12-16 07:00:00,0.8,97.0,0.0,8.6,1024.7,8.0
2025-12-16 08:00:00,0.9,97.0,0.0,8.6,1025.5,8.0
2025-12-16 09:00:00,1.5,96.0,0.0,9.0,1026.5,8.0
2025-12-16 10:00:00,2.1,95.0,0.0,5.8,1026.8,8.0
2025-12-16 11:00:00,2.8,92.0,0.0,4.7,1027.0,8.0
2025-12-16 12:00:00,3.4,89.0,0.0,4.7,1027.3,8.0
2025-12-16 13:00:00,3.7,86.0,0.0,4.7,1027.8,8.0
2025-12-16 14:00:00,3.6,86.0,0.0,5.4,1028.1,8.0
2025-12-16 15:00:00,2.9,90.0,0.0,5.8,1028.5,8.0
2025-12-16 16:00:00,1.9,94.0,0.0,6.8,1028.6,8.0
2025-12-16 17:00:00,1.7,95.0,0.0,6.5,1029.2,8.0
2025-12-16 18:00:00,1.5,95.0,0.0,6.1,1029.8,8.0
2025-12-16 19:00:00,1.6,95.0,0.0,7.6,1030.1,8.0
2025-12-16 20:00:00,1.5,95.0,0.0,7.6,1030.4,8.0
2025-12-16 21:00:00,1.5,96.0,0.0,9.4,1030.4,8.0
2025-12-16 22:00:00,1.5,95.0,0.0,11.2,1030.3,8.0
2025-12-16 23:00:00,1.3,94.0,0.0,8.6,1031.0,8.0
2025-12-17 00:00:00,1.2,95.0,0.0,9.0,1030.9,8.0
2025-12-17 01:00:00,1.2,95.0,0.0,7.9,1031.2,8.0
2025-12-17 02:00:00,1.2,96.0,0.0,7.9,1031.3,8.0
2025-12-17 03:00:00,1.2,97.0,0.0,8.3,1031.2,8.0
2025-12-17 04:00:00,1.4,96.0,0.0,7.9,1031.3,8.0
2025-12-17 05:00:00,1.4,97.0,0.0,7.9,1031.2,8.0
2025-12-17 06:00:00,1.3,98.0,0.0,8.6,1031.2,8.0
2025-12-17 07:00:00,1.4,96.0,0.0,9.7,1031.6,8.0
2025-12-17 08:00:00,0.9,98.0,0.0,9.4,1031.6,8.0
2025-12-17 09:00:00,1.5,96.0,0.0,12.2,1031.8,8.0
2025-12-17 10:00:00,2.6,89.0,0.0,13.3,1032.2,8.0
2025-12-17 11:00:00,3.3,82.0,0.0,12.2,1032.1,8.0
2025-12-17 12:00:00,3.7,78.0,0.0,12.2,1032.0,8.0
2025-12-17 13:00:00,3.7,77.0,0.0,10.8,1031.6,8.0
2025-12-17 14:00:00,3.7,76.0,0.0,10.1,1031.4,8.0
2025-12-17 15:00:00,2.9,81.0,0.0,6.5,1031.2,8.0
2025-12-17 16:00:00,1.1,89.0,0.0,5.0,1031.1,8.0
2025-12-17 17:00:00,0.1,92.0,0.0,4.3,1031.0,8.0
2025-12-17 18:00:00,-0.3,94.0,0.0,4.3,1031.1,8.0
2025-12-17 19:00:00,-1.1,96.0,0.0,6.1,1030.9,8.0
2025-12-17 20:00:00,0.4,93.0,0.0,8.3,1030.6,8.0
2025-12-17 21:00:00,1.7,90.0,0.0,9.4,1030.6,8.0
2025-12-17 22:00:00,1.9,92.0,0.0,9.4,1030.7,8.0
2025-12-17 23:00:00,1.8,95.0,0.0,10.1,1030.7,8.0
2025-12-18 00:00:00,1.5,96.0,0.0,10.1,1030.7,8.0
2025-12-18 01:00:00,1.7,97.0,0.0,10.8,1030.7,8.0
2025-12-18 02:00:00,1.9,97.0,0.0,10.8,1030.5,8.0
2025-12-18 03:00:00,2.1,97.0,0.0,11.2,1030.1,8.0
2025-12-18 04:00:00,2.1,97.0,0.0,10.8,1029.8,7.0
2025-12-18 05:00:00,1.2,98.0,0.0,10.1,1029.8,5.0
2025-12-18 06:00:00,3.1,98.0,0.0,11.9,1028.5,8.0
2025-12-18 07:00:00,3.2,98.0,0.0,12.6,1028.4,8.0
2025-12-18 08:00:00,3.4,97.0,0.0,13.3,1028.6,8.0
2025-12-18 09:00:00,4.0,96.0,0.0,14.4,1028.8,8.0
2025-12-18 10:00:00,5.3,92.0,0.0,16.6,1028.7,8.0
2025-12-18 11:00:00,6.6,86.0,0.0,17.6,1028.3,8.0
2025-12-18 12:00:00,8.4,79.0,0.0,18.0,1027.6,8.0
2025-12-18 13:00:00,8.6,78.0,0.0,18.0,1026.9,7.0
2025-12-18 14:00:00,8.8,80.0,0.0,15.8,1026.5,8.0
2025-12-18 15:00:00,8.1,85.0,0.0,12.6,1026.6,8.0
2025-12-18 16:00:00,6.8,89.0,0.0,10.1,1026.7,8.0
2025-12-18 17:00:00,6.0,92.0,0.0,10.4,1026.3,8.0
2025-12-18 18:00:00,5.3,95.0,0.0,10.1,1026.4,8.0
2025-12-18 19:00:00,4.8,98.0,0.0,9.4,1026.5,8.0
2025-12-18 20:00:00,4.4,99.0,0.0,8.6,1026.5,7.0
2025-12-18 21:00:00,4.0,100.0,0.0,10.8,1026.8,7.0
2025-12-18 22:00:00,3.4,100.0,0.0,8.6,1027.3,8.0
2025-12-18 23:00:00,2.5,100.0,0.0,7.2,1027.6,8.0
2025-12-19 00:00:00,2.1,100.0,0.0,6.5,1027.8,8.0
2025-12-19 01:00:00,1.7,100.0,0.0,6.5,1028.0,8.0
2025-12-19 02:00:00,1.4,99.0,0.0,7.2,1028.1,8.0
2025-12-19 03:00:00,1.1,99.0,0.0,7.2,1027.7,8.0
2025-12-19 04:00:00,3.2,100.0,0.0,6.8,1027.2,8.0
2025-12-19 05:00:00,2.7,100.0,0.0,5.4,1027.1,8.0
2025-12-19 06:00:00,2.4,100.0,0.0,3.2,1027.2,8.0
2025-12-19 07:00:00,2.2,100.0,0.0,4.0,1027.5,8.0
2025-12-19 08:00:00,2.1,99.0,0.0,4.7,1028.0,8.0
2025-12-19 09:00:00,2.4,98.0,0.0,4.0,1028.6,8.0
2025-12-19 10:00:00,2.9,94.0,0.0,4.7,1028.7,8.0
2025-12-19 11:00:00,4.0,89.0,0.0,5.8,1028.5,8.0
2025-12-19 12:00:00,4.6,86.0,0.0,5.4,1028.1,7.0
2025-12-19 13:00:00,4.8,86.0,0.0,7.2,1027.8,8.0
2025-12-19 14:00:00,4.7,86.0,0.0,7.6,1027.7,8.0
2025-12-19 15:00:00,4.2,88.0,0.0,6.5,1027.8,8.0
2025-12-19 16:00:00,3.3,93.0,0.0,5.4,1028.1,7.0
2025-12-19 17:00:00,3.0,95.0,0.0,6.8,1028.1,8.0
2025-12-19 18:00:00,2.7,96.0,0.0,8.3,1028.0,8.0
2025-12-19 19:00:00,2.5,96.0,0.0,8.6,1028.1,8.0
2025-12-19 20:00:00,2.5,95.0,0.0,9.4,1028.0,8.0
2025-12-19 21:00:00,2.7,94.0,0.0,9.4,1028.1,8.0
2025-12-19 22:00:00,2.7,93.0,0.0,11.9,1028.4,8.0
2025-12-19 23:00:00,2.5,92.0,0.0,11.2,1028.6,8.0
2025-12-20 00:00:00,2.2,92.0,0.0,9.7,1028.8,8.0
2025-12-20 01:00:00,1.8,93.0,0.0,10.4,1028.5,8.0
2025-12-20 02:00:00,1.6,93.0,0.0,9.4,1028.3,8.0
2025-12-20 03:00:00,1.4,93.0,0.0,7.2,1027.8,8.0
2025-12-20 04:00:00,1.4,93.0,0.0,6.1,1027.5,8.0
2025-12-20 05:00:00,1.4,93.0,0.0,5.8,1027.3,8.0
2025-12-20 06:00:00,1.4,93.0,0.0,7.6,1027.3,8.0
2025-12-20 07:00:00,1.2,95.0,0.0,8.6,1027.6,8.0
2025-12-20 08:00:00,1.1,95.0,0.0,8.3,1027.7,8.0
2025-12-20 09:00:00,1.2,94.0,0.0,6.1,1027.8,8.0
2025-12-20 10:00:00,1.5,91.0,0.0,7.6,1027.9,8.0
2025-12-20 11:00:00,1.9,89.0,0.0,9.0,1027.7,8.0
2025-12-20 12:00:00,2.0,88.0,0.0,9.4,1027.0,8.0
2025-12-20 13:00:00,2.1,87.0,0.0,8.6,1026.6,8.0
2025-12-20 14:00:00,2.2,86.0,0.0,8.6,1026.5,8.0
2025-12-20 15:00:00,2.1,85.0,0.0,8.6,1026.3,8.0
2025-12-20 16:00:00,2.0,86.0,0.0,8.3,1026.1,8.0
2025-12-20 17:00:00,1.9,86.0,0.0,7.9,1025.7,8.0
2025-12-20 18:00:00,2.0,85.0,0.0,8.3,1025.6,8.0
2025-12-20 19:00:00,1.8,86.0,0.0,8.3,1025.4,8.0
2025-12-20 20:00:00,1.6,87.0,0.0,7.2,1025.1,8.0
2025-12-20 21:00:00,1.5,87.0,0.0,7.2,1025.0,8.0
2025-12-20 22:00:00,1.3,88.0,0.0,7.9,1024.8,8.0
2025-12-20 23:00:00,1.0,92.0,0.0,8.6,1024.1,8.0
2025-12-21 00:00:00,1.0,92.0,0.0,9.0,1023.9,8.0
2025-12-21 01:00:00,0.9,92.0,0.0,8.6,1023.8,8.0
2025-12-21 02:00:00,0.8,93.0,0.0,8.6,1023.5,8.0
2025-12-21 03:00:00,0.8,92.0,0.0,9.0,1023.1,8.0
2025-12-21 04:00:00,0.8,92.0,0.0,8.6,1022.6,8.0
2025-12-21 05:00:00,0.8,92.0,0.0,8.6,1022.2,8.0
2025-12-21 06:00:00,0.9,92.0,0.0,8.3,1022.1,8.0
2025-12-21 07:00:00,0.9,92.0,0.0,7.9,1022.2,8.0
2025-12-21 08:00:00,1.1,91.0,0.0,6.8,1022.2,8.0
2025-12-21 09:00:00,1.6,90.0,0.0,7.6,1022.3,8.0
2025-12-21 10:00:00,2.0,88.0,0.0,6.5,1021.9,8.0
2025-12-21 11:00:00,2.4,86.0,0.0,5.8,1021.3,8.0
2025-12-21 12:00:00,2.9,84.0,0.0,5.8,1020.5,8.0
2025-12-21 13:00:00,3.4,81.0,0.0,6.5,1020.0,8.0
2025-12-21 14:00:00,3.4,81.0,0.0,7.2,1019.8,8.0
2025-12-21 15:00:00,3.4,81.0,0.0,7.9,1019.9,8.0
2025-12-21 16:00:00,3.0,84.0,0.0,6.5,1019.9,8.0
2025-12-21 17:00:00,2.8,87.0,0.0,6.1,1020.0,8.0
2025-12-21 18:00:00,2.5,89.0,0.0,7.9,1019.9,8.0
2025-12-21 19:00:00,2.3,89.0,0.0,8.3,1020.1,8.0
2025-12-21 20:00:00,2.3,88.0,0.0,8.6,1020.0,8.0
2025-12-21 21:00:00,1.3,94.0,0.0,6.1,1019.9,8.0
2025-12-21 22:00:00,1.5,94.0,0.0,7.6,1020.0,8.0
2025-12-21 23:00:00,1.6,93.0,0.0,9.0,1020.0,8.0
2025-12-22 00:00:00,1.7,95.0,0.0,9.7,1020.0,8.0
2025-12-22 01:00:00,1.9,94.0,0.0,10.1,1020.1,8.0
2025-12-22 02:00:00,2.0,92.0,0.0,8.3,1019.8,8.0
2025-12-22 03:00:00,1.8,94.0,0.0,7.9,1019.9,8.0
2025-12-22 04:00:00,1.5,95.0,0.0,7.2,1019.7,8.0
2025-12-22 05:00:00,1.4,94.0,0.0,7.6,1019.6,8.0
2025-12-22 06:00:00,1.5,94.0,0.0,7.9,1019.5,8.0
2025-12-22 07:00:00,1.6,93.0,0.0,9.0,1019.7,8.0
2025-12-22 08:00:00,1.8,93.0,0.0,11.2,1020.0,8.0
2025-12-22 09:00:00,2.3,91.0,0.0,13.3,1020.4,8.0
2025-12-22 10:00:00,2.5,88.0,0.0,14.4,1020.6,8.0
2025-12-22 11:00:00,2.7,87.0,0.0,15.5,1020.5,8.0
2025-12-22 12:00:00,2.7,86.0,0.0,15.1,1020.2,8.0
2025-12-22 13:00:00,2.9,81.0,0.0,16.9,1020.2,8.0
2025-12-22 14:00:00,2.7,71.0,0.0,17.3,1020.6,8.0
2025-12-22 15:00:00,2.3,72.0,0.0,14.0,1021.1,8.0
2025-12-22 16:00:00,1.9,74.0,0.0,8.6,1021.3,8.0
2025-12-22 17:00:00,1.7,75.0,0.0,10.8,1021.7,8.0
2025-12-22 18:00:00,1.1,78.0,0.0,10.4,1022.0,2.0
2025-12-22 19:00:00,-0.8,88.0,0.0,9.0,1022.3,8.0
2025-12-22 20:00:00,1.4,85.0,0.0,10.1,1022.1,8.0
2025-12-22 21:00:00,1.6,84.0,0.0,9.7,1022.4,8.0
2025-12-22 22:00:00,1.8,82.0,0.0,9.4,1022.5,8.0
2025-12-22 23:00:00,1.9,82.0,0.0,9.7,1022.6,6.0
2025-12-23 00:00:00,1.4,85.0,0.0,10.4,1022.5,7.0
2025-12-23 01:00:00,1.2,86.0,0.0,9.0,1022.6,5.0
2025-12-23 02:00:00,1.0,87.0,0.0,6.8,1022.6,8.0
2025-12-23 03:00:00,0.8,88.0,0.0,7.2,1022.6,8.0
2025-12-23 04:00:00,1.2,86.0,0.0,7.6,1022.5,8.0
2025-12-23 05:00:00,1.2,88.0,0.0,6.8,1022.3,8.0
2025-12-23 06:00:00,0.9,91.0,0.0,6.1,1022.2,8.0
2025-12-23 07:00:00,0.4,94.0,0.0,4.7,1022.4,8.0
2025-12-23 08:00:00,-0.1,96.0,0.0,3.6,1022.5,8.0
2025-12-23 09:00:00,1.0,90.0,0.0,6.5,1022.7,8.0
2025-12-23 10:00:00,2.3,80.0,0.0,6.1,1022.8,8.0
2025-12-23 11:00:00,2.9,67.0,0.0,6.1,1022.7,8.0
2025-12-23 12:00:00,3.0,65.0,0.0,7.2,1022.3,8.0
2025-12-23 13:00:00,2.9,66.0,0.0,6.8,1022.1,8.0
2025-12-23 14:00:00,2.8,70.0,0.0,7.2,1022.2,8.0
2025-12-23 15:00:00,2.4,76.0,0.0,7.9,1022.4,8.0
2025-12-23 16:00:00,1.8,83.0,0.0,6.5,1022.4,8.0
2025-12-23 17:00:00,1.5,86.0,0.0,4.0,1022.3,8.0
2025-12-23 18:00:00,1.7,84.0,0.0,9.7,1021.8,8.0
2025-12-23 19:00:00,1.2,90.0,0.0,10.4,1022.0,8.0
2025-12-23 20:00:00,1.1,90.0,0.0,11.2,1022.3,8.0
2025-12-23 21:00:00,1.0,91.0,0.0,8.6,1022.5,8.0
2025-12-23 22:00:00,1.0,91.0,0.0,7.6,1022.9,8.0
2025-12-23 23:00:00,0.9,91.0,0.0,9.0,1023.3,7.0
2025-12-24 00:00:00,0.7,89.0,0.0,10.4,1023.5,7.0
2025-12-24 01:00:00,0.3,89.0,0.0,10.1,1023.6,8.0
2025-12-24 02:00:00,-0.3,92.0,0.0,9.7,1024.0,8.0
2025-12-24 03:00:00,-0.6,94.0,0.0,10.1,1024.3,6.0
2025-12-24 04:00:00,-0.8,95.0,0.0,10.1,1024.5,7.0
2025-12-24 05:00:00,-0.5,95.0,0.0,11.5,1024.9,8.0
2025-12-24 06:00:00,-0.1,93.0,0.1,14.8,1025.1,8.0
2025-12-24 07:00:00,-0.2,91.0,0.2,18.4,1025.7,8.0
2025-12-24 08:00:00,-0.7,87.0,0.0,19.1,1026.5,8.0
2025-12-24 09:00:00,-1.1,79.0,0.0,19.8,1027.5,8.0
2025-12-24 10:00:00,-1.3,75.0,0.0,18.4,1028.2,8.0
2025-12-24 11:00:00,-1.1,72.0,0.0,16.9,1028.5,8.0
2025-12-24 12:00:00,-1.0,68.0,0.0,17.6,1028.8,8.0
2025-12-24 13:00:00,-1.2,65.0,0.0,18.4,1029.4,8.0
2025-12-24 14:00:00,-1.5,63.0,0.0,18.7,1030.1,8.0
2025-12-24 15:00:00,-2.1,62.0,0.0,18.0,1030.8,8.0
2025-12-24 16:00:00,-3.8,64.0,0.0,17.6,1032.3,7.0
2025-12-24 17:00:00,-3.9,63.0,0.0,16.9,1032.7,4.0
2025-12-24 18:00:00,-4.5,64.0,0.0,15.8,1033.3,2.0
2025-12-24 19:00:00,-5.2,64.0,0.0,15.5,1034.0,0.0
2025-12-24 20:00:00,-6.1,64.0,0.0,15.5,1034.8,0.0
2025-12-24 21:00:00,-6.8,64.0,0.0,15.8,1035.4,0.0
2025-12-24 22:00:00,-7.4,65.0,0.0,14.4,1035.9,0.0
2025-12-24 23:00:00,-7.8,65.0,0.0,13.3,1036.4,0.0
2025-12-25 00:00:00,-8.1,66.0,0.0,12.6,1036.4,0.0
2025-12-25 01:00:00,-8.4,66.0,0.0,13.0,1036.6,0.0
2025-12-25 02:00:00,-8.6,66.0,0.0,11.2,1036.7,0.0
2025-12-25 03:00:00,-8.7,66.0,0.0,10.8,1036.7,0.0
2025-12-25 04:00:00,-8.7,66.0,0.0,10.4,1036.6,0.0
2025-12-25 05:00:00,-8.7,67.0,0.0,10.1,1036.7,0.0
2025-12-25 06:00:00,-8.7,67.0,0.0,9.7,1036.7,0.0
2025-12-25 07:00:00,-8.6,67.0,0.0,9.4,1036.7,0.0
2025-12-25 08:00:00,-8.4,65.0,0.0,9.0,1036.8,0.0
2025-12-25 09:00:00,-7.5,60.0,0.0,9.0,1037.0,0.0
2025-12-25 10:00:00,-6.4,51.0,0.0,9.0,1036.7,0.0
2025-12-25 11:00:00,-5.2,43.0,0.0,9.7,1036.2,0.0
2025-12-25 12:00:00,-4.3,36.0,0.0,10.1,1035.2,0.0
2025-12-25 13:00:00,-4.3,44.0,0.0,10.8,1034.5,0.0
2025-12-25 14:00:00,-4.1,43.0,0.0,9.7,1033.8,0.0
2025-12-25 15:00:00,-4.3,45.0,0.0,10.1,1033.4,0.0
2025-12-25 16:00:00,-5.6,51.0,0.0,7.2,1033.0,0.0
2025-12-25 17:00:00,-5.9,52.0,0.0,7.9,1032.3,0.0
2025-12-25 18:00:00,-6.2,54.0,0.0,7.9,1031.5,0.0
2025-12-25 19:00:00,-6.4,55.0,0.0,9.0,1030.9,3.0
2025-12-25 20:00:00,-6.6,58.0,0.0,10.4,1030.3,6.0
2025-12-25 21:00:00,-6.7,63.0,0.0,10.8,1029.7,4.0
2025-12-25 22:00:00,-6.5,66.0,0.0,11.5,1028.9,8.0
2025-12-25 23:00:00,-5.2,62.0,0.0,13.0,1027.7,6.0
2025-12-26 00:00:00,-5.1,61.0,0.0,11.9,1026.4,8.0
2025-12-26 01:00:00,-4.7,58.0,0.0,14.4,1025.2,8.0
2025-12-26 02:00:00,-4.4,57.0,0.0,14.8,1024.3,8.0
2025-12-26 03:00:00,-5.1,60.0,0.0,16.2,1023.3,8.0
2025-12-26 04:00:00,-6.2,65.0,0.0,17.3,1022.1,8.0
2025-12-26 05:00:00,-6.6,68.0,0.0,18.7,1020.8,8.0
2025-12-26 06:00:00,-6.5,68.0,0.0,20.5,1019.1,8.0
2025-12-26 07:00:00,-6.1,67.0,0.0,22.7,1018.0,8.0
2025-12-26 08:00:00,-5.6,64.0,0.0,21.2,1016.6,8.0
2025-12-26 09:00:00,-4.8,58.0,0.0,22.7,1015.6,8.0
2025-12-26 10:00:00,-4.4,45.0,0.1,26.6,1014.3,8.0
2025-12-26 11:00:00,-4.8,67.0,0.7,26.3,1012.9,8.0
2025-12-26 12:00:00,-5.3,77.0,0.9,24.8,1011.9,8.0
2025-12-26 13:00:00,-5.5,83.0,0.5,23.4,1011.0,8.0
2025-12-26 14:00:00,-4.7,81.0,0.0,22.7,1010.2,8.0
2025-12-26 15:00:00,-3.9,81.0,0.0,20.2,1009.7,8.0
2025-12-26 16:00:00,-3.4,84.0,0.1,19.1,1009.4,8.0
2025-12-26 17:00:00,-2.9,86.0,0.0,18.0,1009.1,7.0
2025-12-26 18:00:00,-2.6,88.0,0.0,16.2,1009.1,8.0
2025-12-26 19:00:00,-1.8,89.0,0.0,16.6,1008.8,8.0
2025-12-26 20:00:00,-1.3,90.0,0.0,16.6,1008.9,8.0
2025-12-26 21:00:00,-0.7,92.0,0.0,16.6,1008.9,8.0
2025-12-26 22:00:00,-0.2,91.0,0.0,17.6,1009.2,4.0
2025-12-26 23:00:00,-0.8,90.0,0.0,17.3,1009.4,8.0
2025-12-27 00:00:00,-0.3,88.0,0.0,17.3,1009.3,8.0
2025-12-27 01:00:00,-0.2,87.0,0.0,18.0,1009.4,8.0
2025-12-27 02:00:00,-0.2,88.0,0.0,18.0,1009.6,8.0
2025-12-27 03:00:00,-0.2,89.0,0.0,18.4,1009.7,8.0
2025-12-27 04:00:00,-0.3,89.0,0.0,16.6,1009.5,7.0
2025-12-27 05:00:00,-0.8,90.0,0.0,18.7,1009.6,8.0
2025-12-27 06:00:00,-0.4,89.0,0.0,18.4,1009.6,5.0
2025-12-27 07:00:00,-1.0,91.0,0.0,18.7,1009.8,8.0
2025-12-27 08:00:00,-0.2,89.0,0.0,20.2,1010.2,8.0
2025-12-27 09:00:00,0.7,79.0,0.0,19.4,1010.3,8.0
2025-12-27 10:00:00,1.5,73.0,0.0,21.2,1010.3,8.0
2025-12-27 11:00:00,1.9,68.0,0.0,21.6,1010.2,8.0
2025-12-27 12:00:00,1.6,66.0,0.0,20.2,1010.1,8.0
2025-12-27 13:00:00,1.3,68.0,0.0,18.4,1010.0,8.0
2025-12-27 14:00:00,1.1,68.0,0.0,17.6,1010.1,8.0
2025-12-27 15:00:00,0.6,70.0,0.0,16.2,1010.4,8.0
2025-12-27 16:00:00,0.0,72.0,0.0,14.8,1010.3,8.0
2025-12-27 17:00:00,-0.4,73.0,0.0,13.3,1010.2,6.0
2025-12-27 18:00:00,-1.3,74.0,0.0,12.2,1009.7,8.0
2025-12-27 19:00:00,-1.8,76.0,0.0,12.2,1009.1,8.0
2025-12-27 20:00:00,-1.3,73.0,0.0,12.2,1008.8,8.0
2025-12-27 21:00:00,-1.4,72.0,0.0,12.6,1008.2,8.0
2025-12-27 22:00:00,-1.7,72.0,0.0,14.8,1006.0,8.0
2025-12-27 23:00:00,-1.8,71.0,0.0,16.6,1004.4,8.0
2025-12-28 00:00:00,-1.4,72.0,0.0,18.7,1003.6,8.0
2025-12-28 01:00:00,-1.4,75.0,0.0,20.5,1001.8,8.0
2025-12-28 02:00:00,-1.2,80.0,0.0,23.4,1000.3,8.0
2025-12-28 03:00:00,-1.1,88.0,0.4,26.3,998.4,8.0
2025-12-28 04:00:00,-0.8,91.0,0.7,26.6,996.3,8.0
2025-12-28 05:00:00,-0.3,95.0,1.0,25.2,994.9,8.0
2025-12-28 06:00:00,0.0,96.0,1.0,22.7,993.8,8.0
2025-12-28 07:00:00,-0.1,97.0,0.8,20.5,992.3,8.0
2025-12-28 08:00:00,0.0,97.0,0.8,17.3,992.0,8.0
2025-12-28 09:00:00,0.3,95.0,0.6,20.9,992.0,8.0
2025-12-28 10:00:00,0.4,92.0,0.3,26.3,992.3,8.0
2025-12-28 11:00:00,-0.3,90.0,0.0,24.1,992.5,8.0
2025-12-28 12:00:00,-0.4,89.0,0.0,23.4,992.3,8.0
2025-12-28 13:00:00,-0.5,88.0,0.0,20.5,992.5,8.0
2025-12-28 14:00:00,-0.4,88.0,0.0,16.9,992.5,8.0
2025-12-28 15:00:00,-0.5,87.0,0.0,14.0,993.1,8.0
2025-12-28 16:00:00,-0.9,85.0,0.0,13.0,993.8,8.0
2025-12-28 17:00:00,-1.1,86.0,0.0,10.8,993.9,8.0
2025-12-28 18:00:00,-2.0,91.0,0.0,13.0,993.8,8.0
2025-12-28 19:00:00,-1.5,93.0,0.0,16.2,993.8,5.0
2025-12-28 20:00:00,-2.0,90.0,0.0,15.8,994.1,8.0
2025-12-28 21:00:00,-2.1,86.0,0.0,14.0,994.5,8.0
2025-12-28 22:00:00,-3.2,86.0,0.0,11.9,994.5,8.0
2025-12-28 23:00:00,-2.7,88.0,0.0,15.8,994.5,8.0
2025-12-29 00:00:00,-2.2,88.0,0.0,17.3,994.1,8.0
2025-12-29 01:00:00,-1.8,91.0,0.2,19.4,993.5,8.0
2025-12-29 02:00:00,-1.8,93.0,0.6,19.1,993.1,8.0
2025-12-29 03:00:00,-1.8,95.0,0.7,18.7,992.6,8.0
2025-12-29 04:00:00,-1.6,96.0,0.7,14.8,992.4,8.0
2025-12-29 05:00:00,-4.1,93.0,0.3,9.0,993.5,8.0
2025-12-29 06:00:00,-4.1,92.0,0.0,11.2,993.8,8.0
2025-12-29 07:00:00,-2.9,92.0,0.0,14.4,994.1,8.0
2025-12-29 08:00:00,-2.1,92.0,0.0,14.0,994.7,8.0
2025-12-29 09:00:00,-1.7,92.0,0.0,16.2,995.2,8.0
2025-12-29 10:00:00,-1.3,92.0,0.0,16.9,995.5,8.0
2025-12-29 11:00:00,-0.8,89.0,0.0,18.4,995.6,8.0
2025-12-29 12:00:00,-0.9,90.0,0.1,18.0,995.6,8.0
2025-12-29 13:00:00,-1.0,90.0,0.0,20.2,995.7,8.0
2025-12-29 14:00:00,-1.0,91.0,0.0,22.3,996.4,8.0
2025-12-29 15:00:00,-1.1,91.0,0.0,24.5,997.4,8.0
2025-12-29 16:00:00,-1.3,91.0,0.1,25.9,998.2,8.0
2025-12-29 17:00:00,-1.5,90.0,0.0,25.9,998.8,8.0
2025-12-29 18:00:00,-2.0,89.0,0.0,27.0,999.7,8.0
2025-12-29 19:00:00,-2.6,87.0,0.0,24.5,1000.3,6.0
2025-12-29 20:00:00,-4.0,87.0,0.0,21.6,1000.9,7.0
2025-12-29 21:00:00,-4.7,87.0,0.0,18.7,1001.5,5.0
2025-12-29 22:00:00,-4.7,88.0,0.0,16.6,1002.0,8.0
2025-12-29 23:00:00,-3.5,90.0,0.0,17.3,1002.1,8.0
2025-12-30 00:00:00,-2.4,91.0,0.1,19.8,1002.2,7.0
2025-12-30 01:00:00,-1.8,91.0,0.1,22.3,1002.2,8.0
2025-12-30 02:00:00,-1.9,90.0,0.0,23.4,1002.2,7.0
2025-12-30 03:00:00,-2.9,90.0,0.0,22.7,1001.7,8.0
2025-12-30 04:00:00,-2.8,89.0,0.0,24.5,1001.6,8.0
2025-12-30 05:00:00,-2.9,88.0,0.0,24.8,1001.5,8.0
2025-12-30 06:00:00,-3.0,88.0,0.0,22.3,1001.2,8.0
2025-12-30 07:00:00,-2.8,89.0,0.1,22.7,1001.1,8.0
2025-12-30 08:00:00,-2.5,91.0,0.1,22.7,1001.0,8.0
2025-12-30 09:00:00,-1.9,92.0,0.0,20.2,1001.0,6.0
2025-12-30 10:00:00,-1.7,90.0,0.0,20.9,1000.8,1.0
2025-12-30 11:00:00,-1.5,89.0,0.0,21.2,1000.6,7.0
2025-12-30 12:00:00,-0.9,89.0,0.0,20.5,999.9,8.0
2025-12-30 13:00:00,-0.7,90.0,0.3,22.7,999.7,8.0
2025-12-30 14:00:00,-1.2,94.0,0.4,24.5,999.8,8.0
2025-12-30 15:00:00,-1.5,90.0,0.3,16.9,1000.5,6.0
2025-12-30 16:00:00,-2.5,90.0,0.0,15.1,1000.9,7.0
2025-12-30 17:00:00,-3.4,89.0,0.0,15.8,1001.4,8.0
2025-12-30 18:00:00,-3.5,86.0,0.0,18.4,1001.9,8.0
2025-12-30 19:00:00,-4.2,87.0,0.0,18.4,1002.2,8.0
2025-12-30 20:00:00,-4.5,87.0,0.0,17.3,1002.4,8.0
2025-12-30 21:00:00,-4.6,87.0,0.0,15.8,1002.4,8.0
2025-12-30 22:00:00,-4.7,88.0,0.0,16.6,1002.4,8.0
2025-12-30 23:00:00,-4.7,88.0,0.0,16.9,1002.4,8.0
2025-12-31 00:00:00,-4.4,87.0,0.0,19.8,1002.4,8.0
2025-12-31 01:00:00,-5.2,83.0,0.0,18.7,1002.4,7.0
2025-12-31 02:00:00,-5.7,83.0,0.0,18.7,1002.1,5.0
2025-12-31 03:00:00,-5.9,82.0,0.0,19.1,1001.9,8.0
2025-12-31 04:00:00,-5.3,86.0,0.0,20.9,1001.8,8.0
2025-12-31 05:00:00,-5.4,86.0,0.0,21.2,1001.6,7.0
2025-12-31 06:00:00,-6.3,86.0,0.0,19.1,1001.4,2.0
2025-12-31 07:00:00,-7.1,85.0,0.0,20.5,1001.2,4.0
2025-12-31 08:00:00,-6.8,85.0,0.0,20.2,1001.3,7.0
2025-12-31 09:00:00,-5.9,84.0,0.0,19.8,1001.6,5.0
2025-12-31 10:00:00,-5.1,84.0,0.0,20.5,1001.7,4.0
2025-12-31 11:00:00,-4.5,83.0,0.0,21.6,1001.6,4.0
2025-12-31 12:00:00,-4.7,83.0,0.0,20.2,1001.3,3.0
2025-12-31 13:00:00,-5.0,84.0,0.0,19.8,1001.5,7.0
2025-12-31 14:00:00,-5.3,84.0,0.0,20.9,1002.1,8.0
2025-12-31 15:00:00,-5.6,84.0,0.0,20.9,1002.8,8.0
2025-12-31 16:00:00,-5.7,86.0,0.0,19.4,1003.5,8.0
2025-12-31 17:00:00,-5.9,84.0,0.0,15.8,1004.0,6.0
2025-12-31 18:00:00,-6.9,82.0,0.0,16.2,1004.4,3.0
2025-12-31 19:00:00,-7.1,81.0,0.0,19.4,1004.7,4.0
2025-12-31 20:00:00,-7.5,80.0,0.0,19.8,1005.2,8.0
2025-12-31 21:00:00,-6.4,83.0,0.0,20.2,1005.7,8.0
2025-12-31 22:00:00,-7.4,83.0,0.0,18.7,1005.6,0.0
2025-12-31 23:00:00,-8.0,84.0,0.0,16.9,1006.2,0.0
2026-01-01 00:00:00,-8.6,85.0,0.0,15.5,1006.9,2.0
2026-01-01 01:00:00,-8.3,85.0,0.0,14.0,1007.6,7.0
2026-01-01 02:00:00,-7.6,86.0,0.0,13.3,1008.4,7.0
2026-01-01 03:00:00,-7.3,87.0,0.0,12.6,1008.8,8.0
2026-01-01 04:00:00,-7.5,87.0,0.0,11.5,1009.2,8.0
2026-01-01 05:00:00,-7.8,87.0,0.0,11.9,1009.7,8.0
2026-01-01 06:00:00,-7.5,87.0,0.0,11.9,1010.5,7.0
2026-01-01 07:00:00,-7.7,86.0,0.0,12.2,1011.0,8.0
2026-01-01 08:00:00,-8.0,85.0,0.0,12.6,1011.7,8.0
2026-01-01 09:00:00,-7.1,84.0,0.0,14.0,1012.6,8.0
2026-01-01 10:00:00,-6.4,82.0,0.0,15.1,1013.1,8.0
2026-01-01 11:00:00,-6.3,78.0,0.0,15.5,1013.3,8.0
2026-01-01 12:00:00,-6.1,76.0,0.0,15.5,1013.2,8.0
2026-01-01 13:00:00,-5.7,78.0,0.0,13.7,1013.5,8.0
2026-01-01 14:00:00,-5.5,77.0,0.0,14.8,1014.0,8.0
2026-01-01 15:00:00,-6.0,78.0,0.0,14.4,1014.7,5.0
2026-01-01 16:00:00,-8.3,80.0,0.0,10.1,1015.2,0.0
2026-01-01 17:00:00,-10.0,82.0,0.0,11.9,1015.9,0.0
2026-01-01 18:00:00,-10.7,80.0,0.0,11.9,1016.6,6.0
2026-01-01 19:00:00,-9.5,82.0,0.0,13.0,1017.0,8.0
2026-01-01 20:00:00,-9.8,85.0,0.0,14.4,1017.8,8.0
2026-01-01 21:00:00,-9.3,84.0,0.0,11.5,1018.2,8.0
2026-01-01 22:00:00,-9.2,84.0,0.0,5.0,1018.2,8.0
2026-01-01 23:00:00,-9.0,84.0,0.0,2.5,1018.4,8.0
2026-01-02 00:00:00,-9.1,87.0,0.0,5.0,1018.5,8.0
2026-01-02 01:00:00,-8.8,86.0,0.0,8.3,1018.2,3.0
2026-01-02 02:00:00,-7.7,87.0,0.0,12.2,1018.1,0.0
2026-01-02 03:00:00,-7.9,88.0,0.0,11.9,1017.4,0.0
2026-01-02 04:00:00,-7.6,88.0,0.0,13.3,1017.0,0.0
2026-01-02 05:00:00,-6.7,90.0,0.0,16.2,1016.5,8.0
2026-01-02 06:00:00,-5.8,90.0,0.0,18.7,1016.0,6.0
2026-01-02 07:00:00,-5.2,89.0,0.0,19.8,1015.8,7.0
2026-01-02 08:00:00,-4.4,87.0,0.0,20.2,1015.7,8.0
2026-01-02 09:00:00,-2.8,84.0,0.0,23.4,1015.1,7.0
2026-01-02 10:00:00,-1.2,85.0,0.0,26.3,1014.6,8.0
2026-01-02 11:00:00,0.0,85.0,0.0,27.4,1014.1,8.0
2026-01-02 12:00:00,0.9,84.0,0.0,28.4,1013.3,8.0
2026-01-02 13:00:00,1.7,82.0,0.0,28.1,1012.9,8.0
2026-01-02 14:00:00,1.9,83.0,0.0,28.1,1012.4,8.0
2026-01-02 15:00:00,2.0,84.0,0.0,29.2,1012.2,8.0
2026-01-02 16:00:00,2.1,84.0,0.0,30.2,1012.1,8.0
2026-01-02 17:00:00,2.0,84.0,0.0,30.6,1011.8,8.0
2026-01-02 18:00:00,2.1,84.0,0.0,32.4,1010.4,8.0
2026-01-02 19:00:00,2.0,85.0,0.0,32.0,1010.3,8.0
2026-01-02 20:00:00,2.1,86.0,0.0,31.0,1010.2,8.0
2026-01-02 21:00:00,2.2,85.0,0.0,31.0,1010.1,7.0
2026-01-02 22:00:00,2.1,86.0,0.0,30.6,1010.1,8.0
2026-01-02 23:00:00,2.2,86.0,0.0,29.9,1009.8,8.0
2026-01-03 00:00:00,2.3,85.0,0.0,29.9,1009.2,8.0
2026-01-03 01:00:00,2.5,86.0,0.0,29.5,1008.7,8.0
2026-01-03 02:00:00,2.7,85.0,0.0,29.5,1008.1,8.0
2026-01-03 03:00:00,2.9,85.0,0.0,28.4,1007.8,8.0
2026-01-03 04:00:00,2.9,84.0,0.0,29.2,1007.4,8.0
2026-01-03 05:00:00,2.9,85.0,0.0,29.5,1007.1,8.0
2026-01-03 06:00:00,2.6,88.0,0.4,29.5,1006.9,8.0
2026-01-03 07:00:00,2.6,89.0,0.1,29.5,1006.2,8.0
2026-01-03 08:00:00,2.6,89.0,0.0,29.9,1005.8,8.0
2026-01-03 09:00:00,3.2,87.0,0.2,30.2,1005.6,8.0
2026-01-03 10:00:00,3.6,87.0,0.4,29.9,1005.4,8.0
2026-01-03 11:00:00,3.9,88.0,0.0,27.0,1005.1,8.0
2026-01-03 12:00:00,4.4,92.0,0.7,28.4,1004.0,8.0
2026-01-03 13:00:00,4.2,94.0,0.6,27.4,1003.4,8.0
2026-01-03 14:00:00,4.2,95.0,0.4,25.6,1002.7,8.0
2026-01-03 15:00:00,4.3,96.0,0.8,24.1,1002.5,8.0
2026-01-03 16:00:00,4.6,96.0,0.4,24.8,1002.6,8.0
2026-01-03 17:00:00,3.8,98.0,2.3,18.7,1002.6,8.0
2026-01-03 18:00:00,2.9,99.0,1.8,15.8,1003.1,8.0
2026-01-03 19:00:00,1.9,96.0,0.5,15.8,1003.9,8.0
2026-01-03 20:00:00,0.7,100.0,1.3,13.7,1004.7,8.0
2026-01-03 21:00:00,0.9,98.0,0.2,13.7,1005.9,8.0
2026-01-03 22:00:00,0.8,96.0,0.0,12.6,1007.2,8.0
2026-01-03 23:00:00,0.7,96.0,0.0,10.4,1008.5,8.0
2026-01-04 00:00:00,0.2,96.0,0.0,10.4,1009.3,0.0
2026-01-04 01:00:00,-1.0,97.0,0.0,12.2,1010.8,0.0
2026-01-04 02:00:00,-1.3,96.0,0.0,12.6,1011.8,0.0
2026-01-04 03:00:00,-1.5,95.0,0.0,11.5,1012.8,0.0
2026-01-04 04:00:00,-2.1,94.0,0.0,8.6,1013.4,0.0
2026-01-04 05:00:00,-2.6,94.0,0.0,8.6,1014.5,0.0
2026-01-04 06:00:00,-2.8,95.0,0.0,9.7,1015.4,0.0
2026-01-04 07:00:00,-3.0,96.0,0.0,7.2,1015.8,2.0
2026-01-04 08:00:00,-2.7,97.0,0.0,5.4,1016.2,5.0
2026-01-04 09:00:00,-1.4,97.0,0.0,3.6,1016.6,8.0
2026-01-04 10:00:00,-0.1,95.0,0.0,6.1,1016.5,8.0
2026-01-04 11:00:00,1.1,86.0,0.0,10.4,1016.4,8.0
2026-01-04 12:00:00,1.8,83.0,0.0,10.8,1015.4,8.0
2026-01-04 13:00:00,2.1,81.0,0.0,14.4,1014.5,8.0
2026-01-04 14:00:00,1.0,85.0,0.0,14.8,1014.3,8.0
2026-01-04 15:00:00,0.8,85.0,0.0,18.4,1014.0,8.0
2026-01-04 16:00:00,0.6,89.0,0.3,20.5,1013.2,8.0
2026-01-04 17:00:00,0.3,94.0,0.4,21.2,1012.4,8.0
2026-01-04 18:00:00,0.2,96.0,0.4,20.9,1011.5,8.0
2026-01-04 19:00:00,0.3,95.0,0.3,20.2,1010.8,8.0
2026-01-04 20:00:00,0.5,94.0,0.3,17.3,1010.2,8.0
2026-01-04 21:00:00,0.6,95.0,0.0,11.9,1009.7,8.0
2026-01-04 22:00:00,0.7,97.0,0.0,5.4,1009.9,8.0
2026-01-04 23:00:00,0.7,97.0,0.0,9.4,1010.9,8.0
2026-01-05 00:00:00,0.6,97.0,0.0,8.3,1011.7,8.0
2026-01-05 01:00:00,0.5,97.0,0.0,8.3,1012.9,8.0
2026-01-05 02:00:00,0.5,97.0,0.0,10.1,1014.0,8.0
2026-01-05 03:00:00,0.5,96.0,0.0,11.2,1015.0,8.0
2026-01-05 04:00:00,0.5,95.0,0.0,11.9,1016.1,8.0
2026-01-05 05:00:00,0.5,94.0,0.0,13.0,1017.0,8.0
2026-01-05 06:00:00,0.4,94.0,0.0,13.0,1017.9,8.0
2026-01-05 07:00:00,0.1,94.0,0.0,11.9,1018.9,8.0
2026-01-05 08:00:00,-0.2,96.0,0.0,13.0,1019.9,8.0
2026-01-05 09:00:00,0.1,95.0,0.0,13.0,1021.1,8.0
2026-01-05 10:00:00,0.4,93.0,0.0,14.4,1022.1,8.0
2026-01-05 11:00:00,0.5,91.0,0.0,12.6,1022.3,8.0
2026-01-05 12:00:00,0.0,86.0,0.0,8.3,1024.3,8.0
2026-01-05 13:00:00,-0.1,86.0,0.0,8.6,1024.4,8.0
2026-01-05 14:00:00,-0.1,87.0,0.0,10.8,1024.6,8.0
2026-01-05 15:00:00,-0.4,89.0,0.0,11.5,1025.0,8.0
2026-01-05 16:00:00,-0.8,90.0,0.0,12.2,1025.1,8.0
2026-01-05 17:00:00,-0.9,90.0,0.0,13.3,1025.1,8.0
2026-01-05 18:00:00,-1.0,90.0,0.0,13.3,1025.3,8.0
2026-01-05 19:00:00,-0.9,88.0,0.0,15.1,1025.5,8.0
2026-01-05 20:00:00,-0.9,87.0,0.0,16.6,1025.1,8.0
2026-01-05 21:00:00,-0.7,86.0,0.0,16.9,1025.0,8.0
2026-01-05 22:00:00,-0.5,86.0,0.0,18.0,1024.8,8.0
2026-01-05 23:00:00,-0.2,86.0,0.0,19.4,1024.1,8.0
2026-01-06 00:00:00,0.0,85.0,0.0,20.2,1023.6,8.0
2026-01-06 01:00:00,0.2,86.0,0.0,22.7,1022.9,8.0
2026-01-06 02:00:00,0.4,88.0,0.2,24.8,1022.1,8.0
2026-01-06 03:00:00,0.6,88.0,0.3,24.8,1021.4,8.0
2026-01-06 04:00:00,0.6,91.0,0.5,25.6,1020.3,8.0
2026-01-06 05:00:00,0.9,93.0,0.5,22.7,1019.9,8.0
2026-01-06 06:00:00,1.1,95.0,0.4,21.6,1019.6,8.0
2026-01-06 07:00:00,1.4,96.0,0.4,22.0,1019.4,8.0
2026-01-06 08:00:00,1.8,97.0,0.4,22.0,1019.2,8.0
2026-01-06 09:00:00,2.2,97.0,0.8,22.3,1018.8,8.0
2026-01-06 10:00:00,2.0,98.0,0.4,19.1,1019.1,8.0
2026-01-06 11:00:00,2.7,98.0,0.4,19.1,1018.7,8.0
2026-01-06 12:00:00,2.9,99.0,0.4,19.4,1017.9,8.0
2026-01-06 13:00:00,3.5,99.0,0.2,18.7,1017.5,8.0
2026-01-06 14:00:00,3.4,99.0,0.0,16.9,1017.3,8.0
2026-01-06 15:00:00,3.6,98.0,0.0,16.6,1017.3,8.0
2026-01-06 16:00:00,3.5,98.0,0.0,16.6,1017.2,8.0
2026-01-06 17:00:00,3.2,97.0,0.0,16.9,1017.1,1.0
2026-01-06 18:00:00,2.4,97.0,0.0,16.6,1017.3,7.0
2026-01-06 19:00:00,2.6,95.0,0.0,17.3,1017.5,8.0
2026-01-06 20:00:00,3.2,92.0,0.0,19.4,1017.5,8.0
2026-01-06 21:00:00,3.0,92.0,0.0,19.4,1017.4,8.0
2026-01-06 22:00:00,2.8,92.0,0.0,18.0,1017.3,8.0
2026-01-06 23:00:00,2.9,91.0,0.0,17.6,1017.2,8.0
2026-01-07 00:00:00,3.1,91.0,0.0,17.6,1017.0,8.0
2026-01-07 01:00:00,2.9,93.0,0.0,17.3,1016.7,8.0
2026-01-07 02:00:00,3.3,92.0,0.0,17.3,1016.5,8.0
2026-01-07 03:00:00,3.5,92.0,0.0,16.6,1016.2,8.0
2026-01-07 04:00:00,3.4,94.0,0.0,15.8,1015.9,8.0
2026-01-07 05:00:00,3.4,94.0,0.0,15.5,1015.9,8.0
2026-01-07 06:00:00,3.6,94.0,0.0,16.2,1015.6,8.0
2026-01-07 07:00:00,2.3,98.0,0.0,15.8,1015.6,8.0
2026-01-07 08:00:00,2.5,98.0,0.0,16.2,1015.5,8.0
2026-01-07 09:00:00,3.4,98.0,0.0,16.2,1016.2,8.0
2026-01-07 10:00:00,3.9,98.0,0.0,18.0,1015.8,8.0
2026-01-07 11:00:00,4.5,96.0,0.0,17.6,1015.4,8.0
2026-01-07 12:00:00,5.7,92.0,0.0,16.9,1014.5,7.0
2026-01-07 13:00:00,6.6,88.0,0.0,16.9,1013.6,8.0
2026-01-07 14:00:00,6.7,88.0,0.0,16.2,1013.2,8.0
2026-01-07 15:00:00,7.1,86.0,0.0,14.4,1013.1,8.0
2026-01-07 16:00:00,6.2,89.0,1.0,15.5,1012.9,8.0
2026-01-07 17:00:00,4.9,91.0,1.1,14.0,1012.7,6.0
2026-01-07 18:00:00,4.8,94.0,0.7,15.5,1012.5,8.0
2026-01-07 19:00:00,5.1,94.0,0.6,19.1,1012.2,8.0
2026-01-07 20:00:00,5.0,95.0,0.5,19.1,1012.2,8.0
2026-01-07 21:00:00,5.0,95.0,0.4,18.0,1011.8,8.0
2026-01-07 22:00:00,4.9,94.0,0.0,17.6,1011.6,8.0
2026-01-07 23:00:00,4.6,95.0,0.0,15.5,1011.4,8.0
2026-01-08 00:00:00,5.1,96.0,0.0,15.5,1010.8,8.0
2026-01-08 01:00:00,5.1,97.0,0.0,17.3,1010.0,8.0
2026-01-08 02:00:00,4.5,97.0,0.0,16.6,1009.6,8.0
2026-01-08 03:00:00,4.6,96.0,0.0,16.6,1008.7,8.0
2026-01-08 04:00:00,4.6,96.0,0.0,17.3,1008.0,8.0
2026-01-08 05:00:00,4.4,97.0,0.3,17.3,1007.5,8.0
2026-01-08 06:00:00,4.7,97.0,1.0,18.4,1006.9,8.0
2026-01-08 07:00:00,4.9,98.0,0.3,19.4,1006.5,8.0
2026-01-08 08:00:00,5.3,97.0,0.3,18.7,1005.5,8.0
2026-01-08 09:00:00,6.1,96.0,0.0,20.5,1005.2,8.0
2026-01-08 10:00:00,6.6,94.0,0.1,22.0,1004.4,8.0
2026-01-08 11:00:00,7.6,91.0,0.0,22.7,1003.3,8.0
2026-01-08 12:00:00,8.7,84.0,0.0,29.2,1001.6,8.0
2026-01-08 13:00:00,7.8,94.0,0.5,27.0,999.9,8.0
2026-01-08 14:00:00,7.6,94.0,0.8,24.1,998.7,8.0
2026-01-08 15:00:00,7.5,95.0,1.4,25.6,998.5,8.0
2026-01-08 16:00:00,7.4,94.0,0.3,26.6,997.4,8.0
2026-01-08 17:00:00,7.1,94.0,0.6,25.2,996.0,8.0
2026-01-08 18:00:00,6.9,95.0,1.7,28.4,994.7,8.0
2026-01-08 19:00:00,7.0,95.0,1.9,28.8,993.6,8.0
2026-01-08 20:00:00,7.6,95.0,1.3,29.2,992.3,8.0
2026-01-08 21:00:00,7.7,95.0,0.5,30.2,991.5,8.0
2026-01-08 22:00:00,8.3,94.0,0.3,29.2,991.2,8.0
2026-01-08 23:00:00,7.8,94.0,0.0,32.0,991.5,8.0
2026-01-09 00:00:00,5.9,92.0,0.0,30.6,992.2,8.0
2026-01-09 01:00:00,3.8,91.0,0.0,28.8,992.8,8.0
2026-01-09 02:00:00,1.9,80.0,0.0,28.8,993.8,8.0
2026-01-09 03:00:00,2.1,88.0,0.0,28.4,992.3,8.0
2026-01-09 04:00:00,0.9,84.0,0.0,27.4,993.7,8.0
2026-01-09 05:00:00,-0.1,78.0,0.0,25.2,994.6,8.0
2026-01-09 06:00:00,-1.0,73.0,0.0,24.8,995.3,8.0
2026-01-09 07:00:00,-1.6,71.0,0.0,25.9,996.1,8.0
2026-01-09 08:00:00,-2.1,70.0,0.0,26.6,997.4,8.0
2026-01-09 09:00:00,-2.3,67.0,0.0,28.1,998.7,8.0
2026-01-09 10:00:00,-2.2,63.0,0.0,29.2,999.2,8.0
2026-01-09 11:00:00,-2.1,59.0,0.0,29.2,999.7,8.0
2026-01-09 12:00:00,-2.2,58.0,0.0,29.2,999.8,8.0
2026-01-09 13:00:00,-2.5,57.0,0.0,28.1,1000.1,8.0
2026-01-09 14:00:00,-2.7,57.0,0.0,28.1,1000.5,8.0
2026-01-09 15:00:00,-2.6,58.0,0.0,27.4,1001.5,8.0
2026-01-09 16:00:00,-2.6,58.0,0.0,26.3,1002.5,8.0
2026-01-09 17:00:00,-2.8,57.0,0.0,25.6,1003.1,8.0
2026-01-09 18:00:00,-3.0,57.0,0.0,24.8,1003.6,5.0
2026-01-09 19:00:00,-3.4,57.0,0.0,25.2,1003.8,7.0
2026-01-09 20:00:00,-3.2,58.0,0.0,28.4,1003.9,8.0
2026-01-09 21:00:00,-3.2,58.0,0.0,27.0,1004.4,8.0
2026-01-09 22:00:00,-2.5,58.0,0.0,25.2,1004.6,8.0
2026-01-09 23:00:00,-2.0,54.0,0.0,25.2,1004.9,6.0
2026-01-10 00:00:00,-2.2,54.0,0.0,23.0,1005.4,1.0
2026-01-10 01:00:00,-2.6,70.0,0.0,18.7,1004.9,0.0
2026-01-10 02:00:00,-2.8,71.0,0.0,16.6,1005.1,0.0
2026-01-10 03:00:00,-2.7,75.0,0.0,17.6,1005.1,6.0
2026-01-10 04:00:00,-1.8,75.0,0.0,19.1,1005.2,8.0
2026-01-10 05:00:00,-1.1,76.0,0.0,19.1,1004.8,8.0
2026-01-10 06:00:00,-0.9,83.0,0.0,18.4,1004.6,6.0
2026-01-10 07:00:00,-1.1,90.0,0.0,17.6,1004.7,4.0
2026-01-10 08:00:00,-1.4,90.0,0.0,17.3,1004.8,0.0
2026-01-10 09:00:00,-0.1,85.0,0.0,17.6,1005.1,8.0
2026-01-10 10:00:00,1.1,79.0,0.0,15.1,1004.8,1.0
2026-01-10 11:00:00,2.2,73.0,0.0,15.5,1004.3,8.0
2026-01-10 12:00:00,2.8,67.0,0.0,16.6,1003.7,8.0
2026-01-10 13:00:00,2.7,67.0,0.0,16.6,1003.1,8.0
2026-01-10 14:00:00,2.0,73.0,0.0,16.2,1002.8,8.0
2026-01-10 15:00:00,0.9,88.0,0.5,16.2,1002.6,8.0
2026-01-10 16:00:00,0.4,95.0,1.3,13.3,1002.3,8.0
2026-01-10 17:00:00,0.2,98.0,1.9,11.9,1001.6,8.0
2026-01-10 18:00:00,0.2,98.0,1.4,10.1,1001.4,8.0
2026-01-10 19:00:00,0.2,99.0,0.2,9.7,1000.9,8.0
2026-01-10 20:00:00,0.2,99.0,0.0,6.8,1000.2,8.0
2026-01-10 21:00:00,0.2,99.0,0.0,6.5,1000.5,8.0
2026-01-10 22:00:00,0.2,99.0,0.0,7.2,1000.6,7.0
2026-01-10 23:00:00,-0.1,99.0,0.0,6.8,1001.5,8.0
2026-01-11 00:00:00,0.2,98.0,0.0,11.9,1001.6,8.0
2026-01-11 01:00:00,0.2,98.0,0.0,13.7,1001.4,8.0
2026-01-11 02:00:00,0.1,98.0,0.0,17.3,1001.8,8.0
2026-01-11 03:00:00,-0.2,98.0,0.0,19.1,1001.4,8.0
2026-01-11 04:00:00,-0.4,98.0,0.2,20.2,1000.6,8.0
2026-01-11 05:00:00,-0.6,96.0,0.2,22.3,1000.1,8.0
2026-01-11 06:00:00,-0.8,96.0,0.8,22.7,999.4,8.0
2026-01-11 07:00:00,-0.9,95.0,0.9,24.5,998.6,8.0
2026-01-11 08:00:00,-0.9,95.0,1.7,25.2,997.9,8.0
2026-01-11 09:00:00,-1.1,94.0,1.6,27.4,997.5,8.0
2026-01-11 10:00:00,-1.6,93.0,1.3,29.9,996.7,8.0
2026-01-11 11:00:00,-3.1,97.0,0.6,30.2,996.7,8.0
2026-01-11 12:00:00,-4.7,91.0,4.5,30.6,997.0,8.0
2026-01-11 13:00:00,-5.9,89.0,2.0,34.6,998.4,8.0
2026-01-11 14:00:00,-6.1,85.0,0.5,33.8,999.7,8.0
2026-01-11 15:00:00,-7.5,81.0,0.2,28.4,1001.9,7.0
2026-01-11 16:00:00,-8.4,81.0,0.0,23.8,1004.0,2.0
2026-01-11 17:00:00,-8.9,80.0,0.0,20.9,1005.2,3.0
2026-01-11 18:00:00,-9.5,80.0,0.0,18.0,1006.7,6.0
2026-01-11 19:00:00,-10.1,82.0,0.0,16.9,1007.9,0.0
2026-01-11 20:00:00,-10.7,81.0,0.0,14.4,1008.8,0.0
2026-01-11 21:00:00,-11.6,80.0,0.0,13.7,1009.9,0.0
2026-01-11 22:00:00,-12.3,80.0,0.0,13.0,1010.6,0.0
2026-01-11 23:00:00,-12.7,80.0,0.0,13.3,1011.6,0.0
2026-01-12 00:00:00,-13.2,81.0,0.0,13.0,1011.8,0.0
2026-01-12 01:00:00,-13.8,82.0,0.0,11.9,1012.3,0.0
2026-01-12 02:00:00,-14.2,83.0,0.0,11.9,1012.7,0.0
2026-01-12 03:00:00,-15.0,85.0,0.0,9.7,1013.5,0.0
2026-01-12 04:00:00,-15.7,86.0,0.0,7.6,1013.5,4.0
2026-01-12 05:00:00,-16.2,87.0,0.0,6.8,1013.8,8.0
2026-01-12 06:00:00,-16.4,85.0,0.0,7.6,1014.1,6.0
2026-01-12 07:00:00,-16.3,85.0,0.0,8.6,1014.5,8.0
2026-01-12 08:00:00,-15.5,85.0,0.0,10.4,1014.8,7.0
2026-01-12 09:00:00,-14.5,83.0,0.0,7.2,1015.5,6.0
2026-01-12 10:00:00,-12.8,80.0,0.0,8.3,1016.1,5.0
2026-01-12 11:00:00,-11.5,80.0,0.0,7.2,1016.4,5.0
2026-01-12 12:00:00,-10.2,81.0,0.0,6.5,1015.9,3.0
2026-01-12 13:00:00,-9.2,79.0,0.0,6.5,1015.9,3.0
2026-01-12 14:00:00,-8.3,81.0,0.0,7.9,1016.0,7.0
2026-01-12 15:00:00,-7.7,86.0,0.0,8.6,1016.4,8.0
2026-01-12 16:00:00,-9.6,92.0,0.0,6.5,1016.7,8.0
2026-01-12 17:00:00,-9.5,92.0,0.0,7.2,1017.1,3.0
2026-01-12 18:00:00,-10.6,93.0,0.0,7.9,1017.5,4.0
2026-01-12 19:00:00,-12.6,93.0,0.0,2.2,1018.2,4.0
2026-01-12 20:00:00,-12.8,94.0,0.0,2.9,1018.5,4.0
2026-01-12 21:00:00,-12.8,94.0,0.0,4.0,1018.6,4.0
2026-01-12 22:00:00,-12.8,94.0,0.0,5.8,1019.0,5.0
2026-01-12 23:00:00,-12.7,93.0,0.0,6.8,1019.3,7.0
2026-01-13 00:00:00,-12.6,93.0,0.0,6.8,1019.1,7.0
2026-01-13 01:00:00,-12.1,92.0,0.0,6.5,1019.0,7.0
2026-01-13 02:00:00,-11.1,92.0,0.0,6.8,1019.1,7.0
2026-01-13 03:00:00,-10.5,94.0,0.0,8.3,1019.2,7.0
2026-01-13 04:00:00,-9.7,93.0,0.0,8.6,1019.4,7.0
2026-01-13 05:00:00,-8.7,90.0,0.0,9.0,1019.6,8.0
2026-01-13 06:00:00,-8.0,89.0,0.0,9.4,1019.7,8.0
2026-01-13 07:00:00,-7.7,91.0,0.0,8.6,1020.0,8.0
2026-01-13 08:00:00,-7.5,92.0,0.0,7.2,1020.0,8.0
2026-01-13 09:00:00,-7.2,92.0,0.0,6.8,1020.6,8.0
2026-01-13 10:00:00,-6.7,92.0,0.0,9.0,1021.0,8.0
2026-01-13 11:00:00,-6.2,94.0,0.0,8.3,1021.1,8.0
2026-01-13 12:00:00,-5.9,94.0,0.0,7.6,1021.0,8.0
2026-01-13 13:00:00,-5.7,93.0,0.0,6.8,1021.0,8.0
2026-01-13 14:00:00,-5.7,91.0,0.0,6.8,1021.1,8.0
2026-01-13 15:00:00,-5.9,88.0,0.0,7.2,1021.3,7.0
2026-01-13 16:00:00,-6.6,88.0,0.0,7.9,1021.9,7.0
2026-01-13 17:00:00,-7.0,89.0,0.0,7.9,1021.9,7.0
2026-01-13 18:00:00,-7.5,89.0,0.0,8.3,1022.4,7.0
2026-01-13 19:00:00,-7.8,88.0,0.0,9.0,1022.7,4.0
2026-01-13 20:00:00,-8.2,87.0,0.0,8.3,1023.1,8.0
2026-01-13 21:00:00,-9.7,89.0,0.0,6.8,1023.4,8.0
2026-01-13 22:00:00,-10.4,89.0,0.0,6.1,1023.6,2.0
2026-01-13 23:00:00,-11.4,90.0,0.0,4.7,1023.9,4.0
2026-01-14 00:00:00,-11.9,90.0,0.0,5.4,1024.2,8.0
2026-01-14 01:00:00,-12.3,90.0,0.0,6.1,1024.5,2.0
2026-01-14 02:00:00,-12.9,89.0,0.0,6.1,1024.9,0.0
2026-01-14 03:00:00,-13.9,89.0,0.0,6.1,1025.1,0.0
2026-01-14 04:00:00,-14.2,88.0,0.0,4.3,1025.1,0.0
2026-01-14 05:00:00,-14.4,89.0,0.0,2.2,1025.1,1.0
2026-01-14 06:00:00,-14.8,89.0,0.0,1.4,1025.2,2.0
2026-01-14 07:00:00,-14.7,88.0,0.0,2.2,1025.3,7.0
2026-01-14 08:00:00,-14.0,86.0,0.0,3.6,1025.6,8.0
2026-01-14 09:00:00,-10.9,86.0,0.0,6.1,1025.9,8.0
2026-01-14 10:00:00,-8.8,80.0,0.0,5.0,1025.8,7.0
2026-01-14 11:00:00,-7.6,76.0,0.0,5.8,1025.5,5.0
2026-01-14 12:00:00,-6.4,78.0,0.0,5.8,1024.9,8.0
2026-01-14 13:00:00,-5.4,81.0,0.0,6.1,1024.5,8.0
2026-01-14 14:00:00,-5.7,85.0,0.0,3.2,1024.2,8.0
2026-01-14 15:00:00,-5.6,87.0,0.0,4.3,1024.0,8.0
2026-01-14 16:00:00,-5.5,89.0,0.1,5.8,1023.9,8.0
2026-01-14 17:00:00,-5.6,91.0,0.1,6.1,1023.8,8.0
2026-01-14 18:00:00,-5.4,92.0,0.2,5.8,1023.5,8.0
2026-01-14 19:00:00,-5.4,93.0,0.2,5.4,1023.6,8.0
2026-01-14 20:00:00,-5.3,93.0,0.3,6.1,1023.5,8.0
2026-01-14 21:00:00,-5.3,93.0,0.3,7.2,1022.9,8.0
2026-01-14 22:00:00,-5.2,93.0,0.4,7.6,1022.6,8.0
2026-01-14 23:00:00,-5.1,93.0,0.4,7.9,1022.3,8.0
2026-01-15 00:00:00,-5.1,93.0,0.4,7.9,1022.1,8.0
2026-01-15 01:00:00,-5.1,94.0,0.5,7.6,1021.9,8.0
2026-01-15 02:00:00,-5.1,93.0,0.5,8.3,1021.8,8.0
2026-01-15 03:00:00,-5.2,93.0,0.3,10.8,1021.6,8.0
2026-01-15 04:00:00,-5.2,93.0,0.2,11.9,1021.5,8.0
2026-01-15 05:00:00,-5.3,93.0,0.1,11.2,1021.3,8.0
2026-01-15 06:00:00,-5.5,93.0,0.2,12.6,1021.3,8.0
2026-01-15 07:00:00,-5.7,94.0,0.2,14.0,1021.3,8.0
2026-01-15 08:00:00,-5.7,93.0,0.1,15.1,1021.3,8.0
2026-01-15 09:00:00,-5.4,92.0,0.0,14.8,1021.6,8.0
2026-01-15 10:00:00,-4.9,91.0,0.0,15.1,1021.7,8.0
2026-01-15 11:00:00,-4.7,88.0,0.0,15.5,1021.8,8.0
2026-01-15 12:00:00,-5.4,89.0,0.0,16.6,1020.2,8.0
2026-01-15 13:00:00,-5.2,88.0,0.0,15.8,1020.2,8.0
2026-01-15 14:00:00,-5.0,88.0,0.0,15.5,1020.1,8.0
2026-01-15 15:00:00,-4.9,90.0,0.1,16.2,1020.4,8.0
2026-01-15 16:00:00,-5.1,91.0,0.0,18.7,1021.0,8.0
2026-01-15 17:00:00,-5.5,91.0,0.0,19.4,1021.6,8.0
2026-01-15 18:00:00,-6.0,91.0,0.0,19.8,1022.0,8.0
2026-01-15 19:00:00,-6.4,90.0,0.0,21.2,1022.4,8.0
2026-01-15 20:00:00,-7.1,88.0,0.0,22.7,1023.1,8.0
2026-01-15 21:00:00,-7.8,86.0,0.0,21.6,1023.6,8.0
2026-01-15 22:00:00,-8.4,85.0,0.0,21.2,1024.2,8.0
2026-01-15 23:00:00,-9.4,86.0,0.0,21.6,1024.6,8.0
2026-01-16 00:00:00,-10.0,87.0,0.0,21.2,1024.5,8.0
2026-01-16 01:00:00,-10.4,87.0,0.0,21.6,1024.7,8.0
2026-01-16 02:00:00,-10.7,87.0,0.0,20.5,1025.3,8.0
2026-01-16 03:00:00,-10.6,86.0,0.0,20.5,1025.7,8.0
2026-01-16 04:00:00,-10.7,86.0,0.0,22.0,1026.0,8.0
2026-01-16 05:00:00,-10.7,86.0,0.0,23.8,1026.4,8.0
2026-01-16 06:00:00,-11.1,86.0,0.0,23.8,1026.8,8.0
2026-01-16 07:00:00,-10.4,86.0,0.0,24.5,1027.3,8.0
2026-01-16 08:00:00,-10.1,87.0,0.2,24.8,1027.7,8.0
2026-01-16 09:00:00,-9.8,87.0,0.2,25.2,1028.1,8.0
2026-01-16 10:00:00,-8.9,87.0,0.1,24.5,1027.8,8.0
2026-01-16 11:00:00,-9.4,87.0,0.1,25.6,1028.5,8.0
2026-01-16 12:00:00,-9.6,87.0,0.2,24.5,1028.7,8.0
2026-01-16 13:00:00,-9.8,87.0,0.2,24.1,1029.5,8.0
2026-01-16 14:00:00,-9.9,87.0,0.0,24.5,1029.9,8.0
2026-01-16 15:00:00,-10.2,87.0,0.1,24.1,1030.4,8.0
2026-01-16 16:00:00,-10.6,86.0,0.0,24.5,1031.1,8.0
2026-01-16 17:00:00,-10.7,86.0,0.0,23.0,1031.5,8.0
2026-01-16 18:00:00,-11.0,85.0,0.0,23.0,1031.8,8.0
2026-01-16 19:00:00,-11.4,84.0,0.0,23.8,1031.9,8.0
2026-01-16 20:00:00,-11.5,83.0,0.0,23.4,1032.2,8.0
2026-01-16 21:00:00,-11.6,83.0,0.0,22.0,1032.3,8.0
2026-01-16 22:00:00,-11.8,82.0,0.0,22.3,1032.4,8.0
2026-01-16 23:00:00,-11.9,81.0,0.0,20.5,1033.0,8.0
2026-01-17 00:00:00,-11.9,81.0,0.0,18.7,1033.3,8.0
2026-01-17 01:00:00,-12.1,81.0,0.0,19.4,1033.4,8.0
2026-01-17 02:00:00,-12.2,81.0,0.0,20.2,1033.3,8.0
2026-01-17 03:00:00,-12.5,80.0,0.0,20.2,1033.4,8.0
2026-01-17 04:00:00,-12.4,80.0,0.0,20.2,1033.4,8.0
2026-01-17 05:00:00,-12.6,81.0,0.0,22.0,1033.6,8.0
2026-01-17 06:00:00,-12.4,82.0,0.0,22.7,1033.7,8.0
2026-01-17 07:00:00,-12.4,83.0,0.0,22.7,1034.0,8.0
2026-01-17 08:00:00,-12.2,80.0,0.0,21.6,1034.5,8.0
2026-01-17 09:00:00,-12.2,80.0,0.0,23.8,1035.2,8.0
2026-01-17 10:00:00,-12.1,79.0,0.0,23.0,1035.6,6.0
2026-01-17 11:00:00,-11.9,79.0,0.0,22.7,1036.0,4.0
2026-01-17 12:00:00,-12.1,79.0,0.0,22.3,1036.0,2.0
2026-01-17 13:00:00,-12.0,79.0,0.0,22.0,1035.9,4.0
2026-01-17 14:00:00,-11.9,80.0,0.0,22.7,1036.1,3.0
2026-01-17 15:00:00,-12.1,80.0,0.0,21.6,1036.6,2.0
2026-01-17 16:00:00,-12.3,80.0,0.0,20.5,1036.9,6.0
2026-01-17 17:00:00,-12.2,82.0,0.0,19.8,1037.2,6.0
2026-01-17 18:00:00,-11.7,83.0,0.0,20.2,1037.5,7.0
2026-01-17 19:00:00,-11.0,84.0,0.0,19.8,1037.7,8.0
2026-01-17 20:00:00,-10.5,85.0,0.0,19.4,1037.8,7.0
2026-01-17 21:00:00,-11.0,84.0,0.0,18.4,1038.0,7.0
2026-01-17 22:00:00,-11.5,84.0,0.0,18.4,1038.3,8.0
2026-01-17 23:00:00,-11.2,85.0,0.0,18.4,1038.3,8.0
2026-01-18 00:00:00,-10.9,85.0,0.0,19.1,1038.5,8.0
2026-01-18 01:00:00,-10.9,85.0,0.0,19.1,1038.6,8.0
2026-01-18 02:00:00,-10.9,85.0,0.0,18.0,1038.8,8.0
2026-01-18 03:00:00,-10.8,85.0,0.0,18.0,1038.6,8.0
2026-01-18 04:00:00,-10.5,85.0,0.0,20.2,1038.8,8.0
2026-01-18 05:00:00,-10.8,85.0,0.0,20.2,1038.9,8.0
2026-01-18 06:00:00,-13.0,82.0,0.0,19.4,1038.9,8.0
2026-01-18 07:00:00,-12.5,82.0,0.0,19.1,1038.7,7.0
2026-01-18 08:00:00,-12.2,83.0,0.0,18.7,1038.9,8.0
2026-01-18 09:00:00,-10.8,84.0,0.0,21.6,1039.2,8.0
2026-01-18 10:00:00,-9.8,85.0,0.0,23.0,1039.1,8.0
2026-01-18 11:00:00,-9.5,85.0,0.0,23.8,1039.2,8.0
2026-01-18 12:00:00,-9.3,84.0,0.0,23.0,1038.8,8.0
2026-01-18 13:00:00,-9.0,84.0,0.0,24.5,1038.2,8.0
2026-01-18 14:00:00,-9.0,85.0,0.0,23.0,1038.0,8.0
2026-01-18 15:00:00,-9.2,86.0,0.0,20.5,1038.1,7.0
2026-01-18 16:00:00,-9.7,86.0,0.0,18.7,1038.2,3.0
2026-01-18 17:00:00,-10.4,86.0,0.0,18.7,1038.4,2.0
2026-01-18 18:00:00,-10.9,86.0,0.0,19.1,1038.5,2.0
2026-01-18 19:00:00,-11.2,86.0,0.0,18.7,1038.6,1.0
2026-01-18 20:00:00,-11.5,86.0,0.0,18.7,1038.6,8.0
2026-01-18 21:00:00,-10.8,86.0,0.0,19.1,1038.5,8.0
2026-01-18 22:00:00,-10.8,87.0,0.0,19.1,1038.5,8.0
2026-01-18 23:00:00,-10.6,87.0,0.0,20.2,1038.4,8.0
2026-01-19 00:00:00,-10.3,88.0,0.0,19.4,1038.2,8.0
2026-01-19 01:00:00,-9.9,88.0,0.0,19.1,1038.1,6.0
2026-01-19 02:00:00,-10.3,88.0,0.0,19.1,1038.1,8.0
2026-01-19 03:00:00,-10.6,89.0,0.0,17.6,1037.9,8.0
2026-01-19 04:00:00,-9.2,88.0,0.0,17.6,1037.7,8.0
2026-01-19 05:00:00,-9.1,88.0,0.0,18.4,1037.8,8.0
2026-01-19 06:00:00,-9.1,88.0,0.0,19.8,1037.8,8.0
2026-01-19 07:00:00,-9.1,88.0,0.0,19.4,1037.8,8.0
2026-01-19 08:00:00,-9.1,88.0,0.0,18.7,1037.8,8.0
2026-01-19 09:00:00,-9.1,88.0,0.0,21.6,1038.2,8.0
2026-01-19 10:00:00,-9.1,88.0,0.0,22.0,1038.5,8.0
2026-01-19 11:00:00,-9.0,86.0,0.0,19.8,1038.4,8.0
2026-01-19 12:00:00,-8.8,86.0,0.0,19.1,1037.8,8.0
2026-01-19 13:00:00,-8.6,86.0,0.0,19.8,1037.4,8.0
2026-01-19 14:00:00,-8.7,86.0,0.0,19.1,1037.3,7.0
2026-01-19 15:00:00,-8.8,87.0,0.0,16.9,1037.2,6.0
2026-01-19 16:00:00,-9.6,88.0,0.0,15.1,1037.1,1.0
2026-01-19 17:00:00,-10.5,88.0,0.0,14.8,1036.9,0.0
2026-01-19 18:00:00,-11.2,86.0,0.0,15.5,1036.8,0.0
2026-01-19 19:00:00,-11.9,85.0,0.0,15.5,1036.7,0.0
2026-01-19 20:00:00,-12.5,83.0,0.0,15.5,1036.7,0.0
2026-01-19 21:00:00,-13.0,84.0,0.0,14.4,1036.5,0.0
2026-01-19 22:00:00,-13.5,85.0,0.0,14.0,1036.6,4.0
2026-01-19 23:00:00,-13.6,87.0,0.0,14.0,1036.4,8.0
2026-01-20 00:00:00,-12.6,91.0,0.0,14.0,1036.1,8.0
2026-01-20 01:00:00,-11.5,93.0,0.0,13.7,1036.0,8.0
2026-01-20 02:00:00,-10.3,94.0,0.0,12.6,1035.1,8.0
2026-01-20 03:00:00,-9.7,93.0,0.0,10.8,1034.6,8.0
2026-01-20 04:00:00,-9.1,92.0,0.0,10.1,1034.0,8.0
2026-01-20 05:00:00,-8.8,91.0,0.0,9.0,1033.7,8.0
2026-01-20 06:00:00,-8.7,90.0,0.0,10.1,1033.6,8.0
2026-01-20 07:00:00,-8.6,90.0,0.0,10.1,1033.4,8.0
2026-01-20 08:00:00,-8.6,89.0,0.0,10.1,1033.3,8.0
2026-01-20 09:00:00,-8.5,87.0,0.0,11.9,1033.2,8.0
2026-01-20 10:00:00,-8.3,86.0,0.0,11.9,1033.1,8.0
2026-01-20 11:00:00,-8.3,86.0,0.0,11.9,1033.1,8.0
2026-01-20 12:00:00,-8.3,86.0,0.0,12.2,1032.8,8.0
2026-01-20 13:00:00,-8.4,87.0,0.0,11.9,1032.2,8.0
2026-01-20 14:00:00,-8.5,87.0,0.0,11.5,1032.1,8.0
2026-01-20 15:00:00,-8.6,86.0,0.0,11.2,1031.8,8.0
2026-01-20 16:00:00,-8.8,86.0,0.0,11.2,1031.6,8.0
2026-01-20 17:00:00,-9.0,87.0,0.0,10.1,1031.5,8.0
2026-01-20 18:00:00,-9.1,88.0,0.0,9.4,1031.6,8.0
2026-01-20 19:00:00,-9.3,88.0,0.0,8.3,1031.5,8.0
2026-01-20 20:00:00,-9.3,88.0,0.0,7.6,1031.2,8.0
2026-01-20 21:00:00,-9.4,88.0,0.0,5.8,1030.8,8.0
2026-01-20 22:00:00,-9.6,89.0,0.0,5.0,1030.5,8.0
2026-01-20 23:00:00,-9.7,90.0,0.0,4.7,1030.3,8.0
2026-01-21 00:00:00,-9.1,89.0,0.0,8.3,1029.8,8.0
2026-01-21 01:00:00,-9.3,89.0,0.0,7.6,1029.3,8.0
2026-01-21 02:00:00,-9.4,90.0,0.0,7.9,1028.9,8.0
2026-01-21 03:00:00,-9.7,90.0,0.0,9.4,1028.6,8.0
2026-01-21 04:00:00,-9.6,90.0,0.0,10.8,1028.2,8.0
2026-01-21 05:00:00,-9.8,91.0,0.0,10.8,1028.0,8.0
2026-01-21 06:00:00,-10.0,92.0,0.0,11.2,1027.5,8.0
2026-01-21 07:00:00,-10.1,92.0,0.0,8.6,1027.3,8.0
2026-01-21 08:00:00,-10.2,92.0,0.0,9.4,1027.2,8.0
2026-01-21 09:00:00,-9.9,92.0,0.0,10.8,1027.2,8.0
2026-01-21 10:00:00,-9.5,91.0,0.0,11.9,1027.2,8.0
2026-01-21 11:00:00,-8.9,90.0,0.0,10.8,1026.9,8.0
2026-01-21 12:00:00,-8.0,89.0,0.0,11.5,1026.0,8.0
2026-01-21 13:00:00,-7.1,90.0,0.0,13.3,1025.2,8.0
2026-01-21 14:00:00,-6.6,91.0,0.0,15.5,1024.7,8.0
2026-01-21 15:00:00,-6.5,92.0,0.0,14.4,1024.5,8.0
2026-01-21 16:00:00,-6.6,92.0,0.0,11.9,1024.2,8.0
2026-01-21 17:00:00,-7.1,93.0,0.0,10.1,1023.9,8.0
2026-01-21 18:00:00,-7.7,93.0,0.0,10.1,1023.8,7.0
2026-01-21 19:00:00,-8.8,94.0,0.0,10.4,1023.7,7.0
2026-01-21 20:00:00,-9.2,94.0,0.0,8.3,1023.3,8.0
2026-01-21 21:00:00,-4.9,95.0,0.0,10.1,1022.2,8.0
2026-01-21 22:00:00,-4.9,94.0,0.0,11.2,1022.3,8.0
2026-01-21 23:00:00,-4.8,94.0,0.0,11.5,1022.3,8.0
2026-01-22 00:00:00,-5.2,95.0,0.0,8.3,1021.7,8.0
2026-01-22 01:00:00,-5.3,95.0,0.0,3.6,1021.2,8.0
2026-01-22 02:00:00,-5.3,95.0,0.0,6.1,1020.6,8.0
2026-01-22 03:00:00,-5.0,95.0,0.0,7.9,1020.0,8.0
2026-01-22 04:00:00,-4.9,95.0,0.0,9.4,1019.4,8.0
2026-01-22 05:00:00,-4.9,96.0,0.0,10.4,1019.0,8.0
2026-01-22 06:00:00,-5.1,96.0,0.0,12.6,1018.6,8.0
2026-01-22 07:00:00,-5.5,96.0,0.0,13.7,1018.6,8.0
2026-01-22 08:00:00,-6.0,95.0,0.0,14.4,1018.6,8.0
2026-01-22 09:00:00,-6.0,94.0,0.0,14.0,1018.4,8.0
2026-01-22 10:00:00,-5.5,94.0,0.0,14.0,1017.9,8.0
2026-01-22 11:00:00,-4.5,93.0,0.0,13.7,1017.0,8.0
2026-01-22 12:00:00,-3.4,93.0,0.0,12.2,1016.4,8.0
2026-01-22 13:00:00,-2.5,93.0,0.0,14.0,1015.6,8.0
2026-01-22 14:00:00,-1.7,94.0,0.0,16.2,1014.8,8.0
2026-01-22 15:00:00,-1.0,94.0,0.0,15.5,1014.1,8.0
2026-01-22 16:00:00,-0.9,95.0,0.0,11.9,1013.9,8.0
2026-01-22 17:00:00,-1.5,96.0,0.0,13.3,1013.8,8.0
2026-01-22 18:00:00,-1.9,95.0,0.0,14.8,1013.7,8.0
2026-01-22 19:00:00,-2.0,94.0,0.0,16.9,1013.9,8.0
2026-01-22 20:00:00,-2.2,94.0,0.0,17.6,1013.7,8.0
2026-01-22 21:00:00,-2.5,94.0,0.0,18.0,1013.4,8.0
2026-01-22 22:00:00,-2.8,94.0,0.0,18.0,1013.3,8.0
2026-01-22 23:00:00,-3.2,94.0,0.0,18.4,1013.2,8.0
2026-01-23 00:00:00,-3.5,93.0,0.0,17.6,1012.9,8.0
2026-01-23 01:00:00,-3.8,92.0,0.0,18.0,1012.4,8.0
2026-01-23 02:00:00,-4.0,91.0,0.0,19.1,1012.5,8.0
2026-01-23 03:00:00,-4.1,91.0,0.0,18.7,1012.3,8.0
2026-01-23 04:00:00,-4.8,91.0,0.0,19.1,1012.2,8.0
2026-01-23 05:00:00,-5.3,92.0,0.0,19.1,1012.1,8.0
2026-01-23 06:00:00,-5.8,91.0,0.0,18.7,1012.0,8.0
2026-01-23 07:00:00,-6.2,90.0,0.0,19.4,1012.3,8.0
2026-01-23 08:00:00,-6.5,89.0,0.0,20.2,1012.5,8.0
2026-01-23 09:00:00,-6.3,88.0,0.0,20.5,1012.7,8.0
2026-01-23 10:00:00,-5.7,88.0,0.0,20.2,1012.5,8.0
2026-01-23 11:00:00,-5.3,88.0,0.0,19.4,1012.5,8.0
2026-01-23 12:00:00,-4.9,89.0,0.0,19.4,1012.1,8.0
2026-01-23 13:00:00,-4.4,88.0,0.0,19.4,1011.9,8.0
2026-01-23 14:00:00,-4.2,88.0,0.0,19.1,1011.9,8.0
2026-01-23 15:00:00,-4.3,89.0,0.0,18.4,1012.1,8.0
2026-01-23 16:00:00,-4.6,91.0,0.0,16.6,1012.3,8.0
2026-01-23 17:00:00,-5.3,91.0,0.0,18.7,1013.3,8.0
2026-01-23 18:00:00,-5.5,90.0,0.0,17.6,1013.6,8.0
2026-01-23 19:00:00,-5.7,90.0,0.0,18.0,1013.8,8.0
2026-01-23 20:00:00,-5.9,89.0,0.0,18.4,1013.8,8.0
2026-01-23 21:00:00,-6.0,89.0,0.0,18.0,1014.0,8.0
2026-01-23 22:00:00,-6.1,89.0,0.0,16.9,1014.4,8.0
2026-01-23 23:00:00,-6.1,89.0,0.2,16.9,1014.7,8.0
2026-01-24 00:00:00,-6.3,89.0,0.2,16.9,1014.7,8.0
2026-01-24 01:00:00,-6.4,89.0,0.1,16.6,1014.6,8.0
2026-01-24 02:00:00,-6.4,89.0,0.0,15.8,1014.8,8.0
2026-01-24 03:00:00,-6.5,88.0,0.0,15.5,1014.9,8.0
2026-01-24 04:00:00,-6.5,88.0,0.0,15.8,1014.9,8.0
2026-01-24 05:00:00,-6.6,88.0,0.0,15.8,1015.0,8.0
2026-01-24 06:00:00,-6.7,88.0,0.0,15.5,1015.0,8.0
2026-01-24 07:00:00,-6.8,88.0,0.0,14.8,1015.3,8.0
2026-01-24 08:00:00,-6.9,88.0,0.0,15.5,1015.8,8.0
2026-01-24 09:00:00,-6.9,88.0,0.0,16.6,1016.0,8.0
2026-01-24 10:00:00,-6.6,88.0,0.0,17.3,1016.3,8.0
2026-01-24 11:00:00,-6.3,87.0,0.0,16.6,1016.6,8.0
2026-01-24 12:00:00,-5.9,88.0,0.0,15.8,1016.7,8.0
2026-01-24 13:00:00,-5.6,88.0,0.0,15.5,1016.8,8.0
2026-01-24 14:00:00,-5.5,88.0,0.0,15.5,1017.0,8.0
2026-01-24 15:00:00,-6.4,88.0,0.0,15.8,1017.4,8.0
2026-01-24 16:00:00,-6.6,88.0,0.0,14.4,1017.8,8.0
2026-01-24 17:00:00,-7.1,89.0,0.1,12.2,1018.5,8.0
2026-01-24 18:00:00,-7.4,89.0,0.1,12.6,1018.9,8.0
2026-01-24 19:00:00,-7.7,88.0,0.0,12.2,1018.9,8.0
2026-01-24 20:00:00,-8.0,88.0,0.0,12.6,1019.3,8.0
2026-01-24 21:00:00,-8.3,88.0,0.0,11.2,1019.8,8.0
2026-01-24 22:00:00,-8.4,87.0,0.0,11.5,1020.0,7.0
2026-01-24 23:00:00,-8.5,87.0,0.0,11.9,1020.2,8.0
2026-01-25 00:00:00,-8.4,87.0,0.0,10.1,1020.5,5.0
2026-01-25 01:00:00,-8.5,87.0,0.0,9.4,1020.8,8.0
2026-01-25 02:00:00,-9.0,88.0,0.0,9.7,1020.9,7.0
2026-01-25 03:00:00,-9.6,89.0,0.0,7.2,1021.4,8.0
2026-01-25 04:00:00,-9.7,89.0,0.0,9.0,1021.5,7.0
2026-01-25 05:00:00,-10.0,90.0,0.0,10.4,1021.5,8.0
2026-01-25 06:00:00,-10.1,89.0,0.0,10.4,1021.5,7.0
2026-01-25 07:00:00,-10.0,89.0,0.0,10.1,1022.0,7.0
2026-01-25 08:00:00,-9.8,88.0,0.0,9.7,1022.6,8.0
2026-01-25 09:00:00,-9.1,86.0,0.0,10.4,1022.9,8.0
2026-01-25 10:00:00,-8.5,85.0,0.0,10.1,1023.0,8.0
2026-01-25 11:00:00,-7.9,84.0,0.1,9.4,1023.4,8.0
2026-01-25 12:00:00,-7.4,85.0,0.2,9.0,1023.4,8.0
2026-01-25 13:00:00,-5.8,89.0,0.4,8.3,1022.5,8.0
2026-01-25 14:00:00,-5.5,89.0,0.0,8.3,1022.6,8.0
2026-01-25 15:00:00,-5.4,90.0,0.0,9.4,1022.8,8.0
2026-01-25 16:00:00,-5.5,90.0,0.0,10.1,1022.9,8.0
2026-01-25 17:00:00,-5.7,91.0,0.0,11.2,1023.3,8.0
2026-01-25 18:00:00,-5.8,91.0,0.0,12.2,1023.2,8.0
2026-01-25 19:00:00,-5.8,92.0,0.0,10.4,1023.7,8.0
2026-01-25 20:00:00,-5.8,91.0,0.0,11.5,1023.7,8.0
2026-01-25 21:00:00,-5.7,91.0,0.0,11.5,1024.1,8.0
2026-01-25 22:00:00,-5.8,92.0,0.0,13.3,1024.0,8.0
2026-01-25 23:00:00,-5.7,92.0,0.0,14.0,1023.9,8.0
2026-01-26 00:00:00,-5.8,92.0,0.0,13.7,1024.2,8.0
2026-01-26 01:00:00,-5.8,91.0,0.0,14.4,1024.2,8.0
2026-01-26 02:00:00,-6.0,91.0,0.0,14.8,1024.2,8.0
2026-01-26 03:00:00,-7.0,90.0,0.0,15.1,1024.4,8.0
2026-01-26 04:00:00,-7.4,88.0,0.0,18.0,1024.2,8.0
2026-01-26 05:00:00,-7.9,87.0,0.0,18.7,1024.4,8.0
2026-01-26 06:00:00,-8.6,87.0,0.0,19.8,1024.3,8.0
2026-01-26 07:00:00,-9.2,88.0,0.0,19.4,1024.2,8.0
2026-01-26 08:00:00,-9.6,88.0,0.0,19.8,1024.2,8.0
2026-01-26 09:00:00,-9.6,87.0,0.0,22.3,1024.3,8.0
2026-01-26 10:00:00,-8.8,86.0,0.0,22.7,1024.2,8.0
2026-01-26 11:00:00,-8.0,87.0,0.0,24.5,1023.3,8.0
2026-01-26 12:00:00,-7.1,88.0,0.0,23.4,1022.6,8.0
2026-01-26 13:00:00,-6.3,89.0,0.0,23.0,1022.3,8.0
2026-01-26 14:00:00,-6.1,89.0,0.0,22.3,1022.1,8.0
2026-01-26 15:00:00,-6.4,88.0,0.0,22.3,1021.9,8.0
2026-01-26 16:00:00,-6.9,89.0,0.0,23.0,1021.8,8.0
2026-01-26 17:00:00,-7.7,88.0,0.0,26.3,1021.5,8.0
2026-01-26 18:00:00,-8.2,87.0,0.0,27.4,1021.3,8.0
2026-01-26 19:00:00,-8.7,88.0,0.0,24.8,1021.2,8.0
2026-01-26 20:00:00,-9.0,88.0,0.0,24.8,1020.9,8.0
2026-01-26 21:00:00,-9.3,89.0,0.0,25.9,1020.4,8.0
2026-01-26 22:00:00,-9.0,88.0,0.0,25.6,1019.7,8.0
2026-01-26 23:00:00,-8.8,89.0,0.0,25.9,1019.1,8.0
2026-01-27 00:00:00,-8.9,89.0,0.0,25.2,1018.4,8.0
2026-01-27 01:00:00,-9.0,89.0,0.0,24.1,1017.9,8.0
2026-01-27 02:00:00,-8.6,89.0,0.0,24.8,1017.4,8.0
2026-01-27 03:00:00,-8.1,90.0,0.0,23.4,1016.6,8.0
2026-01-27 04:00:00,-7.9,90.0,0.0,23.0,1016.0,8.0
2026-01-27 05:00:00,-7.8,90.0,0.0,23.8,1015.5,8.0
2026-01-27 06:00:00,-8.1,90.0,0.0,24.5,1014.8,8.0
2026-01-27 07:00:00,-8.2,89.0,0.0,23.4,1014.5,8.0
2026-01-27 08:00:00,-8.3,90.0,0.0,21.2,1013.0,8.0
2026-01-27 09:00:00,-7.7,90.0,0.0,22.3,1012.6,8.0
2026-01-27 10:00:00,-6.4,88.0,0.0,22.3,1012.2,8.0
2026-01-27 11:00:00,-5.5,87.0,0.0,24.1,1011.8,8.0
2026-01-27 12:00:00,-4.7,88.0,0.0,18.7,1010.9,8.0
2026-01-27 13:00:00,-3.9,88.0,0.0,16.2,1010.4,8.0
2026-01-27 14:00:00,-3.1,83.0,0.0,18.7,1010.5,8.0
2026-01-27 15:00:00,-2.8,84.0,0.0,17.6,1010.6,8.0
2026-01-27 16:00:00,-3.9,87.0,0.0,15.8,1010.5,1.0
2026-01-27 17:00:00,-5.0,89.0,0.0,15.5,1009.8,8.0
2026-01-27 18:00:00,-5.3,90.0,0.0,14.8,1009.9,6.0
2026-01-27 19:00:00,-5.2,90.0,0.0,15.1,1009.8,3.0
2026-01-27 20:00:00,-4.8,90.0,0.0,14.8,1009.5,3.0
2026-01-27 21:00:00,-4.8,91.0,0.0,13.0,1009.4,1.0
2026-01-27 22:00:00,-4.8,92.0,0.0,12.2,1009.6,0.0
2026-01-27 23:00:00,-4.7,94.0,0.0,11.9,1009.7,0.0
2026-01-28 00:00:00,-4.3,94.0,0.0,11.2,1009.5,1.0
2026-01-28 01:00:00,-3.7,95.0,0.0,11.5,1009.3,0.0
2026-01-28 02:00:00,-2.9,96.0,0.0,13.0,1009.5,7.0
2026-01-28 03:00:00,-1.8,97.0,0.0,13.0,1009.1,8.0
2026-01-28 04:00:00,-1.2,97.0,0.0,13.0,1009.1,8.0
2026-01-28 05:00:00,-1.2,97.0,0.0,13.0,1009.0,6.0
2026-01-28 06:00:00,1.2,100.0,0.0,11.9,1008.9,8.0
2026-01-28 07:00:00,1.3,100.0,0.0,14.0,1008.8,8.0
2026-01-28 08:00:00,1.3,100.0,0.0,15.8,1008.8,8.0
2026-01-28 09:00:00,1.4,100.0,0.0,14.8,1008.9,8.0
2026-01-28 10:00:00,1.6,99.0,0.0,14.0,1008.7,8.0
2026-01-28 11:00:00,2.2,96.0,0.0,12.6,1008.6,5.0
2026-01-28 12:00:00,2.7,94.0,0.0,10.4,1008.1,7.0
2026-01-28 13:00:00,3.1,92.0,0.0,9.7,1007.1,1.0
2026-01-28 14:00:00,3.4,90.0,0.0,9.7,1006.6,0.0
2026-01-28 15:00:00,3.4,89.0,0.0,9.7,1006.4,0.0
2026-01-28 16:00:00,2.7,91.0,0.0,9.4,1006.4,0.0
2026-01-28 17:00:00,1.8,92.0,0.0,9.4,1006.6,0.0
2026-01-28 18:00:00,1.3,94.0,0.0,9.0,1006.5,0.0
2026-01-28 19:00:00,0.8,97.0,0.0,9.7,1006.3,8.0
2026-01-28 20:00:00,1.3,98.0,0.0,12.2,1006.2,8.0
2026-01-28 21:00:00,1.5,98.0,0.0,12.6,1006.3,8.0
2026-01-28 22:00:00,1.4,98.0,0.0,13.7,1006.8,8.0
2026-01-28 23:00:00,1.7,100.0,0.0,15.1,1007.1,8.0
2026-01-29 00:00:00,1.7,100.0,0.0,14.8,1006.9,8.0
2026-01-29 01:00:00,1.6,100.0,0.0,13.0,1006.9,8.0
2026-01-29 02:00:00,1.5,100.0,0.0,11.5,1006.9,8.0
2026-01-29 03:00:00,1.5,100.0,0.0,13.3,1006.6,8.0
2026-01-29 04:00:00,2.0,100.0,0.0,14.4,1006.5,8.0
2026-01-29 05:00:00,2.1,100.0,0.0,16.9,1006.1,8.0
2026-01-29 06:00:00,2.3,100.0,0.0,18.7,1005.8,8.0
2026-01-29 07:00:00,2.5,100.0,0.0,16.6,1005.4,8.0
2026-01-29 08:00:00,2.5,100.0,0.7,19.1,1005.5,8.0
2026-01-29 09:00:00,2.9,100.0,0.0,19.1,1005.7,8.0
2026-01-29 10:00:00,2.9,100.0,0.5,18.7,1005.8,8.0
2026-01-29 11:00:00,3.4,98.0,0.0,18.4,1005.5,8.0
2026-01-29 12:00:00,3.6,97.0,0.0,18.4,1004.8,8.0
2026-01-29 13:00:00,4.4,95.0,0.0,16.6,1004.1,8.0
2026-01-29 14:00:00,4.0,96.0,0.4,13.0,1003.6,8.0
2026-01-29 15:00:00,3.6,96.0,1.3,12.2,1003.8,8.0
2026-01-29 16:00:00,3.9,96.0,1.4,13.7,1003.6,8.0
2026-01-29 17:00:00,3.9,96.0,1.4,15.1,1003.5,8.0
2026-01-29 18:00:00,3.6,97.0,1.1,14.8,1003.3,8.0
2026-01-29 19:00:00,3.5,97.0,0.6,13.3,1003.1,8.0
2026-01-29 20:00:00,3.4,97.0,0.0,11.5,1003.0,8.0
2026-01-29 21:00:00,3.2,97.0,0.2,11.5,1003.1,8.0
2026-01-29 22:00:00,3.0,97.0,0.3,10.4,1003.2,8.0
2026-01-29 23:00:00,2.9,97.0,0.2,11.9,1003.1,8.0
2026-01-30 00:00:00,2.9,97.0,0.0,10.8,1002.9,8.0
2026-01-30 01:00:00,2.7,98.0,0.3,10.1,1002.6,8.0
2026-01-30 02:00:00,2.6,98.0,1.2,10.8,1002.6,8.0
2026-01-30 03:00:00,2.6,98.0,1.5,10.4,1002.0,8.0
2026-01-30 04:00:00,2.5,98.0,0.4,10.8,1001.8,8.0
2026-01-30 05:00:00,2.6,98.0,0.3,11.2,1001.7,8.0
2026-01-30 06:00:00,2.5,98.0,0.7,11.9,1001.5,8.0
2026-01-30 07:00:00,2.5,97.0,0.7,10.1,1001.3,8.0
2026-01-30 08:00:00,2.6,97.0,1.1,9.7,1001.7,8.0
2026-01-30 09:00:00,2.8,98.0,1.2,10.4,1001.7,8.0
2026-01-30 10:00:00,3.3,98.0,1.0,8.6,1001.8,8.0
2026-01-30 11:00:00,3.6,97.0,0.5,9.4,1001.6,8.0
2026-01-30 12:00:00,3.9,97.0,0.3,9.7,1001.2,8.0
2026-01-30 13:00:00,4.7,96.0,0.4,10.8,1000.7,8.0
2026-01-30 14:00:00,5.0,96.0,0.2,10.1,1000.3,8.0
2026-01-30 15:00:00,5.1,96.0,0.0,10.8,1000.2,8.0
2026-01-30 16:00:00,4.4,97.0,0.1,11.9,1000.2,8.0
2026-01-30 17:00:00,3.6,97.0,0.4,12.6,1000.3,8.0
2026-01-30 18:00:00,3.1,97.0,0.6,13.0,1000.5,8.0
2026-01-30 19:00:00,2.7,97.0,0.5,13.7,1000.6,8.0
2026-01-30 20:00:00,2.3,97.0,0.2,14.4,1000.4,8.0
2026-01-30 21:00:00,1.6,97.0,0.0,14.8,1000.6,8.0
2026-01-30 22:00:00,1.5,97.0,0.0,16.2,1000.8,8.0
2026-01-30 23:00:00,1.2,97.0,0.0,16.9,1000.9,8.0
2026-01-31 00:00:00,1.5,97.0,0.0,17.6,1000.8,8.0
2026-01-31 01:00:00,1.4,97.0,0.1,18.4,1000.8,8.0
2026-01-31 02:00:00,1.4,97.0,0.2,19.4,1000.8,8.0
2026-01-31 03:00:00,1.2,98.0,0.2,19.1,1000.7,8.0
2026-01-31 04:00:00,1.1,98.0,0.4,18.7,1000.9,8.0
2026-01-31 05:00:00,0.6,98.0,0.7,19.8,1001.3,8.0
2026-01-31 06:00:00,0.1,98.0,0.9,19.8,1001.2,8.0
2026-01-31 07:00:00,-0.3,98.0,1.0,20.2,1001.2,8.0
2026-01-31 08:00:00,-0.6,98.0,0.7,20.2,1001.8,8.0
2026-01-31 09:00:00,-1.0,97.0,0.5,20.9,1002.3,8.0
2026-01-31 10:00:00,-1.4,96.0,0.8,22.7,1002.9,8.0
2026-01-31 11:00:00,-2.0,95.0,0.5,23.4,1003.3,8.0
2026-01-31 12:00:00,-2.3,91.0,0.2,24.1,1003.4,8.0
2026-01-31 13:00:00,-2.6,86.0,0.0,24.5,1003.7,8.0
2026-01-31 14:00:00,-3.2,83.0,0.0,25.2,1003.9,8.0
2026-01-31 15:00:00,-4.1,82.0,0.0,25.9,1004.5,8.0
2026-01-31 16:00:00,-5.1,82.0,0.0,26.3,1005.2,8.0
2026-01-31 17:00:00,-5.8,81.0,0.0,26.3,1005.9,8.0
2026-01-31 18:00:00,-6.4,80.0,0.0,26.6,1006.8,8.0
2026-01-31 19:00:00,-7.0,78.0,0.0,27.0,1007.4,8.0
2026-01-31 20:00:00,-7.4,77.0,0.0,27.0,1007.8,8.0
2026-02-01 02:00:00,-10.2,74.0,0.0,24.5,1011.6,8.0
